Workbook

Sheet Data_DBD
A1: Nama | B1: Usia | C1: Lama Rawat Inap | D1: Jumlah Kasus Perbulan | E1: Jenis Kelamin | F1: Terdeteksi
A2: Neni Sumetria | B2: 34 | C2: 3 | D2: 12 | E2: 0 | F2: 2
A3: Malki Amron | B3: 43 | C3: 3 | D3: 12 | E3: 1 | F3: 2
A4: Arifa Qyaratul | B4: 23 | C4: 5 | D4: 12 | E4: 0 | F4: 2
A5: Rezki Mhd | B5: 18 | C5: 2 | D5: 12 | E5: 1 | F5: 2
A6: Selfiolla | B6: 14 | C6: 4 | D6: 12 | E6: 0 | F6: 2
A7: M.Albiruni | B7: 12 | C7: 1 | D7: 12 | E7: 1 | F7: 2
A8: Yurika Azarine | B8: 4 | C8: 2 | D8: 12 | E8: 0 | F8: 2
A9: Rahmad Ihtiar | B9: 16 | C9: 6 | D9: 12 | E9: 1 | F9: 2
A10: Tiara Endiwa | B10: 18 | C10: 5 | D10: 12 | E10: 0 | F10: 2
A11: Boby | B11: 24 | C11: 5 | D11: 12 | E11: 1 | F11: 2
A12: Defi Putri | B12: 23 | C12: 3 | D12: 12 | E12: 0 | F12: 2
A13: Nini Efriza | B13: 47 | C13: 2 | D13: 12 | E13: 0 | F13: 2
... A29: Ade Sepriyanto | B29: 19 | C29: 2 | D29: 14 | E29: 1 | F29: 2
A30: Diendri Barakta | B30: 2,8 | C30: 2 | D30: 14 | E30: 1 | F30: 2
A31: Suwardi | B31: 64 | C31: 4 | D31: 14 | E31: 1 | F31: 2
A32: Emelya Nora | B32: 54 | C32: 4 | D32: 14 | E32: 0 | F32: 2
A33: Eosel Rizkia | B33: 19 | C33: 4 | D33: 14 | E33: 1 | F33: 2
A34: Warmaneti | B34: 55 | C34: 3 | D34: 14 | E34: 0 | F34: 2
A35: Yandril | B35: 40 | C35: 3 | D35: 4 | E35: 1 | F35: 1
A36: Romy Herina | B36: 27 | C36: 1 | D36: 4 | E36: 1 | F36: 1
A37: Ilham Saputra | B37: 28 | C37: 4 | D37: 4 | E37: 1 | F37: 1
A38: Berli Simanjuntak | B38: 52 | C38: 3 | D38: 4 | E38: 1 | F38: 1
A39: M. Hafiz | B39: 12 | C39: 5 | D39: 13 | E39: 1 | F39: 2
A40: Yusril | B40: 65 | C40: 3 | D40: 13 | E40: 1 | F40: 2
A41: Anggifa Fitria | B41: 8 | C41: 4 | D41: 13 | E41: 0 | F41: 2
A42: Abdul Fikri | B42: 21 | C42: 5 | D42: 13 | E42: 1 | F42: 2
... A164: Aprillia Khairunnisa | B164: 10 | C164: 6 | D164: 3 | E164: 0 | F164: 1

Sheet Pemilihan Fitur
A1: Random Sampling Data
A3: Usia | B3: =RAND() -> 0.60426065 | C3: =INDEX($A$3:$A$6,MATCH(LARGE($B$3:$B$6,ROW(Y1)),$B$3:$B$6,0)) -> Usia
A4: Lama Rawat Inap | B4: =RAND() -> 0.17187702 | C4: =INDEX($A$3:$A$6,MATCH(LARGE($B$3:$B$6,ROW(Y2)),$B$3:$B$6,0)) -> Jumlah Kasus Per Bulan
A5: Jenis Kelamin | B5: =RAND() -> 0.16804879
A6: Jumlah Kasus Per Bulan | B6: =RAND() -> 0.51980343 | D6: 9

Sheet Data Uji
A1: Usia | B1: Lama Rawat Inap | C1: Jumlah Kasus Perbulan | D1: Jenis Kelamin | E1: Tingkat Resiko
A2: 34 | B2: 3 | C2: 12 | D2: 0 | E2: 2
A3: 43 | B3: 3 | C3: 12 | D3: 1 | E3: 2
A4: 49 | B4: 4 | C4: 7 | D4: 1 | E4: 1
A5: 21 | B5: 2 | C5: 7 | D5: 0 | E5: 1
A6: 16 | B6: 2 | C6: 18 | D6: 1 | E6: 3
A7: 16 | B7: 2 | C7: 18 | D7: 1 | E7: 3
A8: 4 | B8: 2 | C8: 18 | D8: 1 | E8: 3
A9: 19 | B9: 6 | C9: 18 | D9: 0 | E9: 3
A10: 12 | B10: 3 | C10: 21 | D10: 1 | E10: 3
A11: 22 | B11: 3 | C11: 3 | D11: 1 | E11: 1

Sheet Data Latih
A1: Usia | B1: Lama Rawat Inap | C1: Jumlah Kasus Per Bulan | D1: Jenis Kelamin | E1: Tingkat Resiko
A2: 21 | B2: 5 | C2: 13 | D2: 1 | E2: Sedang
A3: 19 | B3: 2 | C3: 13 | D3: 0 | E3: Sedang
A4: 22 | B4: 4 | C4: 33 | D4: 0 | E4: Tinggi
A5: 59 | B5: 4 | C5: 15 | D5: 1 | E5: Sedang
A6: 25 | B6: 4 | C6: 33 | D6: 0 | E6: Tinggi
A7: 5 | B7: 2 | C7: 21 | D7: 0 | E7: Tinggi
A8: 35 | B8: 1 | C8: 15 | D8: 0 | E8: Sedang
A9: 16 | B9: 3 | C9: 21 | D9: 0 | E9: Tinggi
A10: 28 | B10: 3 | C10: 13 | D10: 1 | E10: Sedang
A11: 14 | B11: 4 | C11: 12 | D11: 0 | E11: Sedang
A12: 82 | B12: 5 | C12: 33 | D12: 1 | E12: Tinggi
A13: 13 | B13: 3 | C13: 33 | D13: 1 | E13: Tinggi
... A164: 24 | B164: 4 | C164: 10 | D164: 1 | E164: Sedang

Sheet Pohon 1
A1: No | B1: Usia | C1: Lama Rawat Inap | D1: Jumlah Kasus Per Bulan | E1: Jenis Kelamin | F1: Tingkat Resiko | H1: No | I1: Usia | J1: Lama Rawat Inap | K1: Jumlah Kasus Per Bulan | L1: Jenis Kelamin | M1: Tingkat Resiko | O1: Perhitungan root
A2: =RANDBETWEEN(2,164) -> 72 | B2: {=INDEX(Data_DBD!$B:$B,$A2)} -> 3 | C2: {=INDEX(Data_DBD!$C:$C,$A2)} -> 5 | D2: {=INDEX(Data_DBD!$D:$D,$A2)} -> 10 | E2: {=INDEX(Data_DBD!$E:$E,$A2)} -> 1 | F2: {=INDEX(Data_DBD!$F:$F,$A2)} -> 2 | H2: 39 | I2: 12 | J2: 5 | K2: 13 | L2: 1 | M2: 2 | O2: 1 | P2: =COUNTIF(M2:M164,"1") -> 6 | Q2: =P2/163 -> 0.036809816 | S2: Ket | T2: 1=Rendah
A3: =RANDBETWEEN(2,164) -> 73 | B3: {=INDEX(Data_DBD!$B:$B,$A3)} -> 15 | C3: {=INDEX(Data_DBD!$C:$C,$A3)} -> 3 | D3: {=INDEX(Data_DBD!$D:$D,$A3)} -> 10 | E3: {=INDEX(Data_DBD!$E:$E,$A3)} -> 1 | F3: {=INDEX(Data_DBD!$F:$F,$A3)} -> 2 | H3: 72 | I3: 3 | J3: 5 | K3: 10 | L3: 1 | M3: 2 | O3: 2 | P3: =COUNTIF(M2:M164,"2") -> 81 | Q3: =P3/163 -> 0.49693252 | T3: 2 = Sedang
A4: =RANDBETWEEN(2,164) -> 57 | B4: {=INDEX(Data_DBD!$B:$B,$A4)} -> 2 | C4: {=INDEX(Data_DBD!$C:$C,$A4)} -> 2 | D4: {=INDEX(Data_DBD!$D:$D,$A4)} -> 15 | E4: {=INDEX(Data_DBD!$E:$E,$A4)} -> 1 | F4: {=INDEX(Data_DBD!$F:$F,$A4)} -> 2 | H4: 135 | I4: 10 | J4: 2 | K4: 33 | L4: 0 | M4: 3 | O4: 3 | P4: =COUNTIF(M2:M164,"3") -> 76 | Q4: =P4/163 -> 0.46625767 | T4: 3 = Tinggi
A5: =RANDBETWEEN(2,164) -> 125 | B5: {=INDEX(Data_DBD!$B:$B,$A5)} -> 39 | C5: {=INDEX(Data_DBD!$C:$C,$A5)} -> 4 | D5: {=INDEX(Data_DBD!$D:$D,$A5)} -> 33 | E5: {=INDEX(Data_DBD!$E:$E,$A5)} -> 0 | F5: {=INDEX(Data_DBD!$F:$F,$A5)} -> 3 | H5: 74 | I5: 9 | J5: 4 | K5: 10 | L5: 0 | M5: 2 | O5: Entropy Root | P5: =-(IFERROR(Q2*LOG(Q2,2),0)+IFERROR(Q3*LOG(Q3,2),0)+IFERROR(Q4*LOG(Q4,2),0)) -> 1.1899544
A6: =RANDBETWEEN(2,164) -> 16 | B6: {=INDEX(Data_DBD!$B:$B,$A6)} -> 66 | C6: {=INDEX(Data_DBD!$C:$C,$A6)} -> 5 | D6: {=INDEX(Data_DBD!$D:$D,$A6)} -> 7 | E6: {=INDEX(Data_DBD!$E:$E,$A6)} -> 1 | F6: {=INDEX(Data_DBD!$F:$F,$A6)} -> 1 | H6: 78 | I6: 6 | J6: 3 | K6: 13 | L6: 0 | M6: 2
A7: =RANDBETWEEN(2,164) -> 49 | B7: {=INDEX(Data_DBD!$B:$B,$A7)} -> 64 | C7: {=INDEX(Data_DBD!$C:$C,$A7)} -> 5 | D7: {=INDEX(Data_DBD!$D:$D,$A7)} -> 13 | E7: {=INDEX(Data_DBD!$E:$E,$A7)} -> 0 | F7: {=INDEX(Data_DBD!$F:$F,$A7)} -> 2 | H7: 94 | I7: 12 | J7: 4 | K7: 18 | L7: 0 | M7: 3
A8: =RANDBETWEEN(2,164) -> 14 | B8: {=INDEX(Data_DBD!$B:$B,$A8)} -> 49 | C8: {=INDEX(Data_DBD!$C:$C,$A8)} -> 4 | D8: {=INDEX(Data_DBD!$D:$D,$A8)} -> 7 | E8: {=INDEX(Data_DBD!$E:$E,$A8)} -> 1 | F8: {=INDEX(Data_DBD!$F:$F,$A8)} -> 1 | H8: 124 | I8: 24 | J8: 3 | K8: 33 | L8: 1 | M8: 3
A9: =RANDBETWEEN(2,164) -> 157 | B9: {=INDEX(Data_DBD!$B:$B,$A9)} -> 15 | C9: {=INDEX(Data_DBD!$C:$C,$A9)} -> 4 | D9: {=INDEX(Data_DBD!$D:$D,$A9)} -> 21 | E9: {=INDEX(Data_DBD!$E:$E,$A9)} -> 1 | F9: {=INDEX(Data_DBD!$F:$F,$A9)} -> 3 | H9: 63 | I9: 25 | J9: 3 | K9: 15 | L9: 0 | M9: 2
A10: =RANDBETWEEN(2,164) -> 40 | B10: {=INDEX(Data_DBD!$B:$B,$A10)} -> 65 | C10: {=INDEX(Data_DBD!$C:$C,$A10)} -> 3 | D10: {=INDEX(Data_DBD!$D:$D,$A10)} -> 13 | E10: {=INDEX(Data_DBD!$E:$E,$A10)} -> 1 | F10: {=INDEX(Data_DBD!$F:$F,$A10)} -> 2 | G10: = | H10: 70 | I10: 26 | J10: 3 | K10: 10 | L10: 1 | M10: 2
A11: =RANDBETWEEN(2,164) -> 74 | B11: {=INDEX(Data_DBD!$B:$B,$A11)} -> 9 | C11: {=INDEX(Data_DBD!$C:$C,$A11)} -> 4 | D11: {=INDEX(Data_DBD!$D:$D,$A11)} -> 10 | E11: {=INDEX(Data_DBD!$E:$E,$A11)} -> 0 | F11: {=INDEX(Data_DBD!$F:$F,$A11)} -> 2 | H11: 29 | I11: 19 | J11: 2 | K11: 14 | L11: 1 | M11: 2
A12: =RANDBETWEEN(2,164) -> 163 | B12: {=INDEX(Data_DBD!$B:$B,$A12)} -> 34 | C12: {=INDEX(Data_DBD!$C:$C,$A12)} -> 4 | D12: {=INDEX(Data_DBD!$D:$D,$A12)} -> 3 | E12: {=INDEX(Data_DBD!$E:$E,$A12)} -> 1 | F12: {=INDEX(Data_DBD!$F:$F,$A12)} -> 1 | H12: 146 | I12: 34 | J12: 2 | K12: 21 | L12: 1 | M12: 3
A13: =RANDBETWEEN(2,164) -> 51 | B13: {=INDEX(Data_DBD!$B:$B,$A13)} -> 48 | C13: {=INDEX(Data_DBD!$C:$C,$A13)} -> 4 | D13: {=INDEX(Data_DBD!$D:$D,$A13)} -> 13 | E13: {=INDEX(Data_DBD!$E:$E,$A13)} -> 0 | F13: {=INDEX(Data_DBD!$F:$F,$A13)} -> 2 | H13: 4 | I13: 23 | J13: 5 | K13: 12 | L13: 0 | M13: 2
A14: =RANDBETWEEN(2,164) -> 52 | B14: {=INDEX(Data_DBD!$B:$B,$A14)} -> 59 | C14: {=INDEX(Data_DBD!$C:$C,$A14)} -> 4 | D14: {=INDEX(Data_DBD!$D:$D,$A14)} -> 15 | E14: {=INDEX(Data_DBD!$E:$E,$A14)} -> 1 | F14: {=INDEX(Data_DBD!$F:$F,$A14)} -> 2 | H14: 121 | I14: 82 | J14: 5 | K14: 33 | L14: 1 | M14: 3
A15: =RANDBETWEEN(2,164) -> 98 | B15: {=INDEX(Data_DBD!$B:$B,$A15)} -> 16 | C15: {=INDEX(Data_DBD!$C:$C,$A15)} -> 2 | D15: {=INDEX(Data_DBD!$D:$D,$A15)} -> 18 | E15: {=INDEX(Data_DBD!$E:$E,$A15)} -> 1 | F15: {=INDEX(Data_DBD!$F:$F,$A15)} -> 3 | H15: 53 | I15: 35 | J15: 4 | K15: 15 | L15: 1 | M15: 2
A16: =RANDBETWEEN(2,164) -> 119 | B16: {=INDEX(Data_DBD!$B:$B,$A16)} -> 30 | C16: {=INDEX(Data_DBD!$C:$C,$A16)} -> 7 | D16: {=INDEX(Data_DBD!$D:$D,$A16)} -> 33 | E16: {=INDEX(Data_DBD!$E:$E,$A16)} -> 0 | F16: {=INDEX(Data_DBD!$F:$F,$A16)} -> 3 | H16: 127 | I16: 21 | J16: 2 | K16: 33 | L16: 0 | M16: 3
A17: =RANDBETWEEN(2,164) -> 133 | B17: {=INDEX(Data_DBD!$B:$B,$A17)} -> 6 | C17: {=INDEX(Data_DBD!$C:$C,$A17)} -> 4 | D17: {=INDEX(Data_DBD!$D:$D,$A17)} -> 33 | E17: {=INDEX(Data_DBD!$E:$E,$A17)} -> 0 | F17: {=INDEX(Data_DBD!$F:$F,$A17)} -> 3 | H17: 52 | I17: 59 | J17: 4 | K17: 15 | L17: 1 | M17: 2
A18: =RANDBETWEEN(2,164) -> 123 | B18: {=INDEX(Data_DBD!$B:$B,$A18)} -> 22 | C18: {=INDEX(Data_DBD!$C:$C,$A18)} -> 4 | D18: {=INDEX(Data_DBD!$D:$D,$A18)} -> 33 | E18: {=INDEX(Data_DBD!$E:$E,$A18)} -> 0 | F18: {=INDEX(Data_DBD!$F:$F,$A18)} -> 3 | H18: 88 | I18: 20 | J18: 4 | K18: 13 | L18: 1 | M18: 2
A19: =RANDBETWEEN(2,164) -> 114 | B19: {=INDEX(Data_DBD!$B:$B,$A19)} -> 14 | C19: {=INDEX(Data_DBD!$C:$C,$A19)} -> 2 | D19: {=INDEX(Data_DBD!$D:$D,$A19)} -> 33 | E19: {=INDEX(Data_DBD!$E:$E,$A19)} -> 1 | F19: {=INDEX(Data_DBD!$F:$F,$A19)} -> 3 | H19: 86 | I19: 23 | J19: 3 | K19: 13 | L19: 0 | M19: 2
A20: =RANDBETWEEN(2,164) -> 12 | B20: {=INDEX(Data_DBD!$B:$B,$A20)} -> 23 | C20: {=INDEX(Data_DBD!$C:$C,$A20)} -> 3 | D20: {=INDEX(Data_DBD!$D:$D,$A20)} -> 12 | E20: {=INDEX(Data_DBD!$E:$E,$A20)} -> 0 | F20: {=INDEX(Data_DBD!$F:$F,$A20)} -> 2 | H20: 56 | I20: 4 | J20: 3 | K20: 15 | L20: 0 | M20: 2
A21: =RANDBETWEEN(2,164) -> 132 | B21: {=INDEX(Data_DBD!$B:$B,$A21)} -> 10 | C21: {=INDEX(Data_DBD!$C:$C,$A21)} -> 3 | D21: {=INDEX(Data_DBD!$D:$D,$A21)} -> 33 | E21: {=INDEX(Data_DBD!$E:$E,$A21)} -> 1 | F21: {=INDEX(Data_DBD!$F:$F,$A21)} -> 3 | H21: 114 | I21: 14 | J21: 2 | K21: 33 | L21: 1 | M21: 3
A22: =RANDBETWEEN(2,164) -> 77 | B22: {=INDEX(Data_DBD!$B:$B,$A22)} -> 16 | C22: {=INDEX(Data_DBD!$C:$C,$A22)} -> 4 | D22: {=INDEX(Data_DBD!$D:$D,$A22)} -> 13 | E22: {=INDEX(Data_DBD!$E:$E,$A22)} -> 1 | F22: {=INDEX(Data_DBD!$F:$F,$A22)} -> 2 | H22: 103 | I22: 22 | J22: 5 | K22: 18 | L22: 0 | M22: 3
... A49: =RANDBETWEEN(2,164) -> 144 | B49: {=INDEX(Data_DBD!$B:$B,$A49)} -> 61 | C49: {=INDEX(Data_DBD!$C:$C,$A49)} -> 4 | D49: {=INDEX(Data_DBD!$D:$D,$A49)} -> 21 | E49: {=INDEX(Data_DBD!$E:$E,$A49)} -> 1 | F49: {=INDEX(Data_DBD!$F:$F,$A49)} -> 3 | H49: 34 | I49: 55 | J49: 3 | K49: 14 | L49: 0 | M49: 2
A50: =RANDBETWEEN(2,164) -> 121 | B50: {=INDEX(Data_DBD!$B:$B,$A50)} -> 82 | C50: {=INDEX(Data_DBD!$C:$C,$A50)} -> 5 | D50: {=INDEX(Data_DBD!$D:$D,$A50)} -> 33 | E50: {=INDEX(Data_DBD!$E:$E,$A50)} -> 1 | F50: {=INDEX(Data_DBD!$F:$F,$A50)} -> 3 | H50: 30 | I50: 2,8 | J50: 2 | K50: 14 | L50: 1 | M50: 2
A51: =RANDBETWEEN(2,164) -> 61 | B51: {=INDEX(Data_DBD!$B:$B,$A51)} -> 29 | C51: {=INDEX(Data_DBD!$C:$C,$A51)} -> 3 | D51: {=INDEX(Data_DBD!$D:$D,$A51)} -> 15 | E51: {=INDEX(Data_DBD!$E:$E,$A51)} -> 1 | F51: {=INDEX(Data_DBD!$F:$F,$A51)} -> 2 | H51: 65 | I51: 49 | J51: 3 | K51: 15 | L51: 0 | M51: 2
A52: =RANDBETWEEN(2,164) -> 22 | B52: {=INDEX(Data_DBD!$B:$B,$A52)} -> 6 | C52: {=INDEX(Data_DBD!$C:$C,$A52)} -> 3 | D52: {=INDEX(Data_DBD!$D:$D,$A52)} -> 14 | E52: {=INDEX(Data_DBD!$E:$E,$A52)} -> 0 | F52: {=INDEX(Data_DBD!$F:$F,$A52)} -> 2 | H52: 34 | I52: 55 | J52: 3 | K52: 14 | L52: 0 | M52: 2
A53: =RANDBETWEEN(2,164) -> 75 | B53: {=INDEX(Data_DBD!$B:$B,$A53)} -> 2 | C53: {=INDEX(Data_DBD!$C:$C,$A53)} -> 2 | D53: {=INDEX(Data_DBD!$D:$D,$A53)} -> 10 | E53: {=INDEX(Data_DBD!$E:$E,$A53)} -> 1 | F53: {=INDEX(Data_DBD!$F:$F,$A53)} -> 2 | H53: 109 | I53: 40 | J53: 3 | K53: 33 | L53: 1 | M53: 3
A54: =RANDBETWEEN(2,164) -> 66 | B54: {=INDEX(Data_DBD!$B:$B,$A54)} -> 21 | C54: {=INDEX(Data_DBD!$C:$C,$A54)} -> 5 | D54: {=INDEX(Data_DBD!$D:$D,$A54)} -> 15 | E54: {=INDEX(Data_DBD!$E:$E,$A54)} -> 1 | F54: {=INDEX(Data_DBD!$F:$F,$A54)} -> 2 | H54: 101 | I54: 42 | J54: 5 | K54: 18 | L54: 0 | M54: 3
A55: =RANDBETWEEN(2,164) -> 44 | B55: {=INDEX(Data_DBD!$B:$B,$A55)} -> 28 | C55: {=INDEX(Data_DBD!$C:$C,$A55)} -> 5 | D55: {=INDEX(Data_DBD!$D:$D,$A55)} -> 13 | E55: {=INDEX(Data_DBD!$E:$E,$A55)} -> 1 | F55: {=INDEX(Data_DBD!$F:$F,$A55)} -> 2 | H55: 146 | I55: 34 | J55: 2 | K55: 21 | L55: 1 | M55: 3
A56: =RANDBETWEEN(2,164) -> 108 | B56: {=INDEX(Data_DBD!$B:$B,$A56)} -> 69 | C56: {=INDEX(Data_DBD!$C:$C,$A56)} -> 7 | D56: {=INDEX(Data_DBD!$D:$D,$A56)} -> 33 | E56: {=INDEX(Data_DBD!$E:$E,$A56)} -> 1 | F56: {=INDEX(Data_DBD!$F:$F,$A56)} -> 3 | H56: 127 | I56: 21 | J56: 2 | K56: 33 | L56: 0 | M56: 3
A57: =RANDBETWEEN(2,164) -> 37 | B57: {=INDEX(Data_DBD!$B:$B,$A57)} -> 28 | C57: {=INDEX(Data_DBD!$C:$C,$A57)} -> 4 | D57: {=INDEX(Data_DBD!$D:$D,$A57)} -> 4 | E57: {=INDEX(Data_DBD!$E:$E,$A57)} -> 1 | F57: {=INDEX(Data_DBD!$F:$F,$A57)} -> 1 | H57: 59 | I57: 28 | J57: 4 | K57: 15 | L57: 0 | M57: 2
A58: =RANDBETWEEN(2,164) -> 62 | B58: {=INDEX(Data_DBD!$B:$B,$A58)} -> 43 | C58: {=INDEX(Data_DBD!$C:$C,$A58)} -> 4 | D58: {=INDEX(Data_DBD!$D:$D,$A58)} -> 15 | E58: {=INDEX(Data_DBD!$E:$E,$A58)} -> 1 | F58: {=INDEX(Data_DBD!$F:$F,$A58)} -> 2 | H58: 13 | I58: 47 | J58: 2 | K58: 12 | L58: 0 | M58: 2
A59: =RANDBETWEEN(2,164) -> 123 | B59: {=INDEX(Data_DBD!$B:$B,$A59)} -> 22 | C59: {=INDEX(Data_DBD!$C:$C,$A59)} -> 4 | D59: {=INDEX(Data_DBD!$D:$D,$A59)} -> 33 | E59: {=INDEX(Data_DBD!$E:$E,$A59)} -> 0 | F59: {=INDEX(Data_DBD!$F:$F,$A59)} -> 3 | H59: 9 | I59: 16 | J59: 6 | K59: 12 | L59: 1 | M59: 2
A60: =RANDBETWEEN(2,164) -> 120 | B60: {=INDEX(Data_DBD!$B:$B,$A60)} -> 26 | C60: {=INDEX(Data_DBD!$C:$C,$A60)} -> 4 | D60: {=INDEX(Data_DBD!$D:$D,$A60)} -> 33 | E60: {=INDEX(Data_DBD!$E:$E,$A60)} -> 1 | F60: {=INDEX(Data_DBD!$F:$F,$A60)} -> 3 | H60: 126 | I60: 51 | J60: 3 | K60: 33 | L60: 1 | M60: 3
A61: =RANDBETWEEN(2,164) -> 62 | B61: {=INDEX(Data_DBD!$B:$B,$A61)} -> 43 | C61: {=INDEX(Data_DBD!$C:$C,$A61)} -> 4 | D61: {=INDEX(Data_DBD!$D:$D,$A61)} -> 15 | E61: {=INDEX(Data_DBD!$E:$E,$A61)} -> 1 | F61: {=INDEX(Data_DBD!$F:$F,$A61)} -> 2 | H61: 128 | I61: 38 | J61: 2 | K61: 33 | L61: 0 | M61: 3
A62: =RANDBETWEEN(2,164) -> 54 | B62: {=INDEX(Data_DBD!$B:$B,$A62)} -> 7 | C62: {=INDEX(Data_DBD!$C:$C,$A62)} -> 3 | D62: {=INDEX(Data_DBD!$D:$D,$A62)} -> 15 | E62: {=INDEX(Data_DBD!$E:$E,$A62)} -> 0 | F62: {=INDEX(Data_DBD!$F:$F,$A62)} -> 2 | H62: 103 | I62: 22 | J62: 5 | K62: 18 | L62: 0 | M62: 3
... A141: =RANDBETWEEN(2,164) -> 16 | B141: {=INDEX(Data_DBD!$B:$B,$A141)} -> 66 | C141: {=INDEX(Data_DBD!$C:$C,$A141)} -> 5 | D141: {=INDEX(Data_DBD!$D:$D,$A141)} -> 7 | E141: {=INDEX(Data_DBD!$E:$E,$A141)} -> 1 | F141: {=INDEX(Data_DBD!$F:$F,$A141)} -> 1 | H141: 5 | I141: 18 | J141: 2 | K141: 12 | L141: 1 | M141: 2
A142: =RANDBETWEEN(2,164) -> 105 | B142: {=INDEX(Data_DBD!$B:$B,$A142)} -> 61 | C142: {=INDEX(Data_DBD!$C:$C,$A142)} -> 3 | D142: {=INDEX(Data_DBD!$D:$D,$A142)} -> 18 | E142: {=INDEX(Data_DBD!$E:$E,$A142)} -> 1 | F142: {=INDEX(Data_DBD!$F:$F,$A142)} -> 3 | H142: 30 | I142: 2,8 | J142: 2 | K142: 14 | L142: 1 | M142: 2
A143: =RANDBETWEEN(2,164) -> 9 | B143: {=INDEX(Data_DBD!$B:$B,$A143)} -> 16 | C143: {=INDEX(Data_DBD!$C:$C,$A143)} -> 6 | D143: {=INDEX(Data_DBD!$D:$D,$A143)} -> 12 | E143: {=INDEX(Data_DBD!$E:$E,$A143)} -> 1 | F143: {=INDEX(Data_DBD!$F:$F,$A143)} -> 2 | H143: 72 | I143: 3 | J143: 5 | K143: 10 | L143: 1 | M143: 2
A144: =RANDBETWEEN(2,164) -> 158 | B144: {=INDEX(Data_DBD!$B:$B,$A144)} -> 5 | C144: {=INDEX(Data_DBD!$C:$C,$A144)} -> 2 | D144: {=INDEX(Data_DBD!$D:$D,$A144)} -> 21 | E144: {=INDEX(Data_DBD!$E:$E,$A144)} -> 0 | F144: {=INDEX(Data_DBD!$F:$F,$A144)} -> 3 | H144: 155 | I144: 19 | J144: 5 | K144: 21 | L144: 1 | M144: 3
A145: =RANDBETWEEN(2,164) -> 130 | B145: {=INDEX(Data_DBD!$B:$B,$A145)} -> 12 | C145: {=INDEX(Data_DBD!$C:$C,$A145)} -> 4 | D145: {=INDEX(Data_DBD!$D:$D,$A145)} -> 33 | E145: {=INDEX(Data_DBD!$E:$E,$A145)} -> 0 | F145: {=INDEX(Data_DBD!$F:$F,$A145)} -> 3 | H145: 66 | I145: 21 | J145: 5 | K145: 15 | L145: 1 | M145: 2
A146: =RANDBETWEEN(2,164) -> 63 | B146: {=INDEX(Data_DBD!$B:$B,$A146)} -> 25 | C146: {=INDEX(Data_DBD!$C:$C,$A146)} -> 3 | D146: {=INDEX(Data_DBD!$D:$D,$A146)} -> 15 | E146: {=INDEX(Data_DBD!$E:$E,$A146)} -> 0 | F146: {=INDEX(Data_DBD!$F:$F,$A146)} -> 2 | H146: 163 | I146: 34 | J146: 4 | K146: 3 | L146: 1 | M146: 1
A147: =RANDBETWEEN(2,164) -> 135 | B147: {=INDEX(Data_DBD!$B:$B,$A147)} -> 10 | C147: {=INDEX(Data_DBD!$C:$C,$A147)} -> 2 | D147: {=INDEX(Data_DBD!$D:$D,$A147)} -> 33 | E147: {=INDEX(Data_DBD!$E:$E,$A147)} -> 0 | F147: {=INDEX(Data_DBD!$F:$F,$A147)} -> 3 | H147: 55 | I147: 7 | J147: 4 | K147: 15 | L147: 1 | M147: 2
A148: =RANDBETWEEN(2,164) -> 54 | B148: {=INDEX(Data_DBD!$B:$B,$A148)} -> 7 | C148: {=INDEX(Data_DBD!$C:$C,$A148)} -> 3 | D148: {=INDEX(Data_DBD!$D:$D,$A148)} -> 15 | E148: {=INDEX(Data_DBD!$E:$E,$A148)} -> 0 | F148: {=INDEX(Data_DBD!$F:$F,$A148)} -> 2 | H148: 97 | I148: 16 | J148: 2 | K148: 18 | L148: 1 | M148: 3
A149: =RANDBETWEEN(2,164) -> 164 | B149: {=INDEX(Data_DBD!$B:$B,$A149)} -> 10 | C149: {=INDEX(Data_DBD!$C:$C,$A149)} -> 6 | D149: {=INDEX(Data_DBD!$D:$D,$A149)} -> 3 | E149: {=INDEX(Data_DBD!$E:$E,$A149)} -> 0 | F149: {=INDEX(Data_DBD!$F:$F,$A149)} -> 1 | H149: 161 | I149: 12 | J149: 3 | K149: 21 | L149: 1 | M149: 3
A150: =RANDBETWEEN(2,164) -> 77 | B150: {=INDEX(Data_DBD!$B:$B,$A150)} -> 16 | C150: {=INDEX(Data_DBD!$C:$C,$A150)} -> 4 | D150: {=INDEX(Data_DBD!$D:$D,$A150)} -> 13 | E150: {=INDEX(Data_DBD!$E:$E,$A150)} -> 1 | F150: {=INDEX(Data_DBD!$F:$F,$A150)} -> 2 | H150: 97 | I150: 16 | J150: 2 | K150: 18 | L150: 1 | M150: 3
A151: =RANDBETWEEN(2,164) -> 30 | B151: {=INDEX(Data_DBD!$B:$B,$A151)} -> 2,8 | C151: {=INDEX(Data_DBD!$C:$C,$A151)} -> 2 | D151: {=INDEX(Data_DBD!$D:$D,$A151)} -> 14 | E151: {=INDEX(Data_DBD!$E:$E,$A151)} -> 1 | F151: {=INDEX(Data_DBD!$F:$F,$A151)} -> 2 | H151: 127 | I151: 21 | J151: 2 | K151: 33 | L151: 0 | M151: 3
A152: =RANDBETWEEN(2,164) -> 58 | B152: {=INDEX(Data_DBD!$B:$B,$A152)} -> 17 | C152: {=INDEX(Data_DBD!$C:$C,$A152)} -> 3 | D152: {=INDEX(Data_DBD!$D:$D,$A152)} -> 15 | E152: {=INDEX(Data_DBD!$E:$E,$A152)} -> 0 | F152: {=INDEX(Data_DBD!$F:$F,$A152)} -> 2 | H152: 123 | I152: 22 | J152: 4 | K152: 33 | L152: 0 | M152: 3
A153: =RANDBETWEEN(2,164) -> 17 | B153: {=INDEX(Data_DBD!$B:$B,$A153)} -> 2 | C153: {=INDEX(Data_DBD!$C:$C,$A153)} -> 3 | D153: {=INDEX(Data_DBD!$D:$D,$A153)} -> 7 | E153: {=INDEX(Data_DBD!$E:$E,$A153)} -> 0 | F153: {=INDEX(Data_DBD!$F:$F,$A153)} -> 1 | H153: 27 | I153: 37 | J153: 4 | K153: 14 | L153: 1 | M153: 2
A154: =RANDBETWEEN(2,164) -> 56 | B154: {=INDEX(Data_DBD!$B:$B,$A154)} -> 4 | C154: {=INDEX(Data_DBD!$C:$C,$A154)} -> 3 | D154: {=INDEX(Data_DBD!$D:$D,$A154)} -> 15 | E154: {=INDEX(Data_DBD!$E:$E,$A154)} -> 0 | F154: {=INDEX(Data_DBD!$F:$F,$A154)} -> 2 | H154: 125 | I154: 39 | J154: 4 | K154: 33 | L154: 0 | M154: 3
... A164: =RANDBETWEEN(2,164) -> 12 | B164: {=INDEX(Data_DBD!$B:$B,$A164)} -> 23 | C164: {=INDEX(Data_DBD!$C:$C,$A164)} -> 3 | D164: {=INDEX(Data_DBD!$D:$D,$A164)} -> 12 | E164: {=INDEX(Data_DBD!$E:$E,$A164)} -> 0 | F164: {=INDEX(Data_DBD!$F:$F,$A164)} -> 2 | H164: 93 | I164: 65 | J164: 4 | K164: 18 | L164: 0 | M164: 3
I165: =AVERAGE(I2:I164) -> 31.369565 | J165: =AVERAGE(J2:J164) -> 3.6564417 | K165: =AVERAGE(K2:K164) -> 18.871166 | L165: =AVERAGE(L2:L164) -> 0.5398773
I166: =SUM(I2:I164) -> 5050.5 | J166: =SUM(J2:J164) -> 596 | K166: =SUM(K2:K164) -> 3076 | L166: =SUM(L2:L164) -> 88
B167: 8
E168: USIA | J168: LAMA RAWAT INAP | O168: JUMLAH KASUS PER BULAN | T168: JENIS KELAMIN
E169: Usia | F169: =AVERAGEIF($I$2:$I$164,"<="&$I$165) -> 16.809783 | G169: =AVERAGEIF($I$2:$I$164,">"&$I$165) -> 50.782609 | J169: Lama rawat inap | K169: =AVERAGEIF($J$2:$J$164,"<="&$J$165) -> 2.474359 | L169: =AVERAGEIF($J$2:$J$164,">"&$J$165) -> 4.7411765 | O169: Jumlah kasus perbulan | P169: =AVERAGEIF($K$2:$K$164,"<="&$K$165) -> 13.7 | Q169: =AVERAGEIF($K$2:$K$164,">"&$K$165) -> 29.603774 | T169: Jenis kelamin | U169: =AVERAGEIF($L$2:$L$164,"<="&$L$165) -> 0 | V169: =AVERAGEIF($L$2:$L$164,">"&$L$165) -> 1
E170: {=IF($I$2:$I$164<$F$169,"kiri",IF($I$2:$I$164<$G$169,"tengah","kanan"))} -> kiri | F170: Kanan > 50.7 | J170: {=IF($J$2:$J$164<$K$169,"kiri",IF($J$2:$J$164<$L$169,"tengah","kanan"))} -> kanan | K170: Kanan > 4.74 | O170: {=IF($K$2:$K$164<$P$169,"kiri",IF($K$2:$K$164<$Q$169,"tengah","kanan"))} -> kiri | P170: Kanan > 29.6 | T170: {=IF($L$2:$L$164<$U$169,"kiri",IF($L$2:$L$164<$V$169,"tengah","kanan"))} -> kanan | U170: Kanan > 1
E171: kiri | F171: =COUNTIFS($E$170:$E$332,"Kanan",$M$2:$M$164,"1") -> 1 | G171: =F171/34 -> 0.029411765 | J171: kanan | K171: {=SUMPRODUCT((J170:J332="Kanan")*(M2:M164=1))} -> 1 | L171: =K171/40 -> 0.025 | O171: kiri | P171: =COUNTIFS($O$170:$O$332,"Kanan",$M$2:$M$164,"1") -> 0 | Q171: =P171/38 -> 0 | T171: kanan | U171: =COUNTIFS($T$170:$T$332,"Kanan",$M$2:$M$164,"1") -> 4 | V171: =U171/88 -> 0.045454545
E172: kiri | F172: =COUNTIFS($E$170:$E$332,"Kanan",$M$2:$M$164,"2") -> 14 | G172: =F172/34 -> 0.41176471 | J172: kiri | K172: =COUNTIFS($J$170:$J$332,"Kanan",$M$2:$M$164,"2") -> 14 | L172: =K172/40 -> 0.35 | O172: kanan | P172: =COUNTIFS($O$170:$O$332,"Kanan",$M$2:$M$164,"2") -> 0 | Q172: =P172/38 -> 0 | T172: tengah | U172: =COUNTIFS($T$170:$T$332,"Kanan",$M$2:$M$164,"2") -> 44 | V172: =U172/88 -> 0.5
E173: kiri | F173: {=SUMPRODUCT((E170:E332="KANAN")*(M2:M164=3))} -> 19 | G173: =F173/34 -> 0.55882353 | J173: tengah | K173: =COUNTIFS($J$170:$J$332,"Kanan",$M$2:$M$164,"3") -> 25 | L173: =K173/40 -> 0.625 | O173: kiri | P173: =COUNTIFS($O$170:$O$332,"Kanan",$M$2:$M$164,"3") -> 38 | Q173: =P173/38 -> 1 | T173: tengah | U173: =COUNTIFS($T$170:$T$332,"Kanan",$M$2:$M$164,"3") -> 40 | V173: =U173/88 -> 0.45454545
E174: kiri | F174: Entropy | G174: =-(IFERROR(G171*LOG(G171,2),0)+IFERROR(G172*LOG(G172,2),0)+IFERROR(G173*LOG(G173,2),0)) -> 1.1458866 | J174: tengah | K174: Entropy | L174: =-(IFERROR(L171*LOG(L171,2),0)+IFERROR(L172*LOG(L172,2),0)+IFERROR(L173*LOG(L173,2),0)) -> 1.0869438 | O174: kiri | P174: Entropy | Q174: =-(IFERROR(Q171*LOG(Q171,2),0)+IFERROR(Q172*LOG(Q172,2),0)+IFERROR(Q173*LOG(Q173,2),0)) -> 0 | T174: tengah | U174: Entropy | V174: =-(IFERROR(V171*LOG(V171,2),0)+IFERROR(V172*LOG(V172,2),0)+IFERROR(V173*LOG(V173,2),0)) -> 1.2197485
E175: kiri | G175: =SUM(F171:F173)/163 -> 0.20858896 | J175: tengah | L175: =SUM(K171:K173)/163 -> 0.24539877 | O175: tengah | Q175: =SUM(P171:P173)/163 -> 0.23312883 | T175: tengah | V175: =SUM(U171:U173)/163 -> 0.5398773
E176: tengah | G176: =G174*G175 -> 0.23901929 | J176: tengah | L176: =L174*L175 -> 0.26673466 | O176: kanan | Q176: =Q174*Q175 -> 0 | T176: kanan | V176: =V174*V175 -> 0.65851452
E177: tengah | J177: tengah | O177: tengah | T177: tengah
E178: tengah | J178: tengah | O178: kiri | T178: kanan
E179: tengah | F179: Kiri<16.8 | J179: kiri | K179: Kiri<2.47 | O179: tengah | P179: Kiri<13.7 | T179: kanan | U179: Kiri<0
E180: tengah | F180: {=SUMPRODUCT((E170:E332="kiri")*(M2:M164=1))} -> 2 | G180: =F180/39 -> 0.051282051 | J180: kiri | K180: =COUNTIFS($J$170:$J$332,"Kiri",$M$2:$M$164,"1") -> 1 | L180: =K180/36 -> 0.027777778 | O180: tengah | P180: =COUNTIFS($O$170:$O$332,"Kiri",$M$2:$M$164,"1") -> 6 | Q180: =P180/48 -> 0.125 | T180: kanan | U180: =COUNTIFS($T$170:$T$332,"Kiri",$M$2:$M$164,"1") -> 0 | V180: =U180/57 -> 0
E181: tengah | F181: {=SUMPRODUCT((E170:E332="kiri")*(M2:M164=2))} -> 22 | G181: =F181/39 -> 0.56410256 | J181: kanan | K181: =COUNTIFS($J$170:$J$332,"Kiri",$M$2:$M$164,"2") -> 14 | L181: =K181/36 -> 0.38888889 | O181: kiri | P181: =COUNTIFS($O$170:$O$332,"Kiri",$M$2:$M$164,"2") -> 42 | Q181: =P181/48 -> 0.875 | T181: tengah | U181: =COUNTIFS($T$170:$T$332,"Kiri",$M$2:$M$164,"2") -> 0 | V181: =U181/57 -> 0
E182: kanan | F182: {=SUMPRODUCT((E170:E332="kiri")*(M2:M164=3))} -> 15 | G182: =F182/39 -> 0.38461538 | J182: kanan | K182: =COUNTIFS($J$170:$J$332,"Kiri",$M$2:$M$164,"3") -> 21 | L182: =K182/36 -> 0.58333333 | O182: kanan | P182: =COUNTIFS($O$170:$O$332,"Kiri",$M$2:$M$164,"3") -> 0 | Q182: =P182/48 -> 0 | T182: kanan | U182: =COUNTIFS($T$170:$T$332,"Kiri",$M$2:$M$164,"3") -> 0 | V182: =U182/57 -> 0
E183: tengah | F183: Entropy | G183: =-(IFERROR(G180*LOG(G180,2),0)+IFERROR(G181*LOG(G181,2),0)+IFERROR(G182*LOG(G182,2),0)) -> 1.2158931 | J183: tengah | K183: Entropy | L183: =-(IFERROR(L180*LOG(L180,2),0)+IFERROR(L181*LOG(L181,2),0)+IFERROR(L182*LOG(L182,2),0)) -> 1.1271018 | O183: tengah | P183: Entropy | Q183: =-(IFERROR(Q180*LOG(Q180,2),0)+IFERROR(Q181*LOG(Q181,2),0)+IFERROR(Q182*LOG(Q182,2),0)) -> 0.54356444 | T183: kanan | U183: Entropy | V183: =-(IFERROR(V180*LOG(V180,2),0)+IFERROR(V181*LOG(V181,2),0)+IFERROR(V182*LOG(V182,2),0)) -> 0
E184: tengah | G184: =SUM(F180:F182)/163 -> 0.2392638 | J184: kiri | L184: =SUM(K180:K182)/163 -> 0.2208589 | O184: kanan | Q184: =SUM(P180:P182)/163 -> 0.29447853 | T184: tengah | V184: =SUM(U180:U182)/163 -> 0
E185: kanan | G185: =G183*G184 -> 0.29091921 | J185: tengah | L185: =L183*L184 -> 0.24893046 | O185: tengah | Q185: =Q183*Q184 -> 0.16006806 | T185: kanan | V185: =V183*V184 -> 0
E186: tengah | J186: tengah | O186: kiri | T186: kanan
E187: tengah | J187: tengah | O187: kiri | T187: tengah
E188: kiri | F188: Tengah | J188: tengah | K188: Tengah | O188: tengah | P188: Tengah | T188: tengah | U188: Tengah
E189: kiri | F189: {=SUMPRODUCT((E170:E332="tengah")*(M2:M164=1))} -> 3 | G189: =F189/90 -> 0.033333333 | J189: kiri | K189: =COUNTIFS($J$170:$J$332,"Tengah",$M$2:$M$164,"1") -> 4 | L189: =K189/87 -> 0.045977011 | O189: kanan | P189: =COUNTIFS($O$170:$O$332,"Tengah",$M$2:$M$164,"1") -> 0 | Q189: =P189/77 -> 0 | T189: kanan | U189: =COUNTIFS($T$170:$T$332,"Tengah",$M$2:$M$164,"1") -> 2 | V189: =U189/75 -> 0.026666667
E190: tengah | F190: {=SUMPRODUCT((E170:E332="tengah")*(M2:M164=2))} -> 45 | G190: =F190/90 -> 0.5 | J190: kanan | K190: =COUNTIFS($J$170:$J$332,"Tengah",$M$2:$M$164,"2") -> 53 | L190: =K190/87 -> 0.6091954 | O190: tengah | P190: =COUNTIFS($O$170:$O$332,"Tengah",$M$2:$M$164,"2") -> 39 | Q190: =P190/77 -> 0.50649351 | T190: tengah | U190: =COUNTIFS($T$170:$T$332,"Tengah",$M$2:$M$164,"2") -> 37 | V190: =U190/75 -> 0.49333333
E191: tengah | F191: {=SUMPRODUCT((E170:E332="tengah")*(M2:M164=3))} -> 42 | G191: =F191/90 -> 0.46666667 | J191: kiri | K191: =COUNTIFS($J$170:$J$332,"Tengah",$M$2:$M$164,"3") -> 30 | L191: =K191/87 -> 0.34482759 | O191: kanan | P191: =COUNTIFS($O$170:$O$332,"Tengah",$M$2:$M$164,"3") -> 38 | Q191: =P191/77 -> 0.49350649 | T191: tengah | U191: =COUNTIFS($T$170:$T$332,"Tengah",$M$2:$M$164,"3") -> 36 | V191: =U191/75 -> 0.48
E192: kiri | F192: Entropy | G192: =-(IFERROR(G189*LOG(G189,2),0)+IFERROR(G190*LOG(G190,2),0)+IFERROR(G191*LOG(G191,2),0)) -> 1.1766797 | J192: tengah | K192: Entropy | L192: =-(IFERROR(L189*LOG(L189,2),0)+IFERROR(L190*LOG(L190,2),0)+IFERROR(L191*LOG(L191,2),0)) -> 1.1695354 | O192: kanan | P192: Entropy | Q192: =-(IFERROR(Q189*LOG(Q189,2),0)+IFERROR(Q190*LOG(Q190,2),0)+IFERROR(Q191*LOG(Q191,2),0)) -> 0.99987833 | T192: tengah | U192: Entropy | V192: =-(IFERROR(V189*LOG(V189,2),0)+IFERROR(V190*LOG(V190,2),0)+IFERROR(V191*LOG(V191,2),0)) -> 1.150591
E193: tengah | G193: =SUM(F189:F191)/163 -> 0.55214724 | J193: kanan | L193: =SUM(K189:K191)/163 -> 0.53374233 | O193: kiri | Q193: =SUM(P189:P191)/163 -> 0.47239264 | T193: kanan | V193: =SUM(U189:U191)/163 -> 0.4601227
E194: kanan | G194: =G192*G193 -> 0.64970043 | J194: tengah | L194: =L192*L193 -> 0.62423057 | O194: tengah | Q194: =Q192*Q193 -> 0.47233516 | T194: tengah | V194: =V192*V193 -> 0.52941305
E195: kanan | J195: tengah | O195: kiri | T195: kanan
E196: tengah | F196: IG | G196: Entropy | J196: kiri | K196: IG | L196: Entropy | O196: kiri | P196: IG | Q196: Entropy | T196: kanan | U196: IG | V196: Entropy
E197: kanan | F197: =P5-(G176+G185+G194) -> 0.010315496 | G197: =(G176+G185+G194) -> 1.1796389 | J197: tengah | K197: =P5-(L176+L185+L194) -> 0.050058744 | L197: =(L176+L185+L194) -> 1.1398957 | O197: tengah | P197: =P5-(Q176+Q185+Q194) -> 0.55755121 | Q197: =(Q176+Q185+Q194) -> 0.63240322 | T197: kanan | U197: =P5-(V176+V185+V194) -> 0.0020268604 | V197: =(V176+V185+V194) -> 1.1879276
E198: tengah | J198: kiri | O198: tengah | T198: kanan
E199: tengah | J199: tengah | O199: kiri | T199: kanan
E200: tengah | J200: tengah | O200: kanan | T200: kanan
E201: tengah | J201: tengah | O201: tengah | T201: tengah
E202: tengah | J202: kiri | O202: tengah | T202: tengah
E203: tengah | J203: kanan | O203: tengah | T203: kanan
E204: tengah | J204: tengah | O204: kiri | T204: kanan
E205: kiri | J205: kiri | O205: kiri | T205: tengah
E206: kiri | J206: kiri | O206: tengah | T206: kanan
E207: kiri | J207: kiri | O207: kanan | T207: kanan
E208: kanan | J208: kanan | O208: tengah | T208: kanan
E209: kanan | J209: tengah | O209: tengah | T209: tengah
... E332: kanan | J332: tengah | O332: tengah | T332: tengah

Sheet Pohon 2
A1: No | B1: Usia | C1: Lama Rawat Inap | D1: Jumlah Kasus Per Bulan | E1: Jenis Kelamin | F1: Tingkat Resiko | H1: No | I1: Usia | J1: Lama Rawat Inap | K1: Jumlah Kasus Per Bulan | L1: Jenis Kelamin | M1: Tingkat Resiko | O1: Perhitungan root
A2: =RANDBETWEEN(2,164) -> 135 | B2: {=INDEX(Data_DBD!$B:$B,$A2)} -> 10 | C2: {=INDEX(Data_DBD!$C:$C,$A2)} -> 2 | D2: {=INDEX(Data_DBD!$D:$D,$A2)} -> 33 | E2: {=INDEX(Data_DBD!$E:$E,$A2)} -> 0 | F2: {=INDEX(Data_DBD!$F:$F,$A2)} -> 3 | H2: 57 | I2: 2 | J2: 2 | K2: 15 | L2: 1 | M2: 2 | O2: 1 | P2: =COUNTIF(M2:M164,"1") -> 10 | Q2: =P2/163 -> 0.061349693
A3: =RANDBETWEEN(2,164) -> 79 | B3: {=INDEX(Data_DBD!$B:$B,$A3)} -> 29 | C3: {=INDEX(Data_DBD!$C:$C,$A3)} -> 3 | D3: {=INDEX(Data_DBD!$D:$D,$A3)} -> 13 | E3: {=INDEX(Data_DBD!$E:$E,$A3)} -> 0 | F3: {=INDEX(Data_DBD!$F:$F,$A3)} -> 2 | H3: 52 | I3: 59 | J3: 4 | K3: 15 | L3: 1 | M3: 2 | O3: 2 | P3: =COUNTIF(M2:M164,"2") -> 80 | Q3: =P3/163 -> 0.49079755
A4: =RANDBETWEEN(2,164) -> 27 | B4: {=INDEX(Data_DBD!$B:$B,$A4)} -> 37 | C4: {=INDEX(Data_DBD!$C:$C,$A4)} -> 4 | D4: {=INDEX(Data_DBD!$D:$D,$A4)} -> 14 | E4: {=INDEX(Data_DBD!$E:$E,$A4)} -> 1 | F4: {=INDEX(Data_DBD!$F:$F,$A4)} -> 2 | H4: 91 | I4: 35 | J4: 1 | K4: 18 | L4: 1 | M4: 3 | O4: 3 | P4: =COUNTIF(M2:M164,"3") -> 73 | Q4: =P4/163 -> 0.44785276
A5: =RANDBETWEEN(2,164) -> 96 | B5: {=INDEX(Data_DBD!$B:$B,$A5)} -> 56 | C5: {=INDEX(Data_DBD!$C:$C,$A5)} -> 4 | D5: {=INDEX(Data_DBD!$D:$D,$A5)} -> 18 | E5: {=INDEX(Data_DBD!$E:$E,$A5)} -> 0 | F5: {=INDEX(Data_DBD!$F:$F,$A5)} -> 3 | H5: 45 | I5: 75 | J5: 3 | K5: 13 | L5: 1 | M5: 2 | O5: Entropy Root | P5: =-(IFERROR(Q2*LOG(Q2,2),0)+IFERROR(Q3*LOG(Q3,2),0)+IFERROR(Q4*LOG(Q4,2),0)) -> 1.2700121
A6: =RANDBETWEEN(2,164) -> 56 | B6: {=INDEX(Data_DBD!$B:$B,$A6)} -> 4 | C6: {=INDEX(Data_DBD!$C:$C,$A6)} -> 3 | D6: {=INDEX(Data_DBD!$D:$D,$A6)} -> 15 | E6: {=INDEX(Data_DBD!$E:$E,$A6)} -> 0 | F6: {=INDEX(Data_DBD!$F:$F,$A6)} -> 2 | H6: 76 | I6: 70 | J6: 2 | K6: 10 | L6: 0 | M6: 2
A7: =RANDBETWEEN(2,164) -> 83 | B7: {=INDEX(Data_DBD!$B:$B,$A7)} -> 50 | C7: {=INDEX(Data_DBD!$C:$C,$A7)} -> 3 | D7: {=INDEX(Data_DBD!$D:$D,$A7)} -> 13 | E7: {=INDEX(Data_DBD!$E:$E,$A7)} -> 0 | F7: {=INDEX(Data_DBD!$F:$F,$A7)} -> 2 | H7: 131 | I7: 10 | J7: 2 | K7: 33 | L7: 0 | M7: 3
A8: =RANDBETWEEN(2,164) -> 15 | B8: {=INDEX(Data_DBD!$B:$B,$A8)} -> 21 | C8: {=INDEX(Data_DBD!$C:$C,$A8)} -> 2 | D8: {=INDEX(Data_DBD!$D:$D,$A8)} -> 7 | E8: {=INDEX(Data_DBD!$E:$E,$A8)} -> 0 | F8: {=INDEX(Data_DBD!$F:$F,$A8)} -> 1 | H8: 133 | I8: 6 | J8: 4 | K8: 33 | L8: 0 | M8: 3
A9: =RANDBETWEEN(2,164) -> 85 | B9: {=INDEX(Data_DBD!$B:$B,$A9)} -> 27 | C9: {=INDEX(Data_DBD!$C:$C,$A9)} -> 9 | D9: {=INDEX(Data_DBD!$D:$D,$A9)} -> 13 | E9: {=INDEX(Data_DBD!$E:$E,$A9)} -> 0 | F9: {=INDEX(Data_DBD!$F:$F,$A9)} -> 2 | H9: 114 | I9: 14 | J9: 2 | K9: 33 | L9: 1 | M9: 3
A10: =RANDBETWEEN(2,164) -> 13 | B10: {=INDEX(Data_DBD!$B:$B,$A10)} -> 47 | C10: {=INDEX(Data_DBD!$C:$C,$A10)} -> 2 | D10: {=INDEX(Data_DBD!$D:$D,$A10)} -> 12 | E10: {=INDEX(Data_DBD!$E:$E,$A10)} -> 0 | F10: {=INDEX(Data_DBD!$F:$F,$A10)} -> 2 | H10: 50 | I10: 19 | J10: 5 | K10: 13 | L10: 0 | M10: 2
A11: =RANDBETWEEN(2,164) -> 74 | B11: {=INDEX(Data_DBD!$B:$B,$A11)} -> 9 | C11: {=INDEX(Data_DBD!$C:$C,$A11)} -> 4 | D11: {=INDEX(Data_DBD!$D:$D,$A11)} -> 10 | E11: {=INDEX(Data_DBD!$E:$E,$A11)} -> 0 | F11: {=INDEX(Data_DBD!$F:$F,$A11)} -> 2 | H11: 124 | I11: 24 | J11: 3 | K11: 33 | L11: 1 | M11: 3
A12: =RANDBETWEEN(2,164) -> 12 | B12: {=INDEX(Data_DBD!$B:$B,$A12)} -> 23 | C12: {=INDEX(Data_DBD!$C:$C,$A12)} -> 3 | D12: {=INDEX(Data_DBD!$D:$D,$A12)} -> 12 | E12: {=INDEX(Data_DBD!$E:$E,$A12)} -> 0 | F12: {=INDEX(Data_DBD!$F:$F,$A12)} -> 2 | H12: 89 | I12: 32 | J12: 4 | K12: 13 | L12: 0 | M12: 2
A13: =RANDBETWEEN(2,164) -> 59 | B13: {=INDEX(Data_DBD!$B:$B,$A13)} -> 28 | C13: {=INDEX(Data_DBD!$C:$C,$A13)} -> 4 | D13: {=INDEX(Data_DBD!$D:$D,$A13)} -> 15 | E13: {=INDEX(Data_DBD!$E:$E,$A13)} -> 0 | F13: {=INDEX(Data_DBD!$F:$F,$A13)} -> 2 | H13: 89 | I13: 32 | J13: 4 | K13: 13 | L13: 0 | M13: 2
A14: =RANDBETWEEN(2,164) -> 52 | B14: {=INDEX(Data_DBD!$B:$B,$A14)} -> 59 | C14: {=INDEX(Data_DBD!$C:$C,$A14)} -> 4 | D14: {=INDEX(Data_DBD!$D:$D,$A14)} -> 15 | E14: {=INDEX(Data_DBD!$E:$E,$A14)} -> 1 | F14: {=INDEX(Data_DBD!$F:$F,$A14)} -> 2 | H14: 119 | I14: 30 | J14: 7 | K14: 33 | L14: 0 | M14: 3
A15: =RANDBETWEEN(2,164) -> 89 | B15: {=INDEX(Data_DBD!$B:$B,$A15)} -> 32 | C15: {=INDEX(Data_DBD!$C:$C,$A15)} -> 4 | D15: {=INDEX(Data_DBD!$D:$D,$A15)} -> 13 | E15: {=INDEX(Data_DBD!$E:$E,$A15)} -> 0 | F15: {=INDEX(Data_DBD!$F:$F,$A15)} -> 2 | H15: 112 | I15: 61 | J15: 3 | K15: 33 | L15: 1 | M15: 3
A16: =RANDBETWEEN(2,164) -> 6 | B16: {=INDEX(Data_DBD!$B:$B,$A16)} -> 14 | C16: {=INDEX(Data_DBD!$C:$C,$A16)} -> 4 | D16: {=INDEX(Data_DBD!$D:$D,$A16)} -> 12 | E16: {=INDEX(Data_DBD!$E:$E,$A16)} -> 0 | F16: {=INDEX(Data_DBD!$F:$F,$A16)} -> 2 | H16: 39 | I16: 12 | J16: 5 | K16: 13 | L16: 1 | M16: 2
A17: =RANDBETWEEN(2,164) -> 148 | B17: {=INDEX(Data_DBD!$B:$B,$A17)} -> 55 | C17: {=INDEX(Data_DBD!$C:$C,$A17)} -> 3 | D17: {=INDEX(Data_DBD!$D:$D,$A17)} -> 21 | E17: {=INDEX(Data_DBD!$E:$E,$A17)} -> 1 | F17: {=INDEX(Data_DBD!$F:$F,$A17)} -> 3 | H17: 5 | I17: 18 | J17: 2 | K17: 12 | L17: 1 | M17: 2
... A31: =RANDBETWEEN(2,164) -> 77 | B31: {=INDEX(Data_DBD!$B:$B,$A31)} -> 16 | C31: {=INDEX(Data_DBD!$C:$C,$A31)} -> 4 | D31: {=INDEX(Data_DBD!$D:$D,$A31)} -> 13 | E31: {=INDEX(Data_DBD!$E:$E,$A31)} -> 1 | F31: {=INDEX(Data_DBD!$F:$F,$A31)} -> 2 | H31: 50 | I31: 19 | J31: 5 | K31: 13 | L31: 0 | M31: 2
A32: =RANDBETWEEN(2,164) -> 33 | B32: {=INDEX(Data_DBD!$B:$B,$A32)} -> 19 | C32: {=INDEX(Data_DBD!$C:$C,$A32)} -> 4 | D32: {=INDEX(Data_DBD!$D:$D,$A32)} -> 14 | E32: {=INDEX(Data_DBD!$E:$E,$A32)} -> 1 | F32: {=INDEX(Data_DBD!$F:$F,$A32)} -> 2 | H32: 30 | I32: 2,8 | J32: 2 | K32: 14 | L32: 1 | M32: 2
A33: =RANDBETWEEN(2,164) -> 20 | B33: {=INDEX(Data_DBD!$B:$B,$A33)} -> 15 | C33: {=INDEX(Data_DBD!$C:$C,$A33)} -> 5 | D33: {=INDEX(Data_DBD!$D:$D,$A33)} -> 7 | E33: {=INDEX(Data_DBD!$E:$E,$A33)} -> 0 | F33: {=INDEX(Data_DBD!$F:$F,$A33)} -> 1 | H33: 96 | I33: 56 | J33: 4 | K33: 18 | L33: 0 | M33: 3
A34: =RANDBETWEEN(2,164) -> 115 | B34: {=INDEX(Data_DBD!$B:$B,$A34)} -> 52 | C34: {=INDEX(Data_DBD!$C:$C,$A34)} -> 3 | D34: {=INDEX(Data_DBD!$D:$D,$A34)} -> 33 | E34: {=INDEX(Data_DBD!$E:$E,$A34)} -> 1 | F34: {=INDEX(Data_DBD!$F:$F,$A34)} -> 3 | H34: 118 | I34: 67 | J34: 4 | K34: 33 | L34: 1 | M34: 3
A35: =RANDBETWEEN(2,164) -> 74 | B35: {=INDEX(Data_DBD!$B:$B,$A35)} -> 9 | C35: {=INDEX(Data_DBD!$C:$C,$A35)} -> 4 | D35: {=INDEX(Data_DBD!$D:$D,$A35)} -> 10 | E35: {=INDEX(Data_DBD!$E:$E,$A35)} -> 0 | F35: {=INDEX(Data_DBD!$F:$F,$A35)} -> 2 | H35: 19 | I35: 8 | J35: 4 | K35: 7 | L35: 0 | M35: 1
A36: =RANDBETWEEN(2,164) -> 6 | B36: {=INDEX(Data_DBD!$B:$B,$A36)} -> 14 | C36: {=INDEX(Data_DBD!$C:$C,$A36)} -> 4 | D36: {=INDEX(Data_DBD!$D:$D,$A36)} -> 12 | E36: {=INDEX(Data_DBD!$E:$E,$A36)} -> 0 | F36: {=INDEX(Data_DBD!$F:$F,$A36)} -> 2 | H36: 51 | I36: 48 | J36: 4 | K36: 13 | L36: 0 | M36: 2
A37: =RANDBETWEEN(2,164) -> 111 | B37: {=INDEX(Data_DBD!$B:$B,$A37)} -> 25 | C37: {=INDEX(Data_DBD!$C:$C,$A37)} -> 4 | D37: {=INDEX(Data_DBD!$D:$D,$A37)} -> 33 | E37: {=INDEX(Data_DBD!$E:$E,$A37)} -> 0 | F37: {=INDEX(Data_DBD!$F:$F,$A37)} -> 3 | H37: 136 | I37: 6 | J37: 2 | K37: 33 | L37: 0 | M37: 3
A38: =RANDBETWEEN(2,164) -> 157 | B38: {=INDEX(Data_DBD!$B:$B,$A38)} -> 15 | C38: {=INDEX(Data_DBD!$C:$C,$A38)} -> 4 | D38: {=INDEX(Data_DBD!$D:$D,$A38)} -> 21 | E38: {=INDEX(Data_DBD!$E:$E,$A38)} -> 1 | F38: {=INDEX(Data_DBD!$F:$F,$A38)} -> 3 | H38: 164 | I38: 10 | J38: 6 | K38: 3 | L38: 0 | M38: 1
A39: =RANDBETWEEN(2,164) -> 41 | B39: {=INDEX(Data_DBD!$B:$B,$A39)} -> 8 | C39: {=INDEX(Data_DBD!$C:$C,$A39)} -> 4 | D39: {=INDEX(Data_DBD!$D:$D,$A39)} -> 13 | E39: {=INDEX(Data_DBD!$E:$E,$A39)} -> 0 | F39: {=INDEX(Data_DBD!$F:$F,$A39)} -> 2 | H39: 82 | I39: 28 | J39: 3 | K39: 13 | L39: 1 | M39: 2
A40: =RANDBETWEEN(2,164) -> 102 | B40: {=INDEX(Data_DBD!$B:$B,$A40)} -> 41 | C40: {=INDEX(Data_DBD!$C:$C,$A40)} -> 4 | D40: {=INDEX(Data_DBD!$D:$D,$A40)} -> 18 | E40: {=INDEX(Data_DBD!$E:$E,$A40)} -> 0 | F40: {=INDEX(Data_DBD!$F:$F,$A40)} -> 3 | H40: 56 | I40: 4 | J40: 3 | K40: 15 | L40: 0 | M40: 2
A41: =RANDBETWEEN(2,164) -> 91 | B41: {=INDEX(Data_DBD!$B:$B,$A41)} -> 35 | C41: {=INDEX(Data_DBD!$C:$C,$A41)} -> 1 | D41: {=INDEX(Data_DBD!$D:$D,$A41)} -> 18 | E41: {=INDEX(Data_DBD!$E:$E,$A41)} -> 1 | F41: {=INDEX(Data_DBD!$F:$F,$A41)} -> 3 | H41: 131 | I41: 10 | J41: 2 | K41: 33 | L41: 0 | M41: 3
A42: =RANDBETWEEN(2,164) -> 87 | B42: {=INDEX(Data_DBD!$B:$B,$A42)} -> 21 | C42: {=INDEX(Data_DBD!$C:$C,$A42)} -> 3 | D42: {=INDEX(Data_DBD!$D:$D,$A42)} -> 13 | E42: {=INDEX(Data_DBD!$E:$E,$A42)} -> 0 | F42: {=INDEX(Data_DBD!$F:$F,$A42)} -> 2 | H42: 33 | I42: 19 | J42: 4 | K42: 14 | L42: 1 | M42: 2
A43: =RANDBETWEEN(2,164) -> 130 | B43: {=INDEX(Data_DBD!$B:$B,$A43)} -> 12 | C43: {=INDEX(Data_DBD!$C:$C,$A43)} -> 4 | D43: {=INDEX(Data_DBD!$D:$D,$A43)} -> 33 | E43: {=INDEX(Data_DBD!$E:$E,$A43)} -> 0 | F43: {=INDEX(Data_DBD!$F:$F,$A43)} -> 3 | H43: 43 | I43: 15 | J43: 4 | K43: 13 | L43: 0 | M43: 2
A44: =RANDBETWEEN(2,164) -> 6 | B44: {=INDEX(Data_DBD!$B:$B,$A44)} -> 14 | C44: {=INDEX(Data_DBD!$C:$C,$A44)} -> 4 | D44: {=INDEX(Data_DBD!$D:$D,$A44)} -> 12 | E44: {=INDEX(Data_DBD!$E:$E,$A44)} -> 0 | F44: {=INDEX(Data_DBD!$F:$F,$A44)} -> 2 | H44: 18 | I44: 49 | J44: 4 | K44: 7 | L44: 1 | M44: 1
... A129: =RANDBETWEEN(2,164) -> 91 | B129: {=INDEX(Data_DBD!$B:$B,$A129)} -> 35 | C129: {=INDEX(Data_DBD!$C:$C,$A129)} -> 1 | D129: {=INDEX(Data_DBD!$D:$D,$A129)} -> 18 | E129: {=INDEX(Data_DBD!$E:$E,$A129)} -> 1 | F129: {=INDEX(Data_DBD!$F:$F,$A129)} -> 3 | H129: 45 | I129: 75 | J129: 3 | K129: 13 | L129: 1 | M129: 2
A130: =RANDBETWEEN(2,164) -> 56 | B130: {=INDEX(Data_DBD!$B:$B,$A130)} -> 4 | C130: {=INDEX(Data_DBD!$C:$C,$A130)} -> 3 | D130: {=INDEX(Data_DBD!$D:$D,$A130)} -> 15 | E130: {=INDEX(Data_DBD!$E:$E,$A130)} -> 0 | F130: {=INDEX(Data_DBD!$F:$F,$A130)} -> 2 | H130: 30 | I130: 2,8 | J130: 2 | K130: 14 | L130: 1 | M130: 2
A131: =RANDBETWEEN(2,164) -> 150 | B131: {=INDEX(Data_DBD!$B:$B,$A131)} -> 61 | C131: {=INDEX(Data_DBD!$C:$C,$A131)} -> 5 | D131: {=INDEX(Data_DBD!$D:$D,$A131)} -> 21 | E131: {=INDEX(Data_DBD!$E:$E,$A131)} -> 1 | F131: {=INDEX(Data_DBD!$F:$F,$A131)} -> 3 | H131: 126 | I131: 51 | J131: 3 | K131: 33 | L131: 1 | M131: 3
A132: =RANDBETWEEN(2,164) -> 52 | B132: {=INDEX(Data_DBD!$B:$B,$A132)} -> 59 | C132: {=INDEX(Data_DBD!$C:$C,$A132)} -> 4 | D132: {=INDEX(Data_DBD!$D:$D,$A132)} -> 15 | E132: {=INDEX(Data_DBD!$E:$E,$A132)} -> 1 | F132: {=INDEX(Data_DBD!$F:$F,$A132)} -> 2 | H132: 76 | I132: 70 | J132: 2 | K132: 10 | L132: 0 | M132: 2
A133: =RANDBETWEEN(2,164) -> 119 | B133: {=INDEX(Data_DBD!$B:$B,$A133)} -> 30 | C133: {=INDEX(Data_DBD!$C:$C,$A133)} -> 7 | D133: {=INDEX(Data_DBD!$D:$D,$A133)} -> 33 | E133: {=INDEX(Data_DBD!$E:$E,$A133)} -> 0 | F133: {=INDEX(Data_DBD!$F:$F,$A133)} -> 3 | H133: 146 | I133: 34 | J133: 2 | K133: 21 | L133: 1 | M133: 3
A134: =RANDBETWEEN(2,164) -> 18 | B134: {=INDEX(Data_DBD!$B:$B,$A134)} -> 49 | C134: {=INDEX(Data_DBD!$C:$C,$A134)} -> 4 | D134: {=INDEX(Data_DBD!$D:$D,$A134)} -> 7 | E134: {=INDEX(Data_DBD!$E:$E,$A134)} -> 1 | F134: {=INDEX(Data_DBD!$F:$F,$A134)} -> 1 | H134: 71 | I134: 84 | J134: 3 | K134: 10 | L134: 0 | M134: 2
A135: =RANDBETWEEN(2,164) -> 134 | B135: {=INDEX(Data_DBD!$B:$B,$A135)} -> 4 | C135: {=INDEX(Data_DBD!$C:$C,$A135)} -> 2 | D135: {=INDEX(Data_DBD!$D:$D,$A135)} -> 33 | E135: {=INDEX(Data_DBD!$E:$E,$A135)} -> 1 | F135: {=INDEX(Data_DBD!$F:$F,$A135)} -> 3 | H135: 80 | I135: 27 | J135: 3 | K135: 13 | L135: 1 | M135: 2
A136: =RANDBETWEEN(2,164) -> 95 | B136: {=INDEX(Data_DBD!$B:$B,$A136)} -> 11 | C136: {=INDEX(Data_DBD!$C:$C,$A136)} -> 3 | D136: {=INDEX(Data_DBD!$D:$D,$A136)} -> 18 | E136: {=INDEX(Data_DBD!$E:$E,$A136)} -> 1 | F136: {=INDEX(Data_DBD!$F:$F,$A136)} -> 3 | H136: 116 | I136: 32 | J136: 4 | K136: 33 | L136: 1 | M136: 3
A137: =RANDBETWEEN(2,164) -> 98 | B137: {=INDEX(Data_DBD!$B:$B,$A137)} -> 16 | C137: {=INDEX(Data_DBD!$C:$C,$A137)} -> 2 | D137: {=INDEX(Data_DBD!$D:$D,$A137)} -> 18 | E137: {=INDEX(Data_DBD!$E:$E,$A137)} -> 1 | F137: {=INDEX(Data_DBD!$F:$F,$A137)} -> 3 | H137: 73 | I137: 15 | J137: 3 | K137: 10 | L137: 1 | M137: 2
A138: =RANDBETWEEN(2,164) -> 27 | B138: {=INDEX(Data_DBD!$B:$B,$A138)} -> 37 | C138: {=INDEX(Data_DBD!$C:$C,$A138)} -> 4 | D138: {=INDEX(Data_DBD!$D:$D,$A138)} -> 14 | E138: {=INDEX(Data_DBD!$E:$E,$A138)} -> 1 | F138: {=INDEX(Data_DBD!$F:$F,$A138)} -> 2 | H138: 127 | I138: 21 | J138: 2 | K138: 33 | L138: 0 | M138: 3
A139: =RANDBETWEEN(2,164) -> 79 | B139: {=INDEX(Data_DBD!$B:$B,$A139)} -> 29 | C139: {=INDEX(Data_DBD!$C:$C,$A139)} -> 3 | D139: {=INDEX(Data_DBD!$D:$D,$A139)} -> 13 | E139: {=INDEX(Data_DBD!$E:$E,$A139)} -> 0 | F139: {=INDEX(Data_DBD!$F:$F,$A139)} -> 2 | H139: 86 | I139: 23 | J139: 3 | K139: 13 | L139: 0 | M139: 2
A140: =RANDBETWEEN(2,164) -> 104 | B140: {=INDEX(Data_DBD!$B:$B,$A140)} -> 37 | C140: {=INDEX(Data_DBD!$C:$C,$A140)} -> 4 | D140: {=INDEX(Data_DBD!$D:$D,$A140)} -> 18 | E140: {=INDEX(Data_DBD!$E:$E,$A140)} -> 1 | F140: {=INDEX(Data_DBD!$F:$F,$A140)} -> 3 | H140: 109 | I140: 40 | J140: 3 | K140: 33 | L140: 1 | M140: 3
A141: =RANDBETWEEN(2,164) -> 132 | B141: {=INDEX(Data_DBD!$B:$B,$A141)} -> 10 | C141: {=INDEX(Data_DBD!$C:$C,$A141)} -> 3 | D141: {=INDEX(Data_DBD!$D:$D,$A141)} -> 33 | E141: {=INDEX(Data_DBD!$E:$E,$A141)} -> 1 | F141: {=INDEX(Data_DBD!$F:$F,$A141)} -> 3 | H141: 13 | I141: 47 | J141: 2 | K141: 12 | L141: 0 | M141: 2
A142: =RANDBETWEEN(2,164) -> 99 | B142: {=INDEX(Data_DBD!$B:$B,$A142)} -> 4 | C142: {=INDEX(Data_DBD!$C:$C,$A142)} -> 2 | D142: {=INDEX(Data_DBD!$D:$D,$A142)} -> 18 | E142: {=INDEX(Data_DBD!$E:$E,$A142)} -> 1 | F142: {=INDEX(Data_DBD!$F:$F,$A142)} -> 3 | H142: 7 | I142: 12 | J142: 1 | K142: 12 | L142: 1 | M142: 2
... A164: =RANDBETWEEN(2,164) -> 87 | B164: {=INDEX(Data_DBD!$B:$B,$A164)} -> 21 | C164: {=INDEX(Data_DBD!$C:$C,$A164)} -> 3 | D164: {=INDEX(Data_DBD!$D:$D,$A164)} -> 13 | E164: {=INDEX(Data_DBD!$E:$E,$A164)} -> 0 | F164: {=INDEX(Data_DBD!$F:$F,$A164)} -> 2 | H164: 24 | I164: 60 | J164: 4 | K164: 14 | L164: 0 | M164: 2
I165: =AVERAGE(I2:I164) -> 31.934783 | J165: =AVERAGE(J2:J164) -> 3.5766871 | K165: =AVERAGE(K2:K164) -> 18.711656 | L165: =AVERAGE(L2:L164) -> 0.52147239
B167: 3
E168: USIA | J168: LAMA RAWAT INAP | O168: JUMLAH KASUS PER BULAN | T168: JENIS KELAMIN
E169: Usia | F169: =AVERAGEIF($I$2:$I$164,"<="&$I$165) -> 16.920213 | G169: =AVERAGEIF($I$2:$I$164,">"&$I$165) -> 53 | J169: Lama rawat inap | K169: =AVERAGEIF($J$2:$J$164,"<="&$J$165) -> 2.5813953 | L169: =AVERAGEIF($J$2:$J$164,">"&$J$165) -> 4.6883117 | O169: Jumlah kasus perbulan | P169: =AVERAGEIF($K$2:$K$164,"<="&$K$165) -> 13.06422 | Q169: =AVERAGEIF($K$2:$K$164,">"&$K$165) -> 30.111111 | T169: Jenis kelamin | U169: =AVERAGEIF($L$2:$L$164,"<="&$L$165) -> 0 | V169: =AVERAGEIF($L$2:$L$164,">"&$L$165) -> 1
E170: {=IF($I$2:$I$164<$F$169,"kiri",IF($I$2:$I$164<$G$169,"tengah","kanan"))} -> kiri | F170: Kanan > 53 | J170: {=IF($J$2:$J$164<$K$169,"kiri",IF($J$2:$J$164<$L$169,"tengah","kanan"))} -> kiri | K170: Kanan > 4.68 | O170: {=IF($K$2:$K$164<$P$169,"kiri",IF($K$2:$K$164<$Q$169,"tengah","kanan"))} -> tengah | P170: Kanan > 30.1 | T170: {=IF($L$2:$L$164<$U$169,"kiri",IF($L$2:$L$164<$V$169,"tengah","kanan"))} -> kanan | U170: Kanan > 1
E171: kanan | F171: =COUNTIFS($E$170:$E$332,"Kanan",$M$2:$M$164,"1") -> 0 | G171: =F171/29 -> 0 | J171: tengah | K171: {=SUMPRODUCT((J170:J332="Kanan")*(M2:M164=1))} -> 2 | L171: =K171/34 -> 0.058823529 | O171: tengah | P171: =COUNTIFS($O$170:$O$332,"Kanan",$M$2:$M$164,"1") -> 0 | Q171: =P171/41 -> 0 | T171: kanan | U171: =COUNTIFS($T$170:$T$332,"Kanan",$M$2:$M$164,"1") -> 5 | V171: =U171/85 -> 0.058823529
E172: tengah | F172: =COUNTIFS($E$170:$E$332,"Kanan",$M$2:$M$164,"2") -> 16 | G172: =F172/29 -> 0.55172414 | J172: kiri | K172: =COUNTIFS($J$170:$J$332,"Kanan",$M$2:$M$164,"2") -> 18 | L172: =K172/34 -> 0.52941176 | O172: tengah | P172: =COUNTIFS($O$170:$O$332,"Kanan",$M$2:$M$164,"2") -> 0 | Q172: =P172/41 -> 0 | T172: kanan | U172: =COUNTIFS($T$170:$T$332,"Kanan",$M$2:$M$164,"2") -> 37 | V172: =U172/85 -> 0.43529412
E173: kanan | F173: {=SUMPRODUCT((E170:E332="KANAN")*(M2:M164=3))} -> 13 | G173: =F173/29 -> 0.44827586 | J173: tengah | K173: =COUNTIFS($J$170:$J$332,"Kanan",$M$2:$M$164,"3") -> 14 | L173: =K173/34 -> 0.41176471 | O173: kiri | P173: =COUNTIFS($O$170:$O$332,"Kanan",$M$2:$M$164,"3") -> 41 | Q173: =P173/41 -> 1 | T173: kanan | U173: =COUNTIFS($T$170:$T$332,"Kanan",$M$2:$M$164,"3") -> 43 | V173: =U173/85 -> 0.50588235
E174: kanan | F174: Entropy | G174: =-(IFERROR(G171*LOG(G171,2),0)+IFERROR(G172*LOG(G172,2),0)+IFERROR(G173*LOG(G173,2),0)) -> 0.99226664 | J174: kiri | K174: Entropy | L174: =-(IFERROR(L171*LOG(L171,2),0)+IFERROR(L172*LOG(L172,2),0)+IFERROR(L173*LOG(L173,2),0)) -> 1.2532976 | O174: kiri | P174: Entropy | Q174: =-(IFERROR(Q171*LOG(Q171,2),0)+IFERROR(Q172*LOG(Q172,2),0)+IFERROR(Q173*LOG(Q173,2),0)) -> 0 | T174: tengah | U174: Entropy | V174: =-(IFERROR(V171*LOG(V171,2),0)+IFERROR(V172*LOG(V172,2),0)+IFERROR(V173*LOG(V173,2),0)) -> 1.2601109
E175: kiri | G175: =SUM(F171:F173)/163 -> 0.17791411 | J175: kiri | L175: =SUM(K171:K173)/163 -> 0.20858896 | O175: kanan | Q175: =SUM(P171:P173)/163 -> 0.25153374 | T175: tengah | V175: =SUM(U171:U173)/163 -> 0.52147239
E176: kiri | G176: =G174*G175 -> 0.17653824 | J176: tengah | L176: =L174*L175 -> 0.26142403 | O176: kanan | Q176: =Q174*Q175 -> 0 | T176: tengah | V176: =V174*V175 -> 0.65711307
E177: kiri | J177: kiri | O177: kanan | T177: kanan
E178: tengah | J178: kanan | O178: kiri | T178: tengah
E179: tengah | F179: Kiri<16.9 | J179: tengah | K179: Kiri<2.58 | O179: kanan | P179: Kiri<13 | T179: kanan | U179: Kiri<0
E180: tengah | F180: {=SUMPRODUCT((E170:E332="kiri")*(M2:M164=1))} -> 4 | G180: =F180/44 -> 0.090909091 | J180: tengah | K180: =COUNTIFS($J$170:$J$332,"Kiri",$M$2:$M$164,"1") -> 1 | L180: =K180/33 -> 0.03030303 | O180: kiri | P180: =COUNTIFS($O$170:$O$332,"Kiri",$M$2:$M$164,"1") -> 10 | Q180: =P180/65 -> 0.15384615 | T180: tengah | U180: =COUNTIFS($T$170:$T$332,"Kiri",$M$2:$M$164,"1") -> 0 | V180: =U180/57 -> 0
E181: tengah | F181: {=SUMPRODUCT((E170:E332="kiri")*(M2:M164=2))} -> 18 | G181: =F181/44 -> 0.40909091 | J181: tengah | K181: =COUNTIFS($J$170:$J$332,"Kiri",$M$2:$M$164,"2") -> 11 | L181: =K181/33 -> 0.33333333 | O181: kiri | P181: =COUNTIFS($O$170:$O$332,"Kiri",$M$2:$M$164,"2") -> 55 | Q181: =P181/65 -> 0.84615385 | T181: tengah | U181: =COUNTIFS($T$170:$T$332,"Kiri",$M$2:$M$164,"2") -> 0 | V181: =U181/57 -> 0
E182: tengah | F182: {=SUMPRODUCT((E170:E332="kiri")*(M2:M164=3))} -> 22 | G182: =F182/44 -> 0.5 | J182: kanan | K182: =COUNTIFS($J$170:$J$332,"Kiri",$M$2:$M$164,"3") -> 21 | L182: =K182/33 -> 0.63636364 | O182: kanan | P182: =COUNTIFS($O$170:$O$332,"Kiri",$M$2:$M$164,"3") -> 0 | Q182: =P182/65 -> 0 | T182: tengah | U182: =COUNTIFS($T$170:$T$332,"Kiri",$M$2:$M$164,"3") -> 0 | V182: =U182/57 -> 0
E183: kanan | F183: Entropy | G183: =-(IFERROR(G180*LOG(G180,2),0)+IFERROR(G181*LOG(G181,2),0)+IFERROR(G182*LOG(G182,2),0)) -> 1.3420192 | J183: tengah | K183: Entropy | L183: =-(IFERROR(L180*LOG(L180,2),0)+IFERROR(L181*LOG(L181,2),0)+IFERROR(L182*LOG(L182,2),0)) -> 1.0961392 | O183: kanan | P183: Entropy | Q183: =-(IFERROR(Q180*LOG(Q180,2),0)+IFERROR(Q181*LOG(Q181,2),0)+IFERROR(Q182*LOG(Q182,2),0)) -> 0.61938219 | T183: kanan | U183: Entropy | V183: =-(IFERROR(V180*LOG(V180,2),0)+IFERROR(V181*LOG(V181,2),0)+IFERROR(V182*LOG(V182,2),0)) -> 0
E184: kiri | G184: =SUM(F180:F182)/163 -> 0.26993865 | J184: kanan | L184: =SUM(K180:K182)/163 -> 0.20245399 | O184: kiri | Q184: =SUM(P180:P182)/163 -> 0.39877301 | T184: kanan | V184: =SUM(U180:U182)/163 -> 0
E185: tengah | G185: =G183*G184 -> 0.36226286 | J185: kiri | L185: =L183*L184 -> 0.22191774 | O185: kiri | Q185: =Q183*Q184 -> 0.2469929 | T185: kanan | V185: =V183*V184 -> 0
E186: kiri | J186: kanan | O186: kiri | T186: tengah
E187: tengah | J187: tengah | O187: kiri | T187: tengah
E188: tengah | F188: Tengah | J188: kiri | K188: Tengah | O188: tengah | P188: Tengah | T188: tengah | U188: Tengah
E189: kanan | F189: {=SUMPRODUCT((E170:E332="tengah")*(M2:M164=1))} -> 6 | G189: =F189/90 -> 0.066666667 | J189: tengah | K189: =COUNTIFS($J$170:$J$332,"Tengah",$M$2:$M$164,"1") -> 7 | L189: =K189/96 -> 0.072916667 | O189: tengah | P189: =COUNTIFS($O$170:$O$332,"Tengah",$M$2:$M$164,"1") -> 0 | Q189: =P189/57 -> 0 | T189: kanan | U189: =COUNTIFS($T$170:$T$332,"Tengah",$M$2:$M$164,"1") -> 5 | V189: =U189/78 -> 0.064102564
E190: tengah | F190: {=SUMPRODUCT((E170:E332="tengah")*(M2:M164=2))} -> 46 | G190: =F190/90 -> 0.51111111 | J190: kanan | K190: =COUNTIFS($J$170:$J$332,"Tengah",$M$2:$M$164,"2") -> 51 | L190: =K190/96 -> 0.53125 | O190: tengah | P190: =COUNTIFS($O$170:$O$332,"Tengah",$M$2:$M$164,"2") -> 25 | Q190: =P190/57 -> 0.43859649 | T190: kanan | U190: =COUNTIFS($T$170:$T$332,"Tengah",$M$2:$M$164,"2") -> 43 | V190: =U190/78 -> 0.55128205
E191: tengah | F191: {=SUMPRODUCT((E170:E332="tengah")*(M2:M164=3))} -> 38 | G191: =F191/90 -> 0.42222222 | J191: tengah | K191: =COUNTIFS($J$170:$J$332,"Tengah",$M$2:$M$164,"3") -> 38 | L191: =K191/96 -> 0.39583333 | O191: kiri | P191: =COUNTIFS($O$170:$O$332,"Tengah",$M$2:$M$164,"3") -> 32 | Q191: =P191/57 -> 0.56140351 | T191: kanan | U191: =COUNTIFS($T$170:$T$332,"Tengah",$M$2:$M$164,"3") -> 30 | V191: =U191/78 -> 0.38461538
E192: tengah | F192: Entropy | G192: =-(IFERROR(G189*LOG(G189,2),0)+IFERROR(G190*LOG(G190,2),0)+IFERROR(G191*LOG(G191,2),0)) -> 1.2805768 | J192: kanan | K192: Entropy | L192: =-(IFERROR(L189*LOG(L189,2),0)+IFERROR(L190*LOG(L190,2),0)+IFERROR(L191*LOG(L191,2),0)) -> 1.2894789 | O192: kiri | P192: Entropy | Q192: =-(IFERROR(Q189*LOG(Q189,2),0)+IFERROR(Q190*LOG(Q190,2),0)+IFERROR(Q191*LOG(Q191,2),0)) -> 0.98909344 | T192: kanan | U192: Entropy | V192: =-(IFERROR(V189*LOG(V189,2),0)+IFERROR(V190*LOG(V190,2),0)+IFERROR(V191*LOG(V191,2),0)) -> 1.2578927
E193: tengah | G193: =SUM(F189:F191)/163 -> 0.55214724 | J193: kanan | L193: =SUM(K189:K191)/163 -> 0.58895706 | O193: kiri | Q193: =SUM(P189:P191)/163 -> 0.34969325 | T193: tengah | V193: =SUM(U189:U191)/163 -> 0.47852761
E194: tengah | G194: =G192*G193 -> 0.70706692 | J194: kiri | L194: =L192*L193 -> 0.75944772 | O194: kiri | Q194: =Q192*Q193 -> 0.3458793 | T194: tengah | V194: =V192*V193 -> 0.60193638
E195: kiri | J195: tengah | O195: kanan | T195: kanan
E196: kiri | F196: IG | G196: Entropy | J196: kanan | K196: IG | L196: Entropy | O196: kiri | P196: IG | Q196: Entropy | T196: kanan | U196: IG | V196: Entropy
E197: tengah | F197: =P5-(G176+G185+G194) -> 0.024144058 | G197: =(G176+G185+G194) -> 1.245868 | J197: tengah | K197: =P5-(L176+L185+L194) -> 0.027222578 | L197: =(L176+L185+L194) -> 1.2427895 | O197: kanan | P197: =P5-(Q176+Q185+Q194) -> 0.67713987 | Q197: =(Q176+Q185+Q194) -> 0.5928722 | T197: kanan | U197: =P5-(V176+V185+V194) -> 0.010962622 | V197: =(V176+V185+V194) -> 1.2590495
E198: kanan | J198: kanan | O198: kanan | T198: kanan
E199: tengah | J199: kanan | O199: kiri | T199: tengah
E200: kanan | J200: kiri | O200: tengah | T200: kanan
E201: kanan | J201: tengah | O201: tengah | T201: tengah
E202: kanan | J202: tengah | O202: kanan | T202: kanan
E203: kiri | J203: tengah | O203: kiri | T203: tengah
E204: tengah | J204: tengah | O204: kiri | T204: tengah
E205: kiri | J205: kiri | O205: kanan | T205: tengah
E206: kiri | J206: kanan | O206: kiri | T206: tengah
E207: tengah | J207: tengah | O207: kiri | T207: kanan
E208: kiri | J208: tengah | O208: tengah | T208: tengah
E209: kiri | J209: kiri | O209: kanan | T209: tengah
... E332: kanan | J332: tengah | O332: tengah | T332: tengah

Sheet Pohon 3
A1: No | B1: Usia | C1: Lama Rawat Inap | D1: Jumlah Kasus Per Bulan | E1: Jenis Kelamin | F1: Tingkat Resiko | H1: No | I1: Usia | J1: Lama Rawat Inap | K1: Jumlah Kasus Per Bulan | L1: Jenis Kelamin | M1: Tingkat Resiko | O1: Perhitungan root
A2: =RANDBETWEEN(2,164) -> 30 | B2: {=INDEX(Data_DBD!$B:$B,$A2)} -> 2,8 | C2: {=INDEX(Data_DBD!$C:$C,$A2)} -> 2 | D2: {=INDEX(Data_DBD!$D:$D,$A2)} -> 14 | E2: {=INDEX(Data_DBD!$E:$E,$A2)} -> 1 | F2: {=INDEX(Data_DBD!$F:$F,$A2)} -> 2 | H2: 84 | I2: 42 | J2: 4 | K2: 13 | L2: 1 | M2: 2 | O2: 1 | P2: =COUNTIF(M2:M164,"1") -> 16 | Q2: =P2/163 -> 0.098159509
A3: =RANDBETWEEN(2,164) -> 73 | B3: {=INDEX(Data_DBD!$B:$B,$A3)} -> 15 | C3: {=INDEX(Data_DBD!$C:$C,$A3)} -> 3 | D3: {=INDEX(Data_DBD!$D:$D,$A3)} -> 10 | E3: {=INDEX(Data_DBD!$E:$E,$A3)} -> 1 | F3: {=INDEX(Data_DBD!$F:$F,$A3)} -> 2 | H3: 87 | I3: 21 | J3: 3 | K3: 13 | L3: 0 | M3: 2 | O3: 2 | P3: =COUNTIF(M2:M164,"2") -> 78 | Q3: =P3/163 -> 0.47852761
A4: =RANDBETWEEN(2,164) -> 58 | B4: {=INDEX(Data_DBD!$B:$B,$A4)} -> 17 | C4: {=INDEX(Data_DBD!$C:$C,$A4)} -> 3 | D4: {=INDEX(Data_DBD!$D:$D,$A4)} -> 15 | E4: {=INDEX(Data_DBD!$E:$E,$A4)} -> 0 | F4: {=INDEX(Data_DBD!$F:$F,$A4)} -> 2 | H4: 116 | I4: 32 | J4: 4 | K4: 33 | L4: 1 | M4: 3 | O4: 3 | P4: =COUNTIF(M2:M164,"3") -> 69 | Q4: =P4/163 -> 0.42331288
A5: =RANDBETWEEN(2,164) -> 144 | B5: {=INDEX(Data_DBD!$B:$B,$A5)} -> 61 | C5: {=INDEX(Data_DBD!$C:$C,$A5)} -> 4 | D5: {=INDEX(Data_DBD!$D:$D,$A5)} -> 21 | E5: {=INDEX(Data_DBD!$E:$E,$A5)} -> 1 | F5: {=INDEX(Data_DBD!$F:$F,$A5)} -> 3 | H5: 101 | I5: 42 | J5: 5 | K5: 18 | L5: 0 | M5: 3 | O5: Entropy Root | P5: =-(IFERROR(Q2*LOG(Q2,2),0)+IFERROR(Q3*LOG(Q3,2),0)+IFERROR(Q4*LOG(Q4,2),0)) -> 1.3625345
A6: =RANDBETWEEN(2,164) -> 121 | B6: {=INDEX(Data_DBD!$B:$B,$A6)} -> 82 | C6: {=INDEX(Data_DBD!$C:$C,$A6)} -> 5 | D6: {=INDEX(Data_DBD!$D:$D,$A6)} -> 33 | E6: {=INDEX(Data_DBD!$E:$E,$A6)} -> 1 | F6: {=INDEX(Data_DBD!$F:$F,$A6)} -> 3 | H6: 95 | I6: 11 | J6: 3 | K6: 18 | L6: 1 | M6: 3
A7: =RANDBETWEEN(2,164) -> 115 | B7: {=INDEX(Data_DBD!$B:$B,$A7)} -> 52 | C7: {=INDEX(Data_DBD!$C:$C,$A7)} -> 3 | D7: {=INDEX(Data_DBD!$D:$D,$A7)} -> 33 | E7: {=INDEX(Data_DBD!$E:$E,$A7)} -> 1 | F7: {=INDEX(Data_DBD!$F:$F,$A7)} -> 3 | H7: 31 | I7: 64 | J7: 4 | K7: 14 | L7: 1 | M7: 2
A8: =RANDBETWEEN(2,164) -> 161 | B8: {=INDEX(Data_DBD!$B:$B,$A8)} -> 12 | C8: {=INDEX(Data_DBD!$C:$C,$A8)} -> 3 | D8: {=INDEX(Data_DBD!$D:$D,$A8)} -> 21 | E8: {=INDEX(Data_DBD!$E:$E,$A8)} -> 1 | F8: {=INDEX(Data_DBD!$F:$F,$A8)} -> 3 | H8: 119 | I8: 30 | J8: 7 | K8: 33 | L8: 0 | M8: 3
A9: =RANDBETWEEN(2,164) -> 55 | B9: {=INDEX(Data_DBD!$B:$B,$A9)} -> 7 | C9: {=INDEX(Data_DBD!$C:$C,$A9)} -> 4 | D9: {=INDEX(Data_DBD!$D:$D,$A9)} -> 15 | E9: {=INDEX(Data_DBD!$E:$E,$A9)} -> 1 | F9: {=INDEX(Data_DBD!$F:$F,$A9)} -> 2 | H9: 137 | I9: 3.5 | J9: 1 | K9: 33 | L9: 1 | M9: 3
A10: =RANDBETWEEN(2,164) -> 3 | B10: {=INDEX(Data_DBD!$B:$B,$A10)} -> 43 | C10: {=INDEX(Data_DBD!$C:$C,$A10)} -> 3 | D10: {=INDEX(Data_DBD!$D:$D,$A10)} -> 12 | E10: {=INDEX(Data_DBD!$E:$E,$A10)} -> 1 | F10: {=INDEX(Data_DBD!$F:$F,$A10)} -> 2 | H10: 7 | I10: 12 | J10: 1 | K10: 12 | L10: 1 | M10: 2
A11: =RANDBETWEEN(2,164) -> 37 | B11: {=INDEX(Data_DBD!$B:$B,$A11)} -> 28 | C11: {=INDEX(Data_DBD!$C:$C,$A11)} -> 4 | D11: {=INDEX(Data_DBD!$D:$D,$A11)} -> 4 | E11: {=INDEX(Data_DBD!$E:$E,$A11)} -> 1 | F11: {=INDEX(Data_DBD!$F:$F,$A11)} -> 1 | H11: 95 | I11: 11 | J11: 3 | K11: 18 | L11: 1 | M11: 3
A12: =RANDBETWEEN(2,164) -> 128 | B12: {=INDEX(Data_DBD!$B:$B,$A12)} -> 38 | C12: {=INDEX(Data_DBD!$C:$C,$A12)} -> 2 | D12: {=INDEX(Data_DBD!$D:$D,$A12)} -> 33 | E12: {=INDEX(Data_DBD!$E:$E,$A12)} -> 0 | F12: {=INDEX(Data_DBD!$F:$F,$A12)} -> 3 | H12: 86 | I12: 23 | J12: 3 | K12: 13 | L12: 0 | M12: 2
A13: =RANDBETWEEN(2,164) -> 100 | B13: {=INDEX(Data_DBD!$B:$B,$A13)} -> 19 | C13: {=INDEX(Data_DBD!$C:$C,$A13)} -> 6 | D13: {=INDEX(Data_DBD!$D:$D,$A13)} -> 18 | E13: {=INDEX(Data_DBD!$E:$E,$A13)} -> 0 | F13: {=INDEX(Data_DBD!$F:$F,$A13)} -> 3 | H13: 27 | I13: 37 | J13: 4 | K13: 14 | L13: 1 | M13: 2
A14: =RANDBETWEEN(2,164) -> 60 | B14: {=INDEX(Data_DBD!$B:$B,$A14)} -> 68 | C14: {=INDEX(Data_DBD!$C:$C,$A14)} -> 4 | D14: {=INDEX(Data_DBD!$D:$D,$A14)} -> 15 | E14: {=INDEX(Data_DBD!$E:$E,$A14)} -> 0 | F14: {=INDEX(Data_DBD!$F:$F,$A14)} -> 2 | H14: 11 | I14: 24 | J14: 5 | K14: 12 | L14: 1 | M14: 2
A15: =RANDBETWEEN(2,164) -> 11 | B15: {=INDEX(Data_DBD!$B:$B,$A15)} -> 24 | C15: {=INDEX(Data_DBD!$C:$C,$A15)} -> 5 | D15: {=INDEX(Data_DBD!$D:$D,$A15)} -> 12 | E15: {=INDEX(Data_DBD!$E:$E,$A15)} -> 1 | F15: {=INDEX(Data_DBD!$F:$F,$A15)} -> 2 | H15: 68 | I15: 44 | J15: 5 | K15: 10 | L15: 0 | M15: 2
A16: =RANDBETWEEN(2,164) -> 141 | B16: {=INDEX(Data_DBD!$B:$B,$A16)} -> 36 | C16: {=INDEX(Data_DBD!$C:$C,$A16)} -> 2 | D16: {=INDEX(Data_DBD!$D:$D,$A16)} -> 21 | E16: {=INDEX(Data_DBD!$E:$E,$A16)} -> 0 | F16: {=INDEX(Data_DBD!$F:$F,$A16)} -> 3 | H16: 150 | I16: 61 | J16: 5 | K16: 21 | L16: 1 | M16: 3
A17: =RANDBETWEEN(2,164) -> 9 | B17: {=INDEX(Data_DBD!$B:$B,$A17)} -> 16 | C17: {=INDEX(Data_DBD!$C:$C,$A17)} -> 6 | D17: {=INDEX(Data_DBD!$D:$D,$A17)} -> 12 | E17: {=INDEX(Data_DBD!$E:$E,$A17)} -> 1 | F17: {=INDEX(Data_DBD!$F:$F,$A17)} -> 2 | H17: 160 | I17: 16 | J17: 3 | K17: 21 | L17: 0 | M17: 3
... A164: =RANDBETWEEN(2,164) -> 38 | B164: {=INDEX(Data_DBD!$B:$B,$A164)} -> 52 | C164: {=INDEX(Data_DBD!$C:$C,$A164)} -> 3 | D164: {=INDEX(Data_DBD!$D:$D,$A164)} -> 4 | E164: {=INDEX(Data_DBD!$E:$E,$A164)} -> 1 | F164: {=INDEX(Data_DBD!$F:$F,$A164)} -> 1 | H164: 157 | I164: 15 | J164: 4 | K164: 21 | L164: 1 | M164: 3
I165: =AVERAGE(I2:I164) -> 32.199387 | J165: =AVERAGE(J2:J164) -> 3.6134969 | K165: =AVERAGE(K2:K164) -> 17.791411 | L165: =AVERAGE(L2:L164) -> 0.53374233
B167: 6
E168: USIA | J168: LAMA RAWAT INAP | O168: JUMLAH KASUS PER BULAN | T168: JENIS KELAMIN
E169: Usia | F169: =AVERAGEIF($I$2:$I$164,"<="&$I$165) -> 17.35 | G169: =AVERAGEIF($I$2:$I$164,">"&$I$165) -> 50.506849 | J169: Lama rawat inap | K169: =AVERAGEIF($J$2:$J$164,"<="&$J$165) -> 2.5135135 | L169: =AVERAGEIF($J$2:$J$164,">"&$J$165) -> 4.5280899 | O169: Jumlah kasus perbulan | P169: =AVERAGEIF($K$2:$K$164,"<="&$K$165) -> 11.989362 | Q169: =AVERAGEIF($K$2:$K$164,">"&$K$165) -> 25.695652 | T169: Jenis kelamin | U169: =AVERAGEIF($L$2:$L$164,"<="&$L$165) -> 0 | V169: =AVERAGEIF($L$2:$L$164,">"&$L$165) -> 1
E170: {=IF($I$2:$I$164<$F$169,"kiri",IF($I$2:$I$164<$G$169,"tengah","kanan"))} -> tengah | F170: Kanan > 50 | J170: {=IF($J$2:$J$164<$K$169,"kiri",IF($J$2:$J$164<$L$169,"tengah","kanan"))} -> tengah | K170: Kanan > 4.52 | O170: {=IF($K$2:$K$164<$P$169,"kiri",IF($K$2:$K$164<$Q$169,"tengah","kanan"))} -> tengah | P170: Kanan > 25.6 | T170: {=IF($L$2:$L$164<$U$169,"kiri",IF($L$2:$L$164<$V$169,"tengah","kanan"))} -> kanan | U170: Kanan > 1
E171: tengah | F171: =COUNTIFS($E$170:$E$332,"Kanan",$M$2:$M$164,"1") -> 5 | G171: =F171/32 -> 0.15625 | J171: tengah | K171: {=SUMPRODUCT((J170:J332="Kanan")*(M2:M164=1))} -> 6 | L171: =K171/37 -> 0.16216216 | O171: tengah | P171: =COUNTIFS($O$170:$O$332,"Kanan",$M$2:$M$164,"1") -> 0 | Q171: =P171/41 -> 0 | T171: tengah | U171: =COUNTIFS($T$170:$T$332,"Kanan",$M$2:$M$164,"1") -> 9 | V171: =U171/85 -> 0.10588235
E172: tengah | F172: =COUNTIFS($E$170:$E$332,"Kanan",$M$2:$M$164,"2") -> 12 | G172: =F172/32 -> 0.375 | J172: tengah | K172: =COUNTIFS($J$170:$J$332,"Kanan",$M$2:$M$164,"2") -> 17 | L172: =K172/37 -> 0.45945946 | O172: kanan | P172: =COUNTIFS($O$170:$O$332,"Kanan",$M$2:$M$164,"2") -> 0 | Q172: =P172/41 -> 0 | T172: kanan | U172: =COUNTIFS($T$170:$T$332,"Kanan",$M$2:$M$164,"2") -> 35 | V172: =U172/85 -> 0.41176471
E173: tengah | F173: {=SUMPRODUCT((E170:E332="KANAN")*(M2:M164=3))} -> 15 | G173: =F173/32 -> 0.46875 | J173: kanan | K173: =COUNTIFS($J$170:$J$332,"Kanan",$M$2:$M$164,"3") -> 14 | L173: =K173/37 -> 0.37837838 | O173: tengah | P173: =COUNTIFS($O$170:$O$332,"Kanan",$M$2:$M$164,"3") -> 31 | Q173: =P173/31 -> 1 | T173: tengah | U173: =COUNTIFS($T$170:$T$332,"Kanan",$M$2:$M$164,"3") -> 43 | V173: =U173/85 -> 0.50588235
E174: kiri | F174: Entropy | G174: =-(IFERROR(G171*LOG(G171,2),0)+IFERROR(G172*LOG(G172,2),0)+IFERROR(G173*LOG(G173,2),0)) -> 1.4614828 | J174: tengah | K174: Entropy | L174: =-(IFERROR(L171*LOG(L171,2),0)+IFERROR(L172*LOG(L172,2),0)+IFERROR(L173*LOG(L173,2),0)) -> 1.471626 | O174: tengah | P174: Entropy | Q174: =-(IFERROR(Q171*LOG(Q171,2),0)+IFERROR(Q172*LOG(Q172,2),0)+IFERROR(Q173*LOG(Q173,2),0)) -> 0 | T174: kanan | U174: Entropy | V174: =-(IFERROR(V171*LOG(V171,2),0)+IFERROR(V172*LOG(V172,2),0)+IFERROR(V173*LOG(V173,2),0)) -> 1.3674517
E175: kanan | G175: =SUM(F171:F173)/163 -> 0.19631902 | J175: tengah | L175: =SUM(K171:K173)/163 -> 0.22699387 | O175: tengah | Q175: =SUM(P171:P173)/163 -> 0.19018405 | T175: kanan | V175: =SUM(U171:U173)/163 -> 0.53374233
E176: tengah | G176: =G174*G175 -> 0.28691687 | J176: kanan | L176: =L174*L175 -> 0.33405008 | O176: kanan | Q176: =Q174*Q175 -> 0 | T176: tengah | V176: =V174*V175 -> 0.72986687
E177: kiri | J177: kiri | O177: kanan | T177: kanan
E178: kiri | J178: kiri | O178: tengah | T178: kanan
E179: kiri | F179: Kiri<17.3 | J179: tengah | K179: Kiri<2.51 | O179: tengah | P179: Kiri<11.9 | T179: kanan | U179: Kiri<0
E180: tengah | F180: {=SUMPRODUCT((E170:E332="kiri")*(M2:M164=1))} -> 6 | G180: =F180/42 -> 0.14285714 | J180: tengah | K180: =COUNTIFS($J$170:$J$332,"Kiri",$M$2:$M$164,"1") -> 2 | L180: =K180/29 -> 0.068965517 | O180: tengah | P180: =COUNTIFS($O$170:$O$332,"Kiri",$M$2:$M$164,"1") -> 16 | Q180: =P180/33 -> 0.48484848 | T180: tengah | U180: =COUNTIFS($T$170:$T$332,"Kiri",$M$2:$M$164,"1") -> 0 | V180: =U180/57 -> 0
E181: tengah | F181: {=SUMPRODUCT((E170:E332="kiri")*(M2:M164=2))} -> 11 | G181: =F181/42 -> 0.26190476 | J181: tengah | K181: =COUNTIFS($J$170:$J$332,"Kiri",$M$2:$M$164,"2") -> 7 | L181: =K181/29 -> 0.24137931 | O181: tengah | P181: =COUNTIFS($O$170:$O$332,"Kiri",$M$2:$M$164,"2") -> 7 | Q181: =P181/33 -> 0.21212121 | T181: kanan | U181: =COUNTIFS($T$170:$T$332,"Kiri",$M$2:$M$164,"2") -> 0 | V181: =U181/57 -> 0
E182: tengah | F182: {=SUMPRODUCT((E170:E332="kiri")*(M2:M164=3))} -> 25 | G182: =F182/42 -> 0.5952381 | J182: kanan | K182: =COUNTIFS($J$170:$J$332,"Kiri",$M$2:$M$164,"3") -> 20 | L182: =K182/29 -> 0.68965517 | O182: tengah | P182: =COUNTIFS($O$170:$O$332,"Kiri",$M$2:$M$164,"3") -> 0 | Q182: =P182/65 -> 0 | T182: kanan | U182: =COUNTIFS($T$170:$T$332,"Kiri",$M$2:$M$164,"3") -> 0 | V182: =U182/57 -> 0
E183: tengah | F183: Entropy | G183: =-(IFERROR(G180*LOG(G180,2),0)+IFERROR(G181*LOG(G181,2),0)+IFERROR(G182*LOG(G182,2),0)) -> 1.3527953 | J183: kanan | K183: Entropy | L183: =-(IFERROR(L180*LOG(L180,2),0)+IFERROR(L181*LOG(L181,2),0)+IFERROR(L182*LOG(L182,2),0)) -> 1.130738 | O183: kiri | P183: Entropy | Q183: =-(IFERROR(Q180*LOG(Q180,2),0)+IFERROR(Q181*LOG(Q181,2),0)+IFERROR(Q182*LOG(Q182,2),0)) -> 0.98089637 | T183: tengah | U183: Entropy | V183: =-(IFERROR(V180*LOG(V180,2),0)+IFERROR(V181*LOG(V181,2),0)+IFERROR(V182*LOG(V182,2),0)) -> 0
E184: kanan | G184: =SUM(F180:F182)/163 -> 0.25766871 | J184: kanan | L184: =SUM(K180:K182)/163 -> 0.17791411 | O184: tengah | Q184: =SUM(P180:P182)/163 -> 0.14110429 | T184: kanan | V184: =SUM(U180:U182)/163 -> 0
E185: kiri | G185: =G183*G184 -> 0.34857303 | J185: tengah | L185: =L183*L184 -> 0.20117425 | O185: tengah | Q185: =Q183*Q184 -> 0.13840869 | T185: tengah | V185: =V183*V184 -> 0
E186: tengah | J186: tengah | O186: tengah | T186: tengah
E187: tengah | J187: kiri | O187: kanan | T187: kanan
E188: kiri | F188: Tengah | J188: tengah | K188: Tengah | O188: tengah | P188: Tengah | T188: tengah | U188: Tengah
E189: tengah | F189: {=SUMPRODUCT((E170:E332="tengah")*(M2:M164=1))} -> 5 | G189: =F189/89 -> 0.056179775 | J189: kiri | K189: =COUNTIFS($J$170:$J$332,"Tengah",$M$2:$M$164,"1") -> 8 | L189: =K189/97 -> 0.082474227 | O189: tengah | P189: =COUNTIFS($O$170:$O$332,"Tengah",$M$2:$M$164,"1") -> 0 | Q189: =P189/109 -> 0 | T189: kanan | U189: =COUNTIFS($T$170:$T$332,"Tengah",$M$2:$M$164,"1") -> 7 | V189: =U189/78 -> 0.08974359
E190: kiri | F190: {=SUMPRODUCT((E170:E332="tengah")*(M2:M164=2))} -> 55 | G190: =F190/89 -> 0.61797753 | J190: kiri | K190: =COUNTIFS($J$170:$J$332,"Tengah",$M$2:$M$164,"2") -> 54 | L190: =K190/97 -> 0.55670103 | O190: kanan | P190: =COUNTIFS($O$170:$O$332,"Tengah",$M$2:$M$164,"2") -> 71 | Q190: =P190/109 -> 0.65137615 | T190: kanan | U190: =COUNTIFS($T$170:$T$332,"Tengah",$M$2:$M$164,"2") -> 43 | V190: =U190/78 -> 0.55128205
E191: tengah | F191: {=SUMPRODUCT((E170:E332="tengah")*(M2:M164=3))} -> 29 | G191: =F191/89 -> 0.3258427 | J191: tengah | K191: =COUNTIFS($J$170:$J$332,"Tengah",$M$2:$M$164,"3") -> 35 | L191: =K191/97 -> 0.36082474 | O191: tengah | P191: =COUNTIFS($O$170:$O$332,"Tengah",$M$2:$M$164,"3") -> 38 | Q191: =P191/109 -> 0.34862385 | T191: tengah | U191: =COUNTIFS($T$170:$T$332,"Tengah",$M$2:$M$164,"3") -> 26 | V191: =U191/78 -> 0.33333333
E192: kiri | F192: Entropy | G192: =-(IFERROR(G189*LOG(G189,2),0)+IFERROR(G190*LOG(G190,2),0)+IFERROR(G191*LOG(G191,2),0)) -> 1.1896 | J192: tengah | K192: Entropy | L192: =-(IFERROR(L189*LOG(L189,2),0)+IFERROR(L190*LOG(L190,2),0)+IFERROR(L191*LOG(L191,2),0)) -> 1.2979661 | O192: kanan | P192: Entropy | Q192: =-(IFERROR(Q189*LOG(Q189,2),0)+IFERROR(Q190*LOG(Q190,2),0)+IFERROR(Q191*LOG(Q191,2),0)) -> 0.93283303 | T192: tengah | U192: Entropy | V192: =-(IFERROR(V189*LOG(V189,2),0)+IFERROR(V190*LOG(V190,2),0)+IFERROR(V191*LOG(V191,2),0)) -> 1.3140803
E193: tengah | G193: =SUM(F189:F191)/163 -> 0.54601227 | J193: tengah | L193: =SUM(K189:K191)/163 -> 0.59509202 | O193: tengah | Q193: =SUM(P189:P191)/163 -> 0.66871166 | T193: tengah | V193: =SUM(U189:U191)/163 -> 0.46625767
E194: tengah | G194: =G192*G193 -> 0.64953621 | J194: kanan | L194: =L192*L193 -> 0.77240929 | O194: tengah | Q194: =Q192*Q193 -> 0.62379632 | T194: kanan | V194: =V192*V193 -> 0.61270004
E195: tengah | J195: tengah | O195: tengah | T195: kanan
E196: tengah | F196: IG | G196: Entropy | J196: tengah | K196: IG | L196: Entropy | O196: tengah | P196: IG | Q196: Entropy | T196: tengah | U196: IG | V196: Entropy
E197: tengah | F197: =P5-(G176+G185+G194) -> 0.077508417 | G197: =(G176+G185+G194) -> 1.2850261 | J197: tengah | K197: =P5-(L176+L185+L194) -> 0.054900913 | L197: =(L176+L185+L194) -> 1.3076336 | O197: kiri | P197: =P5-(Q176+Q185+Q194) -> 0.60032952 | Q197: =(Q176+Q185+Q194) -> 0.76220501 | T197: kanan | U197: =P5-(V176+V185+V194) -> 0.019967622 | V197: =(V176+V185+V194) -> 1.3425669
E198: kanan | J198: kanan | O198: tengah | T198: kanan
E199: tengah | J199: tengah | O199: tengah | T199: tengah
E200: tengah | J200: tengah | O200: kanan | T200: tengah
E201: kiri | J201: tengah | O201: kanan | T201: tengah
E202: tengah | J202: tengah | O202: tengah | T202: tengah
E203: kanan | J203: kanan | O203: kiri | T203: kanan
E204: tengah | J204: tengah | O204: tengah | T204: tengah
E205: tengah | J205: kiri | O205: kiri | T205: kanan
E206: kanan | J206: tengah | O206: tengah | T206: tengah
E207: tengah | J207: tengah | O207: tengah | T207: kanan
E208: tengah | J208: tengah | O208: tengah | T208: kanan
E209: tengah | J209: tengah | O209: tengah | T209: tengah
... E332: kiri | J332: tengah | O332: tengah | T332: kanan

Sheet Pohon 4
A1: No | B1: Usia | C1: Lama Rawat Inap | D1: Jumlah Kasus Per Bulan | E1: Jenis Kelamin | F1: Tingkat Resiko | H1: No | I1: Usia | J1: Lama Rawat Inap | K1: Jumlah Kasus Per Bulan | L1: Jenis Kelamin | M1: Tingkat Resiko | O1: Perhitungan root
A2: =RANDBETWEEN(2,164) -> 33 | B2: {=INDEX(Data_DBD!$B:$B,$A2)} -> 19 | C2: {=INDEX(Data_DBD!$C:$C,$A2)} -> 4 | D2: {=INDEX(Data_DBD!$D:$D,$A2)} -> 14 | E2: {=INDEX(Data_DBD!$E:$E,$A2)} -> 1 | F2: {=INDEX(Data_DBD!$F:$F,$A2)} -> 2 | H2: 47 | I2: 19 | J2: 2 | K2: 13 | L2: 0 | M2: 2 | O2: 1 | P2: =COUNTIF(M2:M164,"1") -> 7 | Q2: =P2/163 -> 0.042944785
A3: =RANDBETWEEN(2,164) -> 98 | B3: {=INDEX(Data_DBD!$B:$B,$A3)} -> 16 | C3: {=INDEX(Data_DBD!$C:$C,$A3)} -> 2 | D3: {=INDEX(Data_DBD!$D:$D,$A3)} -> 18 | E3: {=INDEX(Data_DBD!$E:$E,$A3)} -> 1 | F3: {=INDEX(Data_DBD!$F:$F,$A3)} -> 3 | H3: 81 | I3: 23 | J3: 5 | K3: 13 | L3: 1 | M3: 2 | O3: 2 | P3: =COUNTIF(M2:M164,"2") -> 84 | Q3: =P3/163 -> 0.51533742
A4: =RANDBETWEEN(2,164) -> 79 | B4: {=INDEX(Data_DBD!$B:$B,$A4)} -> 29 | C4: {=INDEX(Data_DBD!$C:$C,$A4)} -> 3 | D4: {=INDEX(Data_DBD!$D:$D,$A4)} -> 13 | E4: {=INDEX(Data_DBD!$E:$E,$A4)} -> 0 | F4: {=INDEX(Data_DBD!$F:$F,$A4)} -> 2 | H4: 124 | I4: 24 | J4: 3 | K4: 33 | L4: 1 | M4: 3 | O4: 3 | P4: =COUNTIF(M2:M164,"3") -> 72 | Q4: =P4/163 -> 0.44171779
A5: =RANDBETWEEN(2,164) -> 145 | B5: {=INDEX(Data_DBD!$B:$B,$A5)} -> 28 | C5: {=INDEX(Data_DBD!$C:$C,$A5)} -> 4 | D5: {=INDEX(Data_DBD!$D:$D,$A5)} -> 21 | E5: {=INDEX(Data_DBD!$E:$E,$A5)} -> 1 | F5: {=INDEX(Data_DBD!$F:$F,$A5)} -> 3 | H5: 26 | I5: 75 | J5: 4 | K5: 14 | L5: 1 | M5: 2 | O5: Entropy Root | P5: =-(IFERROR(Q2*LOG(Q2,2),0)+IFERROR(Q3*LOG(Q3,2),0)+IFERROR(Q4*LOG(Q4,2),0)) -> 1.2086009
A6: =RANDBETWEEN(2,164) -> 94 | B6: {=INDEX(Data_DBD!$B:$B,$A6)} -> 12 | C6: {=INDEX(Data_DBD!$C:$C,$A6)} -> 4 | D6: {=INDEX(Data_DBD!$D:$D,$A6)} -> 18 | E6: {=INDEX(Data_DBD!$E:$E,$A6)} -> 0 | F6: {=INDEX(Data_DBD!$F:$F,$A6)} -> 3 | H6: 122 | I6: 28 | J6: 3 | K6: 33 | L6: 1 | M6: 3
A7: =RANDBETWEEN(2,164) -> 76 | B7: {=INDEX(Data_DBD!$B:$B,$A7)} -> 70 | C7: {=INDEX(Data_DBD!$C:$C,$A7)} -> 2 | D7: {=INDEX(Data_DBD!$D:$D,$A7)} -> 10 | E7: {=INDEX(Data_DBD!$E:$E,$A7)} -> 0 | F7: {=INDEX(Data_DBD!$F:$F,$A7)} -> 2 | H7: 147 | I7: 66 | J7: 10 | K7: 21 | L7: 1 | M7: 3
A8: =RANDBETWEEN(2,164) -> 125 | B8: {=INDEX(Data_DBD!$B:$B,$A8)} -> 39 | C8: {=INDEX(Data_DBD!$C:$C,$A8)} -> 4 | D8: {=INDEX(Data_DBD!$D:$D,$A8)} -> 33 | E8: {=INDEX(Data_DBD!$E:$E,$A8)} -> 0 | F8: {=INDEX(Data_DBD!$F:$F,$A8)} -> 3 | H8: 54 | I8: 7 | J8: 3 | K8: 15 | L8: 0 | M8: 2
A9: =RANDBETWEEN(2,164) -> 36 | B9: {=INDEX(Data_DBD!$B:$B,$A9)} -> 27 | C9: {=INDEX(Data_DBD!$C:$C,$A9)} -> 1 | D9: {=INDEX(Data_DBD!$D:$D,$A9)} -> 4 | E9: {=INDEX(Data_DBD!$E:$E,$A9)} -> 1 | F9: {=INDEX(Data_DBD!$F:$F,$A9)} -> 1 | H9: 90 | I9: 47 | J9: 3 | K9: 18 | L9: 0 | M9: 3
A10: =RANDBETWEEN(2,164) -> 117 | B10: {=INDEX(Data_DBD!$B:$B,$A10)} -> 49 | C10: {=INDEX(Data_DBD!$C:$C,$A10)} -> 4 | D10: {=INDEX(Data_DBD!$D:$D,$A10)} -> 33 | E10: {=INDEX(Data_DBD!$E:$E,$A10)} -> 1 | F10: {=INDEX(Data_DBD!$F:$F,$A10)} -> 3 | H10: 66 | I10: 21 | J10: 5 | K10: 15 | L10: 1 | M10: 2
A11: =RANDBETWEEN(2,164) -> 52 | B11: {=INDEX(Data_DBD!$B:$B,$A11)} -> 59 | C11: {=INDEX(Data_DBD!$C:$C,$A11)} -> 4 | D11: {=INDEX(Data_DBD!$D:$D,$A11)} -> 15 | E11: {=INDEX(Data_DBD!$E:$E,$A11)} -> 1 | F11: {=INDEX(Data_DBD!$F:$F,$A11)} -> 2 | H11: 72 | I11: 3 | J11: 5 | K11: 10 | L11: 1 | M11: 2
A12: =RANDBETWEEN(2,164) -> 96 | B12: {=INDEX(Data_DBD!$B:$B,$A12)} -> 56 | C12: {=INDEX(Data_DBD!$C:$C,$A12)} -> 4 | D12: {=INDEX(Data_DBD!$D:$D,$A12)} -> 18 | E12: {=INDEX(Data_DBD!$E:$E,$A12)} -> 0 | F12: {=INDEX(Data_DBD!$F:$F,$A12)} -> 3 | H12: 57 | I12: 2 | J12: 2 | K12: 15 | L12: 1 | M12: 2
A13: =RANDBETWEEN(2,164) -> 156 | B13: {=INDEX(Data_DBD!$B:$B,$A13)} -> 5 | C13: {=INDEX(Data_DBD!$C:$C,$A13)} -> 2 | D13: {=INDEX(Data_DBD!$D:$D,$A13)} -> 21 | E13: {=INDEX(Data_DBD!$E:$E,$A13)} -> 0 | F13: {=INDEX(Data_DBD!$F:$F,$A13)} -> 3 | H13: 67 | I13: 21 | J13: 3 | K13: 10 | L13: 1 | M13: 2
A14: =RANDBETWEEN(2,164) -> 91 | B14: {=INDEX(Data_DBD!$B:$B,$A14)} -> 35 | C14: {=INDEX(Data_DBD!$C:$C,$A14)} -> 1 | D14: {=INDEX(Data_DBD!$D:$D,$A14)} -> 18 | E14: {=INDEX(Data_DBD!$E:$E,$A14)} -> 1 | F14: {=INDEX(Data_DBD!$F:$F,$A14)} -> 3 | H14: 91 | I14: 35 | J14: 1 | K14: 18 | L14: 1 | M14: 3
A15: =RANDBETWEEN(2,164) -> 84 | B15: {=INDEX(Data_DBD!$B:$B,$A15)} -> 42 | C15: {=INDEX(Data_DBD!$C:$C,$A15)} -> 4 | D15: {=INDEX(Data_DBD!$D:$D,$A15)} -> 13 | E15: {=INDEX(Data_DBD!$E:$E,$A15)} -> 1 | F15: {=INDEX(Data_DBD!$F:$F,$A15)} -> 2 | H15: 22 | I15: 6 | J15: 3 | K15: 14 | L15: 0 | M15: 2
A16: =RANDBETWEEN(2,164) -> 160 | B16: {=INDEX(Data_DBD!$B:$B,$A16)} -> 16 | C16: {=INDEX(Data_DBD!$C:$C,$A16)} -> 3 | D16: {=INDEX(Data_DBD!$D:$D,$A16)} -> 21 | E16: {=INDEX(Data_DBD!$E:$E,$A16)} -> 0 | F16: {=INDEX(Data_DBD!$F:$F,$A16)} -> 3 | H16: 145 | I16: 28 | J16: 4 | K16: 21 | L16: 1 | M16: 3
A17: =RANDBETWEEN(2,164) -> 83 | B17: {=INDEX(Data_DBD!$B:$B,$A17)} -> 50 | C17: {=INDEX(Data_DBD!$C:$C,$A17)} -> 3 | D17: {=INDEX(Data_DBD!$D:$D,$A17)} -> 13 | E17: {=INDEX(Data_DBD!$E:$E,$A17)} -> 0 | F17: {=INDEX(Data_DBD!$F:$F,$A17)} -> 2 | H17: 50 | I17: 19 | J17: 5 | K17: 13 | L17: 0 | M17: 2
... A57: =RANDBETWEEN(2,164) -> 150 | B57: {=INDEX(Data_DBD!$B:$B,$A57)} -> 61 | C57: {=INDEX(Data_DBD!$C:$C,$A57)} -> 5 | D57: {=INDEX(Data_DBD!$D:$D,$A57)} -> 21 | E57: {=INDEX(Data_DBD!$E:$E,$A57)} -> 1 | F57: {=INDEX(Data_DBD!$F:$F,$A57)} -> 3 | H57: 39 | I57: 12 | J57: 5 | K57: 13 | L57: 1 | M57: 2
A58: =RANDBETWEEN(2,164) -> 110 | B58: {=INDEX(Data_DBD!$B:$B,$A58)} -> 42 | C58: {=INDEX(Data_DBD!$C:$C,$A58)} -> 2 | D58: {=INDEX(Data_DBD!$D:$D,$A58)} -> 33 | E58: {=INDEX(Data_DBD!$E:$E,$A58)} -> 1 | F58: {=INDEX(Data_DBD!$F:$F,$A58)} -> 3 | H58: 30 | I58: 2,8 | J58: 2 | K58: 14 | L58: 1 | M58: 2
A59: =RANDBETWEEN(2,164) -> 138 | B59: {=INDEX(Data_DBD!$B:$B,$A59)} -> 13 | C59: {=INDEX(Data_DBD!$C:$C,$A59)} -> 3 | D59: {=INDEX(Data_DBD!$D:$D,$A59)} -> 33 | E59: {=INDEX(Data_DBD!$E:$E,$A59)} -> 1 | F59: {=INDEX(Data_DBD!$F:$F,$A59)} -> 3 | H59: 25 | I59: 81 | J59: 5 | K59: 14 | L59: 0 | M59: 2
A60: =RANDBETWEEN(2,164) -> 76 | B60: {=INDEX(Data_DBD!$B:$B,$A60)} -> 70 | C60: {=INDEX(Data_DBD!$C:$C,$A60)} -> 2 | D60: {=INDEX(Data_DBD!$D:$D,$A60)} -> 10 | E60: {=INDEX(Data_DBD!$E:$E,$A60)} -> 0 | F60: {=INDEX(Data_DBD!$F:$F,$A60)} -> 2 | H60: 73 | I60: 15 | J60: 3 | K60: 10 | L60: 1 | M60: 2
A61: =RANDBETWEEN(2,164) -> 156 | B61: {=INDEX(Data_DBD!$B:$B,$A61)} -> 5 | C61: {=INDEX(Data_DBD!$C:$C,$A61)} -> 2 | D61: {=INDEX(Data_DBD!$D:$D,$A61)} -> 21 | E61: {=INDEX(Data_DBD!$E:$E,$A61)} -> 0 | F61: {=INDEX(Data_DBD!$F:$F,$A61)} -> 3 | H61: 64 | I61: 35 | J61: 1 | K61: 15 | L61: 0 | M61: 2
A62: =RANDBETWEEN(2,164) -> 44 | B62: {=INDEX(Data_DBD!$B:$B,$A62)} -> 28 | C62: {=INDEX(Data_DBD!$C:$C,$A62)} -> 5 | D62: {=INDEX(Data_DBD!$D:$D,$A62)} -> 13 | E62: {=INDEX(Data_DBD!$E:$E,$A62)} -> 1 | F62: {=INDEX(Data_DBD!$F:$F,$A62)} -> 2 | H62: 68 | I62: 44 | J62: 5 | K62: 10 | L62: 0 | M62: 2
A63: =RANDBETWEEN(2,164) -> 38 | B63: {=INDEX(Data_DBD!$B:$B,$A63)} -> 52 | C63: {=INDEX(Data_DBD!$C:$C,$A63)} -> 3 | D63: {=INDEX(Data_DBD!$D:$D,$A63)} -> 4 | E63: {=INDEX(Data_DBD!$E:$E,$A63)} -> 1 | F63: {=INDEX(Data_DBD!$F:$F,$A63)} -> 1 | H63: 60 | I63: 68 | J63: 4 | K63: 15 | L63: 0 | M63: 2
A64: =RANDBETWEEN(2,164) -> 107 | B64: {=INDEX(Data_DBD!$B:$B,$A64)} -> 48 | C64: {=INDEX(Data_DBD!$C:$C,$A64)} -> 5 | D64: {=INDEX(Data_DBD!$D:$D,$A64)} -> 18 | E64: {=INDEX(Data_DBD!$E:$E,$A64)} -> 0 | F64: {=INDEX(Data_DBD!$F:$F,$A64)} -> 3 | H64: 66 | I64: 21 | J64: 5 | K64: 15 | L64: 1 | M64: 2
A65: =RANDBETWEEN(2,164) -> 142 | B65: {=INDEX(Data_DBD!$B:$B,$A65)} -> 39 | C65: {=INDEX(Data_DBD!$C:$C,$A65)} -> 2 | D65: {=INDEX(Data_DBD!$D:$D,$A65)} -> 21 | E65: {=INDEX(Data_DBD!$E:$E,$A65)} -> 1 | F65: {=INDEX(Data_DBD!$F:$F,$A65)} -> 3 | H65: 19 | I65: 8 | J65: 4 | K65: 7 | L65: 0 | M65: 1
A66: =RANDBETWEEN(2,164) -> 136 | B66: {=INDEX(Data_DBD!$B:$B,$A66)} -> 6 | C66: {=INDEX(Data_DBD!$C:$C,$A66)} -> 2 | D66: {=INDEX(Data_DBD!$D:$D,$A66)} -> 33 | E66: {=INDEX(Data_DBD!$E:$E,$A66)} -> 0 | F66: {=INDEX(Data_DBD!$F:$F,$A66)} -> 3 | H66: 88 | I66: 20 | J66: 4 | K66: 13 | L66: 1 | M66: 2
A67: =RANDBETWEEN(2,164) -> 125 | B67: {=INDEX(Data_DBD!$B:$B,$A67)} -> 39 | C67: {=INDEX(Data_DBD!$C:$C,$A67)} -> 4 | D67: {=INDEX(Data_DBD!$D:$D,$A67)} -> 33 | E67: {=INDEX(Data_DBD!$E:$E,$A67)} -> 0 | F67: {=INDEX(Data_DBD!$F:$F,$A67)} -> 3 | H67: 28 | I67: 22 | J67: 2 | K67: 14 | L67: 1 | M67: 2
A68: =RANDBETWEEN(2,164) -> 108 | B68: {=INDEX(Data_DBD!$B:$B,$A68)} -> 69 | C68: {=INDEX(Data_DBD!$C:$C,$A68)} -> 7 | D68: {=INDEX(Data_DBD!$D:$D,$A68)} -> 33 | E68: {=INDEX(Data_DBD!$E:$E,$A68)} -> 1 | F68: {=INDEX(Data_DBD!$F:$F,$A68)} -> 3 | H68: 50 | I68: 19 | J68: 5 | K68: 13 | L68: 0 | M68: 2
A69: =RANDBETWEEN(2,164) -> 104 | B69: {=INDEX(Data_DBD!$B:$B,$A69)} -> 37 | C69: {=INDEX(Data_DBD!$C:$C,$A69)} -> 4 | D69: {=INDEX(Data_DBD!$D:$D,$A69)} -> 18 | E69: {=INDEX(Data_DBD!$E:$E,$A69)} -> 1 | F69: {=INDEX(Data_DBD!$F:$F,$A69)} -> 3 | H69: 118 | I69: 67 | J69: 4 | K69: 33 | L69: 1 | M69: 3
A70: =RANDBETWEEN(2,164) -> 97 | B70: {=INDEX(Data_DBD!$B:$B,$A70)} -> 16 | C70: {=INDEX(Data_DBD!$C:$C,$A70)} -> 2 | D70: {=INDEX(Data_DBD!$D:$D,$A70)} -> 18 | E70: {=INDEX(Data_DBD!$E:$E,$A70)} -> 1 | F70: {=INDEX(Data_DBD!$F:$F,$A70)} -> 3 | H70: 5 | I70: 18 | J70: 2 | K70: 12 | L70: 1 | M70: 2
... A164: =RANDBETWEEN(2,164) -> 136 | B164: {=INDEX(Data_DBD!$B:$B,$A164)} -> 6 | C164: {=INDEX(Data_DBD!$C:$C,$A164)} -> 2 | D164: {=INDEX(Data_DBD!$D:$D,$A164)} -> 33 | E164: {=INDEX(Data_DBD!$E:$E,$A164)} -> 0 | F164: {=INDEX(Data_DBD!$F:$F,$A164)} -> 3 | H164: 42 | I164: 21 | J164: 5 | K164: 13 | L164: 1 | M164: 2
I165: =AVERAGE(I2:I164) -> 31.506173 | J165: =AVERAGE(J2:J164) -> 3.7546012 | K165: =AVERAGE(K2:K164) -> 18.453988 | L165: =AVERAGE(L2:L164) -> 0.55214724
B166: 10
E168: USIA | J168: LAMA RAWAT INAP | O168: JUMLAH KASUS PER BULAN | T168: JENIS KELAMIN
E169: Usia | F169: =AVERAGEIF($I$2:$I$164,"<="&$I$165) -> 17.95 | G169: =AVERAGEIF($I$2:$I$164,">"&$I$165) -> 53.370968 | J169: Lama rawat inap | K169: =AVERAGEIF($J$2:$J$164,"<="&$J$165) -> 2.5616438 | L169: =AVERAGEIF($J$2:$J$164,">"&$J$165) -> 4.7222222 | O169: Jumlah kasus perbulan | P169: =AVERAGEIF($K$2:$K$164,"<="&$K$165) -> 13.047619 | Q169: =AVERAGEIF($K$2:$K$164,">"&$K$165) -> 28.241379 | T169: Jenis kelamin | U169: =AVERAGEIF($L$2:$L$164,"<="&$L$165) -> 0 | V169: =AVERAGEIF($L$2:$L$164,">"&$L$165) -> 1
E170: {=IF($I$2:$I$164<$F$169,"kiri",IF($I$2:$I$164<$G$169,"tengah","kanan"))} -> tengah | F170: Kanan > 50 | J170: {=IF($J$2:$J$164<$K$169,"kiri",IF($J$2:$J$164<$L$169,"tengah","kanan"))} -> kiri | K170: Kanan > 4.52 | O170: {=IF($K$2:$K$164<$P$169,"kiri",IF($K$2:$K$164<$Q$169,"tengah","kanan"))} -> kiri | P170: Kanan > 28.2 | T170: {=IF($L$2:$L$164<$U$169,"kiri",IF($L$2:$L$164<$V$169,"tengah","kanan"))} -> tengah | U170: Kanan > 1
E171: tengah | F171: =COUNTIFS($E$170:$E$332,"Kanan",$M$2:$M$164,"1") -> 0 | G171: =F171/32 -> 0 | J171: kanan | K171: {=SUMPRODUCT((J170:J332="Kanan")*(M2:M164=1))} -> 1 | L171: =K171/42 -> 0.023809524 | O171: kiri | P171: =COUNTIFS($O$170:$O$332,"Kanan",$M$2:$M$164,"1") -> 0 | Q171: =P171/35 -> 0 | T171: kanan | U171: =COUNTIFS($T$170:$T$332,"Kanan",$M$2:$M$164,"1") -> 5 | V171: =U171/85 -> 0.058823529
E172: tengah | F172: =COUNTIFS($E$170:$E$332,"Kanan",$M$2:$M$164,"2") -> 10 | G172: =F172/32 -> 0.3125 | J172: tengah | K172: =COUNTIFS($J$170:$J$332,"Kanan",$M$2:$M$164,"2") -> 28 | L172: =K172/42 -> 0.66666667 | O172: kanan | P172: =COUNTIFS($O$170:$O$332,"Kanan",$M$2:$M$164,"2") -> 0 | Q172: =P172/35 -> 0 | T172: kanan | U172: =COUNTIFS($T$170:$T$332,"Kanan",$M$2:$M$164,"2") -> 43 | V172: =U172/85 -> 0.50588235
E173: kanan | F173: {=SUMPRODUCT((E170:E332="KANAN")*(M2:M164=3))} -> 22 | G173: =F173/32 -> 0.6875 | J173: tengah | K173: =COUNTIFS($J$170:$J$332,"Kanan",$M$2:$M$164,"3") -> 13 | L173: =K173/42 -> 0.30952381 | O173: tengah | P173: =COUNTIFS($O$170:$O$332,"Kanan",$M$2:$M$164,"3") -> 35 | Q173: =P173/35 -> 1 | T173: kanan | U173: =COUNTIFS($T$170:$T$332,"Kanan",$M$2:$M$164,"3") -> 42 | V173: =U173/85 -> 0.49411765
E174: tengah | F174: Entropy | G174: =-(IFERROR(G171*LOG(G171,2),0)+IFERROR(G172*LOG(G172,2),0)+IFERROR(G173*LOG(G173,2),0)) -> 0.89603823 | J174: tengah | K174: Entropy | L174: =-(IFERROR(L171*LOG(L171,2),0)+IFERROR(L172*LOG(L172,2),0)+IFERROR(L173*LOG(L173,2),0)) -> 1.0420399 | O174: kanan | P174: Entropy | Q174: =-(IFERROR(Q171*LOG(Q171,2),0)+IFERROR(Q172*LOG(Q172,2),0)+IFERROR(Q173*LOG(Q173,2),0)) -> 0 | T174: kanan | U174: Entropy | V174: =-(IFERROR(V171*LOG(V171,2),0)+IFERROR(V172*LOG(V172,2),0)+IFERROR(V173*LOG(V173,2),0)) -> 1.2403391
E175: kanan | G175: =SUM(F171:F173)/163 -> 0.19631902 | J175: kanan | L175: =SUM(K171:K173)/163 -> 0.25766871 | O175: tengah | Q175: =SUM(P171:P173)/163 -> 0.21472393 | T175: kanan | V175: =SUM(U171:U173)/163 -> 0.55214724
E176: kiri | G176: =G174*G175 -> 0.17590935 | J176: tengah | L176: =L174*L175 -> 0.26850109 | O176: tengah | Q176: =Q174*Q175 -> 0 | T176: tengah | V176: =V174*V175 -> 0.68484984
E177: tengah | J177: tengah | O177: tengah | T177: tengah
E178: tengah | J178: kanan | O178: tengah | T178: kanan
E179: kiri | F179: Kiri<17.3 | J179: kanan | K179: Kiri<2.51 | O179: kiri | P179: Kiri<13 | T179: kanan | U179: Kiri<0
E180: kiri | F180: {=SUMPRODUCT((E170:E332="kiri")*(M2:M164=1))} -> 2 | G180: =F180/38 -> 0.052631579 | J180: kiri | K180: =COUNTIFS($J$170:$J$332,"Kiri",$M$2:$M$164,"1") -> 0 | L180: =K180/28 -> 0 | O180: tengah | P180: =COUNTIFS($O$170:$O$332,"Kiri",$M$2:$M$164,"1") -> 7 | Q180: =P180/63 -> 0.11111111 | T180: kanan | U180: =COUNTIFS($T$170:$T$332,"Kiri",$M$2:$M$164,"1") -> 0 | V180: =U180/57 -> 0
E181: tengah | F181: {=SUMPRODUCT((E170:E332="kiri")*(M2:M164=2))} -> 22 | G181: =F181/38 -> 0.57894737 | J181: tengah | K181: =COUNTIFS($J$170:$J$332,"Kiri",$M$2:$M$164,"2") -> 14 | L181: =K181/28 -> 0.5 | O181: kiri | P181: =COUNTIFS($O$170:$O$332,"Kiri",$M$2:$M$164,"2") -> 56 | Q181: =P181/63 -> 0.88888889 | T181: kanan | U181: =COUNTIFS($T$170:$T$332,"Kiri",$M$2:$M$164,"2") -> 0 | V181: =U181/57 -> 0
E182: tengah | F182: {=SUMPRODUCT((E170:E332="kiri")*(M2:M164=3))} -> 14 | G182: =F182/38 -> 0.36842105 | J182: kiri | K182: =COUNTIFS($J$170:$J$332,"Kiri",$M$2:$M$164,"3") -> 14 | L182: =K182/28 -> 0.5 | O182: tengah | P182: =COUNTIFS($O$170:$O$332,"Kiri",$M$2:$M$164,"3") -> 0 | Q182: =P182/63 -> 0 | T182: kanan | U182: =COUNTIFS($T$170:$T$332,"Kiri",$M$2:$M$164,"3") -> 0 | V182: =U182/57 -> 0
E183: kiri | F183: Entropy | G183: =-(IFERROR(G180*LOG(G180,2),0)+IFERROR(G181*LOG(G181,2),0)+IFERROR(G182*LOG(G182,2),0)) -> 1.21081 | J183: tengah | K183: Entropy | L183: =-(IFERROR(L180*LOG(L180,2),0)+IFERROR(L181*LOG(L181,2),0)+IFERROR(L182*LOG(L182,2),0)) -> 1 | O183: tengah | P183: Entropy | Q183: =-(IFERROR(Q180*LOG(Q180,2),0)+IFERROR(Q181*LOG(Q181,2),0)+IFERROR(Q182*LOG(Q182,2),0)) -> 0.50325833 | T183: tengah | U183: Entropy | V183: =-(IFERROR(V180*LOG(V180,2),0)+IFERROR(V181*LOG(V181,2),0)+IFERROR(V182*LOG(V182,2),0)) -> 0
E184: tengah | G184: =SUM(F180:F182)/163 -> 0.23312883 | J184: tengah | L184: =SUM(K180:K182)/163 -> 0.17177914 | O184: tengah | Q184: =SUM(P180:P182)/163 -> 0.38650307 | T184: kanan | V184: =SUM(U180:U182)/163 -> 0
E185: tengah | G185: =G183*G184 -> 0.28227473 | J185: kanan | L185: =L183*L184 -> 0.17177914 | O185: kiri | Q185: =Q183*Q184 -> 0.19451089 | T185: tengah | V185: =V183*V184 -> 0
E186: tengah | J186: tengah | O186: kanan | T186: kanan
E187: tengah | J187: tengah | O187: tengah | T187: kanan
E188: kiri | F188: Tengah | J188: tengah | K188: Tengah | O188: kiri | P188: Tengah | T188: tengah | U188: Tengah
E189: tengah | F189: {=SUMPRODUCT((E170:E332="tengah")*(M2:M164=1))} -> 5 | G189: =F189/93 -> 0.053763441 | J189: kanan | K189: =COUNTIFS($J$170:$J$332,"Tengah",$M$2:$M$164,"1") -> 6 | L189: =K189/93 -> 0.064516129 | O189: kiri | P189: =COUNTIFS($O$170:$O$332,"Tengah",$M$2:$M$164,"1") -> 0 | Q189: =P189/65 -> 0 | T189: tengah | U189: =COUNTIFS($T$170:$T$332,"Tengah",$M$2:$M$164,"1") -> 2 | V189: =U189/78 -> 0.025641026
E190: tengah | F190: {=SUMPRODUCT((E170:E332="tengah")*(M2:M164=2))} -> 52 | G190: =F190/93 -> 0.55913978 | J190: kanan | K190: =COUNTIFS($J$170:$J$332,"Tengah",$M$2:$M$164,"2") -> 42 | L190: =K190/93 -> 0.4516129 | O190: kanan | P190: =COUNTIFS($O$170:$O$332,"Tengah",$M$2:$M$164,"2") -> 28 | Q190: =P190/65 -> 0.43076923 | T190: tengah | U190: =COUNTIFS($T$170:$T$332,"Tengah",$M$2:$M$164,"2") -> 41 | V190: =U190/78 -> 0.52564103
E191: kiri | F191: {=SUMPRODUCT((E170:E332="tengah")*(M2:M164=3))} -> 36 | G191: =F191/93 -> 0.38709677 | J191: kiri | K191: =COUNTIFS($J$170:$J$332,"Tengah",$M$2:$M$164,"3") -> 45 | L191: =K191/93 -> 0.48387097 | O191: tengah | P191: =COUNTIFS($O$170:$O$332,"Tengah",$M$2:$M$164,"3") -> 37 | Q191: =P191/65 -> 0.56923077 | T191: tengah | U191: =COUNTIFS($T$170:$T$332,"Tengah",$M$2:$M$164,"3") -> 30 | V191: =U191/78 -> 0.38461538
E192: tengah | F192: Entropy | G192: =-(IFERROR(G189*LOG(G189,2),0)+IFERROR(G190*LOG(G190,2),0)+IFERROR(G191*LOG(G191,2),0)) -> 1.22572 | J192: tengah | K192: Entropy | L192: =-(IFERROR(L189*LOG(L189,2),0)+IFERROR(L190*LOG(L190,2),0)+IFERROR(L191*LOG(L191,2),0)) -> 1.2797986 | O192: kiri | P192: Entropy | Q192: =-(IFERROR(Q189*LOG(Q189,2),0)+IFERROR(Q190*LOG(Q190,2),0)+IFERROR(Q191*LOG(Q191,2),0)) -> 0.98612608 | T192: tengah | U192: Entropy | V192: =-(IFERROR(V189*LOG(V189,2),0)+IFERROR(V190*LOG(V190,2),0)+IFERROR(V191*LOG(V191,2),0)) -> 1.1534361
E193: kiri | G193: =SUM(F189:F191)/163 -> 0.57055215 | J193: tengah | L193: =SUM(K189:K191)/163 -> 0.57055215 | O193: kiri | Q193: =SUM(P189:P191)/163 -> 0.39877301 | T193: kanan | V193: =SUM(U189:U191)/163 -> 0.44785276
E194: tengah | G194: =G192*G193 -> 0.6993372 | J194: tengah | L194: =L192*L193 -> 0.73019186 | O194: kanan | Q194: =Q192*Q193 -> 0.39324046 | T194: tengah | V194: =V192*V193 -> 0.51656952
E195: kiri | J195: kiri | O195: tengah | T195: tengah
E196: tengah | F196: IG | G196: Entropy | J196: tengah | K196: IG | L196: Entropy | O196: kiri | P196: IG | Q196: Entropy | T196: tengah | U196: IG | V196: Entropy
E197: kanan | F197: =P5-(G176+G185+G194) -> 0.051079589 | G197: =(G176+G185+G194) -> 1.1575213 | J197: tengah | K197: =P5-(L176+L185+L194) -> 0.038128774 | L197: =(L176+L185+L194) -> 1.1704721 | O197: kanan | P197: =P5-(Q176+Q185+Q194) -> 0.62084951 | Q197: =(Q176+Q185+Q194) -> 0.58775135 | T197: kanan | U197: =P5-(V176+V185+V194) -> 0.0071815098 | V197: =(V176+V185+V194) -> 1.2014194
E198: tengah | J198: tengah | O198: kiri | T198: kanan
E199: kanan | J199: tengah | O199: tengah | T199: kanan
E200: tengah | J200: kanan | O200: kiri | T200: tengah
E201: kiri | J201: tengah | O201: kiri | T201: tengah
E202: kiri | J202: kiri | O202: tengah | T202: kanan
E203: tengah | J203: tengah | O203: kiri | T203: tengah
E204: kanan | J204: tengah | O204: tengah | T204: tengah
E205: tengah | J205: kanan | O205: kiri | T205: kanan
E206: kiri | J206: tengah | O206: kiri | T206: tengah
E207: kiri | J207: kiri | O207: kiri | T207: kanan
E208: kiri | J208: kiri | O208: kanan | T208: tengah
E209: tengah | J209: tengah | O209: kanan | T209: kanan
... E332: tengah | J332: kanan | O332: kiri | T332: kanan

Sheet Pohon 5
A1: No | B1: Usia | C1: Lama Rawat Inap | D1: Jumlah Kasus Per Bulan | E1: Jenis Kelamin | F1: Tingkat Resiko | H1: No | I1: Usia | J1: Lama Rawat Inap | K1: Jumlah Kasus Per Bulan | L1: Jenis Kelamin | M1: Tingkat Resiko | O1: Perhitungan root
A2: =RANDBETWEEN(2,164) -> 109 | B2: {=INDEX(Data_DBD!$B:$B,$A2)} -> 40 | C2: {=INDEX(Data_DBD!$C:$C,$A2)} -> 3 | D2: {=INDEX(Data_DBD!$D:$D,$A2)} -> 33 | E2: {=INDEX(Data_DBD!$E:$E,$A2)} -> 1 | F2: {=INDEX(Data_DBD!$F:$F,$A2)} -> 3 | H2: 30 | I2: 2,8 | J2: 2 | K2: 14 | L2: 1 | M2: 2 | O2: 1 | P2: =COUNTIF(M2:M164,"1") -> 14 | Q2: =P2/163 -> 0.085889571
A3: =RANDBETWEEN(2,164) -> 153 | B3: {=INDEX(Data_DBD!$B:$B,$A3)} -> 73 | C3: {=INDEX(Data_DBD!$C:$C,$A3)} -> 7 | D3: {=INDEX(Data_DBD!$D:$D,$A3)} -> 21 | E3: {=INDEX(Data_DBD!$E:$E,$A3)} -> 1 | F3: {=INDEX(Data_DBD!$F:$F,$A3)} -> 3 | H3: 150 | I3: 61 | J3: 5 | K3: 21 | L3: 1 | M3: 3 | O3: 2 | P3: =COUNTIF(M2:M164,"2") -> 84 | Q3: =P3/163 -> 0.51533742
A4: =RANDBETWEEN(2,164) -> 82 | B4: {=INDEX(Data_DBD!$B:$B,$A4)} -> 28 | C4: {=INDEX(Data_DBD!$C:$C,$A4)} -> 3 | D4: {=INDEX(Data_DBD!$D:$D,$A4)} -> 13 | E4: {=INDEX(Data_DBD!$E:$E,$A4)} -> 1 | F4: {=INDEX(Data_DBD!$F:$F,$A4)} -> 2 | H4: 61 | I4: 29 | J4: 3 | K4: 15 | L4: 1 | M4: 2 | O4: 3 | P4: =COUNTIF(M2:M164,"3") -> 65 | Q4: =P4/163 -> 0.39877301
A5: =RANDBETWEEN(2,164) -> 132 | B5: {=INDEX(Data_DBD!$B:$B,$A5)} -> 10 | C5: {=INDEX(Data_DBD!$C:$C,$A5)} -> 3 | D5: {=INDEX(Data_DBD!$D:$D,$A5)} -> 33 | E5: {=INDEX(Data_DBD!$E:$E,$A5)} -> 1 | F5: {=INDEX(Data_DBD!$F:$F,$A5)} -> 3 | H5: 80 | I5: 27 | J5: 3 | K5: 13 | L5: 1 | M5: 2 | O5: Entropy Root | P5: =-(IFERROR(Q2*LOG(Q2,2),0)+IFERROR(Q3*LOG(Q3,2),0)+IFERROR(Q4*LOG(Q4,2),0)) -> 1.325958
A6: =RANDBETWEEN(2,164) -> 59 | B6: {=INDEX(Data_DBD!$B:$B,$A6)} -> 28 | C6: {=INDEX(Data_DBD!$C:$C,$A6)} -> 4 | D6: {=INDEX(Data_DBD!$D:$D,$A6)} -> 15 | E6: {=INDEX(Data_DBD!$E:$E,$A6)} -> 0 | F6: {=INDEX(Data_DBD!$F:$F,$A6)} -> 2 | H6: 128 | I6: 38 | J6: 2 | K6: 33 | L6: 0 | M6: 3
A7: =RANDBETWEEN(2,164) -> 78 | B7: {=INDEX(Data_DBD!$B:$B,$A7)} -> 6 | C7: {=INDEX(Data_DBD!$C:$C,$A7)} -> 3 | D7: {=INDEX(Data_DBD!$D:$D,$A7)} -> 13 | E7: {=INDEX(Data_DBD!$E:$E,$A7)} -> 0 | F7: {=INDEX(Data_DBD!$F:$F,$A7)} -> 2 | H7: 109 | I7: 40 | J7: 3 | K7: 33 | L7: 1 | M7: 3
A8: =RANDBETWEEN(2,164) -> 140 | B8: {=INDEX(Data_DBD!$B:$B,$A8)} -> 74 | C8: {=INDEX(Data_DBD!$C:$C,$A8)} -> 5 | D8: {=INDEX(Data_DBD!$D:$D,$A8)} -> 21 | E8: {=INDEX(Data_DBD!$E:$E,$A8)} -> 1 | F8: {=INDEX(Data_DBD!$F:$F,$A8)} -> 3 | H8: 128 | I8: 38 | J8: 2 | K8: 33 | L8: 0 | M8: 3
A9: =RANDBETWEEN(2,164) -> 44 | B9: {=INDEX(Data_DBD!$B:$B,$A9)} -> 28 | C9: {=INDEX(Data_DBD!$C:$C,$A9)} -> 5 | D9: {=INDEX(Data_DBD!$D:$D,$A9)} -> 13 | E9: {=INDEX(Data_DBD!$E:$E,$A9)} -> 1 | F9: {=INDEX(Data_DBD!$F:$F,$A9)} -> 2 | H9: 57 | I9: 2 | J9: 2 | K9: 15 | L9: 1 | M9: 2
A10: =RANDBETWEEN(2,164) -> 127 | B10: {=INDEX(Data_DBD!$B:$B,$A10)} -> 21 | C10: {=INDEX(Data_DBD!$C:$C,$A10)} -> 2 | D10: {=INDEX(Data_DBD!$D:$D,$A10)} -> 33 | E10: {=INDEX(Data_DBD!$E:$E,$A10)} -> 0 | F10: {=INDEX(Data_DBD!$F:$F,$A10)} -> 3 | H10: 16 | I10: 66 | J10: 5 | K10: 7 | L10: 1 | M10: 1
A11: =RANDBETWEEN(2,164) -> 59 | B11: {=INDEX(Data_DBD!$B:$B,$A11)} -> 28 | C11: {=INDEX(Data_DBD!$C:$C,$A11)} -> 4 | D11: {=INDEX(Data_DBD!$D:$D,$A11)} -> 15 | E11: {=INDEX(Data_DBD!$E:$E,$A11)} -> 0 | F11: {=INDEX(Data_DBD!$F:$F,$A11)} -> 2 | H11: 136 | I11: 6 | J11: 2 | K11: 33 | L11: 0 | M11: 3
A12: =RANDBETWEEN(2,164) -> 11 | B12: {=INDEX(Data_DBD!$B:$B,$A12)} -> 24 | C12: {=INDEX(Data_DBD!$C:$C,$A12)} -> 5 | D12: {=INDEX(Data_DBD!$D:$D,$A12)} -> 12 | E12: {=INDEX(Data_DBD!$E:$E,$A12)} -> 1 | F12: {=INDEX(Data_DBD!$F:$F,$A12)} -> 2 | H12: 8 | I12: 4 | J12: 2 | K12: 12 | L12: 0 | M12: 2
A13: =RANDBETWEEN(2,164) -> 112 | B13: {=INDEX(Data_DBD!$B:$B,$A13)} -> 61 | C13: {=INDEX(Data_DBD!$C:$C,$A13)} -> 3 | D13: {=INDEX(Data_DBD!$D:$D,$A13)} -> 33 | E13: {=INDEX(Data_DBD!$E:$E,$A13)} -> 1 | F13: {=INDEX(Data_DBD!$F:$F,$A13)} -> 3 | H13: 50 | I13: 19 | J13: 5 | K13: 13 | L13: 0 | M13: 2
A14: =RANDBETWEEN(2,164) -> 57 | B14: {=INDEX(Data_DBD!$B:$B,$A14)} -> 2 | C14: {=INDEX(Data_DBD!$C:$C,$A14)} -> 2 | D14: {=INDEX(Data_DBD!$D:$D,$A14)} -> 15 | E14: {=INDEX(Data_DBD!$E:$E,$A14)} -> 1 | F14: {=INDEX(Data_DBD!$F:$F,$A14)} -> 2 | H14: 73 | I14: 15 | J14: 3 | K14: 10 | L14: 1 | M14: 2
A15: =RANDBETWEEN(2,164) -> 62 | B15: {=INDEX(Data_DBD!$B:$B,$A15)} -> 43 | C15: {=INDEX(Data_DBD!$C:$C,$A15)} -> 4 | D15: {=INDEX(Data_DBD!$D:$D,$A15)} -> 15 | E15: {=INDEX(Data_DBD!$E:$E,$A15)} -> 1 | F15: {=INDEX(Data_DBD!$F:$F,$A15)} -> 2 | H15: 63 | I15: 25 | J15: 3 | K15: 15 | L15: 0 | M15: 2
A16: =RANDBETWEEN(2,164) -> 79 | B16: {=INDEX(Data_DBD!$B:$B,$A16)} -> 29 | C16: {=INDEX(Data_DBD!$C:$C,$A16)} -> 3 | D16: {=INDEX(Data_DBD!$D:$D,$A16)} -> 13 | E16: {=INDEX(Data_DBD!$E:$E,$A16)} -> 0 | F16: {=INDEX(Data_DBD!$F:$F,$A16)} -> 2 | H16: 138 | I16: 13 | J16: 3 | K16: 33 | L16: 1 | M16: 3
A17: =RANDBETWEEN(2,164) -> 113 | B17: {=INDEX(Data_DBD!$B:$B,$A17)} -> 69 | C17: {=INDEX(Data_DBD!$C:$C,$A17)} -> 1 | D17: {=INDEX(Data_DBD!$D:$D,$A17)} -> 33 | E17: {=INDEX(Data_DBD!$E:$E,$A17)} -> 1 | F17: {=INDEX(Data_DBD!$F:$F,$A17)} -> 3 | H17: 21 | I17: 10 | J17: 5 | K17: 14 | L17: 1 | M17: 2
... A164: =RANDBETWEEN(2,164) -> 14 | B164: {=INDEX(Data_DBD!$B:$B,$A164)} -> 49 | C164: {=INDEX(Data_DBD!$C:$C,$A164)} -> 4 | D164: {=INDEX(Data_DBD!$D:$D,$A164)} -> 7 | E164: {=INDEX(Data_DBD!$E:$E,$A164)} -> 1 | F164: {=INDEX(Data_DBD!$F:$F,$A164)} -> 1 | H164: 22 | I164: 6 | J164: 3 | K164: 14 | L164: 0 | M164: 2
I165: =AVERAGE(I2:I164) -> 31.503086 | J165: =AVERAGE(J2:J164) -> 3.6809816 | K165: =AVERAGE(K2:K164) -> 17.717791 | L165: =AVERAGE(L2:L164) -> 0.5398773
B166: 9
E168: USIA | J168: LAMA RAWAT INAP | O168: JUMLAH KASUS PER BULAN | T168: JENIS KELAMIN
E169: Usia | F169: =AVERAGEIF($I$2:$I$164,"<="&$I$165) -> 15.713542 | G169: =AVERAGEIF($I$2:$I$164,">"&$I$165) -> 54.469697 | J169: Lama rawat inap | K169: =AVERAGEIF($J$2:$J$164,"<="&$J$165) -> 2.5324675 | L169: =AVERAGEIF($J$2:$J$164,">"&$J$165) -> 4.7093023 | O169: Jumlah kasus perbulan | P169: =AVERAGEIF($K$2:$K$164,"<="&$K$165) -> 12.112245 | Q169: =AVERAGEIF($K$2:$K$164,">"&$K$165) -> 26.169231 | T169: Jenis kelamin | U169: =AVERAGEIF($L$2:$L$164,"<="&$L$165) -> 0 | V169: =AVERAGEIF($L$2:$L$164,">"&$L$165) -> 1
E170: {=IF($I$2:$I$164<$F$169,"kiri",IF($I$2:$I$164<$G$169,"tengah","kanan"))} -> kanan | F170: Kanan > 50 | J170: {=IF($J$2:$J$164<$K$169,"kiri",IF($J$2:$J$164<$L$169,"tengah","kanan"))} -> kiri | K170: Kanan > 4.52 | O170: {=IF($K$2:$K$164<$P$169,"kiri",IF($K$2:$K$164<$Q$169,"tengah","kanan"))} -> tengah | P170: Kanan > 28.2 | T170: {=IF($L$2:$L$164<$U$169,"kiri",IF($L$2:$L$164<$V$169,"tengah","kanan"))} -> kanan | U170: Kanan > 1
E171: kanan | F171: =COUNTIFS($E$170:$E$332,"Kanan",$M$2:$M$164,"1") -> 1 | G171: =F171/32 -> 0.03125 | J171: kanan | K171: {=SUMPRODUCT((J170:J332="Kanan")*(M2:M164=1))} -> 5 | L171: =K171/35 -> 0.14285714 | O171: tengah | P171: =COUNTIFS($O$170:$O$332,"Kanan",$M$2:$M$164,"1") -> 0 | Q171: =P171/31 -> 0 | T171: kanan | U171: =COUNTIFS($T$170:$T$332,"Kanan",$M$2:$M$164,"1") -> 8 | V171: =U171/88 -> 0.090909091
E172: tengah | F172: =COUNTIFS($E$170:$E$332,"Kanan",$M$2:$M$164,"2") -> 18 | G172: =F172/32 -> 0.5625 | J172: tengah | K172: =COUNTIFS($J$170:$J$332,"Kanan",$M$2:$M$164,"2") -> 13 | L172: =K172/35 -> 0.37142857 | O172: tengah | P172: =COUNTIFS($O$170:$O$332,"Kanan",$M$2:$M$164,"2") -> 0 | Q172: =P172/31 -> 0 | T172: kanan | U172: =COUNTIFS($T$170:$T$332,"Kanan",$M$2:$M$164,"2") -> 41 | V172: =U172/88 -> 0.46590909
E173: tengah | F173: {=SUMPRODUCT((E170:E332="KANAN")*(M2:M164=3))} -> 13 | G173: =F173/32 -> 0.40625 | J173: tengah | K173: =COUNTIFS($J$170:$J$332,"Kanan",$M$2:$M$164,"3") -> 17 | L173: =K173/35 -> 0.48571429 | O173: tengah | P173: =COUNTIFS($O$170:$O$332,"Kanan",$M$2:$M$164,"3") -> 31 | Q173: =P173/31 -> 1 | T173: kanan | U173: =COUNTIFS($T$170:$T$332,"Kanan",$M$2:$M$164,"3") -> 39 | V173: =U173/88 -> 0.44318182
E174: tengah | F174: Entropy | G174: =-(IFERROR(G171*LOG(G171,2),0)+IFERROR(G172*LOG(G172,2),0)+IFERROR(G173*LOG(G173,2),0)) -> 1.1511136 | J174: kiri | K174: Entropy | L174: =-(IFERROR(L171*LOG(L171,2),0)+IFERROR(L172*LOG(L172,2),0)+IFERROR(L173*LOG(L173,2),0)) -> 1.4377909 | O174: kanan | P174: Entropy | Q174: =-(IFERROR(Q171*LOG(Q171,2),0)+IFERROR(Q172*LOG(Q172,2),0)+IFERROR(Q173*LOG(Q173,2),0)) -> 0 | T174: tengah | U174: Entropy | V174: =-(IFERROR(V171*LOG(V171,2),0)+IFERROR(V172*LOG(V172,2),0)+IFERROR(V173*LOG(V173,2),0)) -> 1.348178
E175: tengah | G175: =SUM(F171:F173)/163 -> 0.19631902 | J175: tengah | L175: =SUM(K171:K173)/163 -> 0.21472393 | O175: kanan | Q175: =SUM(P171:P173)/163 -> 0.19018405 | T175: kanan | V175: =SUM(U171:U173)/163 -> 0.5398773
E176: tengah | G176: =G174*G175 -> 0.22598548 | J176: kiri | L176: =L174*L175 -> 0.3087281 | O176: kanan | Q176: =Q174*Q175 -> 0 | T176: tengah | V176: =V174*V175 -> 0.7278507
E177: kiri | J177: kiri | O177: tengah | T177: kanan
E178: kanan | J178: kanan | O178: kiri | T178: kanan
E179: kiri | F179: Kiri<17.3 | J179: kiri | K179: Kiri<2.51 | O179: kanan | P179: Kiri<13 | T179: tengah | U179: Kiri<0
E180: kiri | F180: {=SUMPRODUCT((E170:E332="kiri")*(M2:M164=1))} -> 6 | G180: =F180/44 -> 0.13636364 | J180: kiri | K180: =COUNTIFS($J$170:$J$332,"Kiri",$M$2:$M$164,"1") -> 1 | L180: =K180/31 -> 0.032258065 | O180: kiri | P180: =COUNTIFS($O$170:$O$332,"Kiri",$M$2:$M$164,"1") -> 14 | Q180: =P180/32 -> 0.4375 | T180: tengah | U180: =COUNTIFS($T$170:$T$332,"Kiri",$M$2:$M$164,"1") -> 0 | V180: =U180/57 -> 0
E181: tengah | F181: {=SUMPRODUCT((E170:E332="kiri")*(M2:M164=2))} -> 21 | G181: =F181/44 -> 0.47727273 | J181: kanan | K181: =COUNTIFS($J$170:$J$332,"Kiri",$M$2:$M$164,"2") -> 15 | L181: =K181/31 -> 0.48387097 | O181: tengah | P181: =COUNTIFS($O$170:$O$332,"Kiri",$M$2:$M$164,"2") -> 18 | Q181: =P181/32 -> 0.5625 | T181: tengah | U181: =COUNTIFS($T$170:$T$332,"Kiri",$M$2:$M$164,"2") -> 0 | V181: =U181/57 -> 0
E182: kiri | F182: {=SUMPRODUCT((E170:E332="kiri")*(M2:M164=3))} -> 17 | G182: =F182/44 -> 0.38636364 | J182: tengah | K182: =COUNTIFS($J$170:$J$332,"Kiri",$M$2:$M$164,"3") -> 15 | L182: =K182/31 -> 0.48387097 | O182: kiri | P182: =COUNTIFS($O$170:$O$332,"Kiri",$M$2:$M$164,"3") -> 0 | Q182: =P182/32 -> 0 | T182: kanan | U182: =COUNTIFS($T$170:$T$332,"Kiri",$M$2:$M$164,"3") -> 0 | V182: =U182/57 -> 0
E183: tengah | F183: Entropy | G183: =-(IFERROR(G180*LOG(G180,2),0)+IFERROR(G181*LOG(G181,2),0)+IFERROR(G182*LOG(G182,2),0)) -> 1.4313564 | J183: tengah | K183: Entropy | L183: =-(IFERROR(L180*LOG(L180,2),0)+IFERROR(L181*LOG(L181,2),0)+IFERROR(L182*LOG(L182,2),0)) -> 1.1733344 | O183: tengah | P183: Entropy | Q183: =-(IFERROR(Q180*LOG(Q180,2),0)+IFERROR(Q181*LOG(Q181,2),0)+IFERROR(Q182*LOG(Q182,2),0)) -> 0.98869941 | T183: tengah | U183: Entropy | V183: =-(IFERROR(V180*LOG(V180,2),0)+IFERROR(V181*LOG(V181,2),0)+IFERROR(V182*LOG(V182,2),0)) -> 0
E184: kiri | G184: =SUM(F180:F182)/163 -> 0.26993865 | J184: tengah | L184: =SUM(K180:K182)/163 -> 0.19018405 | O184: kanan | Q184: =SUM(P180:P182)/163 -> 0.19631902 | T184: kanan | V184: =SUM(U180:U182)/163 -> 0
E185: kiri | G185: =G183*G184 -> 0.38637842 | J185: kanan | L185: =L183*L184 -> 0.2231495 | O185: tengah | Q185: =Q183*Q184 -> 0.1941005 | T185: kanan | V185: =V183*V184 -> 0
E186: tengah | J186: kiri | O186: kiri | T186: tengah
E187: kiri | J187: tengah | O187: tengah | T187: tengah
E188: tengah | F188: Tengah | J188: tengah | K188: Tengah | O188: kanan | P188: Tengah | T188: kanan | U188: Tengah
E189: kanan | F189: {=SUMPRODUCT((E170:E332="tengah")*(M2:M164=1))} -> 7 | G189: =F189/87 -> 0.08045977 | J189: tengah | K189: =COUNTIFS($J$170:$J$332,"Tengah",$M$2:$M$164,"1") -> 8 | L189: =K189/97 -> 0.082474227 | O189: tengah | P189: =COUNTIFS($O$170:$O$332,"Tengah",$M$2:$M$164,"1") -> 0 | Q189: =P189/100 -> 0 | T189: kanan | U189: =COUNTIFS($T$170:$T$332,"Tengah",$M$2:$M$164,"1") -> 6 | V189: =U189/75 -> 0.08
E190: kanan | F190: {=SUMPRODUCT((E170:E332="tengah")*(M2:M164=2))} -> 45 | G190: =F190/87 -> 0.51724138 | J190: kiri | K190: =COUNTIFS($J$170:$J$332,"Tengah",$M$2:$M$164,"2") -> 56 | L190: =K190/97 -> 0.57731959 | O190: tengah | P190: =COUNTIFS($O$170:$O$332,"Tengah",$M$2:$M$164,"2") -> 66 | Q190: =P190/100 -> 0.66 | T190: tengah | U190: =COUNTIFS($T$170:$T$332,"Tengah",$M$2:$M$164,"2") -> 43 | V190: =U190/75 -> 0.57333333
E191: tengah | F191: {=SUMPRODUCT((E170:E332="tengah")*(M2:M164=3))} -> 35 | G191: =F191/87 -> 0.40229885 | J191: tengah | K191: =COUNTIFS($J$170:$J$332,"Tengah",$M$2:$M$164,"3") -> 33 | L191: =K191/97 -> 0.34020619 | O191: tengah | P191: =COUNTIFS($O$170:$O$332,"Tengah",$M$2:$M$164,"3") -> 34 | Q191: =P191/100 -> 0.34 | T191: tengah | U191: =COUNTIFS($T$170:$T$332,"Tengah",$M$2:$M$164,"3") -> 26 | V191: =U191/75 -> 0.34666667
E192: tengah | F192: Entropy | G192: =-(IFERROR(G189*LOG(G189,2),0)+IFERROR(G190*LOG(G190,2),0)+IFERROR(G191*LOG(G191,2),0)) -> 1.312946 | J192: tengah | K192: Entropy | L192: =-(IFERROR(L189*LOG(L189,2),0)+IFERROR(L190*LOG(L190,2),0)+IFERROR(L191*LOG(L191,2),0)) -> 1.2836563 | O192: kiri | P192: Entropy | Q192: =-(IFERROR(Q189*LOG(Q189,2),0)+IFERROR(Q190*LOG(Q190,2),0)+IFERROR(Q191*LOG(Q191,2),0)) -> 0.9248187 | T192: kanan | U192: Entropy | V192: =-(IFERROR(V189*LOG(V189,2),0)+IFERROR(V190*LOG(V190,2),0)+IFERROR(V191*LOG(V191,2),0)) -> 1.2814775
E193: kiri | G193: =SUM(F189:F191)/163 -> 0.53374233 | J193: tengah | L193: =SUM(K189:K191)/163 -> 0.59509202 | O193: tengah | Q193: =SUM(P189:P191)/163 -> 0.61349693 | T193: tengah | V193: =SUM(U189:U191)/163 -> 0.4601227
E194: tengah | G194: =G192*G193 -> 0.70077488 | J194: tengah | L194: =L192*L193 -> 0.76389364 | O194: tengah | Q194: =Q192*Q193 -> 0.56737344 | T194: kanan | V194: =V192*V193 -> 0.58963687
E195: tengah | J195: tengah | O195: tengah | T195: tengah
E196: kiri | F196: IG | G196: Entropy | J196: kiri | K196: IG | L196: Entropy | O196: tengah | P196: IG | Q196: Entropy | T196: kanan | U196: IG | V196: Entropy
E197: tengah | F197: =P5-(G176+G185+G194) -> 0.012819193 | G197: =(G176+G185+G194) -> 1.3131388 | J197: tengah | K197: =P5-(L176+L185+L194) -> 0.030186727 | L197: =(L176+L185+L194) -> 1.2957712 | O197: tengah | P197: =P5-(Q176+Q185+Q194) -> 0.56448403 | Q197: =(Q176+Q185+Q194) -> 0.76147394 | T197: tengah | U197: =P5-(V176+V185+V194) -> 0.0084704018 | V197: =(V176+V185+V194) -> 1.3174876
E198: kanan | J198: tengah | O198: tengah | T198: tengah
E199: kiri | J199: kiri | O199: kanan | T199: kanan
E200: tengah | J200: tengah | O200: kiri | T200: kanan
E201: tengah | J201: tengah | O201: tengah | T201: kanan
E202: tengah | J202: tengah | O202: tengah | T202: tengah
E203: kiri | J203: kanan | O203: tengah | T203: kanan
E204: tengah | J204: kanan | O204: tengah | T204: tengah
E205: tengah | J205: tengah | O205: tengah | T205: kanan
E206: tengah | J206: tengah | O206: tengah | T206: tengah
E207: tengah | J207: tengah | O207: kiri | T207: kanan
E208: tengah | J208: tengah | O208: tengah | T208: tengah
E209: tengah | J209: kanan | O209: tengah | T209: kanan
... E332: kiri | J332: tengah | O332: tengah | T332: tengah

Sheet Pohon 6
A1: No | B1: Usia | C1: Lama Rawat Inap | D1: Jumlah Kasus Per Bulan | E1: Jenis Kelamin | F1: Tingkat Resiko | H1: No | I1: Usia | J1: Lama Rawat Inap | K1: Jumlah Kasus Per Bulan | L1: Jenis Kelamin | M1: Tingkat Resiko | O1: Perhitungan root
A2: =RANDBETWEEN(2,164) -> 94 | B2: {=INDEX(Data_DBD!$B:$B,$A2)} -> 12 | C2: {=INDEX(Data_DBD!$C:$C,$A2)} -> 4 | D2: {=INDEX(Data_DBD!$D:$D,$A2)} -> 18 | E2: {=INDEX(Data_DBD!$E:$E,$A2)} -> 0 | F2: {=INDEX(Data_DBD!$F:$F,$A2)} -> 3 | H2: 100 | I2: 19 | J2: 6 | K2: 18 | L2: 0 | M2: 3 | O2: 1 | P2: =COUNTIF(M2:M164,"1") -> 16 | Q2: =P2/163 -> 0.098159509
A3: =RANDBETWEEN(2,164) -> 157 | B3: {=INDEX(Data_DBD!$B:$B,$A3)} -> 15 | C3: {=INDEX(Data_DBD!$C:$C,$A3)} -> 4 | D3: {=INDEX(Data_DBD!$D:$D,$A3)} -> 21 | E3: {=INDEX(Data_DBD!$E:$E,$A3)} -> 1 | F3: {=INDEX(Data_DBD!$F:$F,$A3)} -> 3 | H3: 64 | I3: 35 | J3: 1 | K3: 15 | L3: 0 | M3: 2 | O3: 2 | P3: =COUNTIF(M2:M164,"2") -> 68 | Q3: =P3/163 -> 0.41717791
A4: =RANDBETWEEN(2,164) -> 114 | B4: {=INDEX(Data_DBD!$B:$B,$A4)} -> 14 | C4: {=INDEX(Data_DBD!$C:$C,$A4)} -> 2 | D4: {=INDEX(Data_DBD!$D:$D,$A4)} -> 33 | E4: {=INDEX(Data_DBD!$E:$E,$A4)} -> 1 | F4: {=INDEX(Data_DBD!$F:$F,$A4)} -> 3 | H4: 75 | I4: 2 | J4: 2 | K4: 10 | L4: 1 | M4: 2 | O4: 3 | P4: =COUNTIF(M2:M164,"3") -> 79 | Q4: =P4/163 -> 0.48466258
A5: =RANDBETWEEN(2,164) -> 134 | B5: {=INDEX(Data_DBD!$B:$B,$A5)} -> 4 | C5: {=INDEX(Data_DBD!$C:$C,$A5)} -> 2 | D5: {=INDEX(Data_DBD!$D:$D,$A5)} -> 33 | E5: {=INDEX(Data_DBD!$E:$E,$A5)} -> 1 | F5: {=INDEX(Data_DBD!$F:$F,$A5)} -> 3 | H5: 155 | I5: 19 | J5: 5 | K5: 21 | L5: 1 | M5: 3 | O5: Entropy Root | P5: =-(IFERROR(Q2*LOG(Q2,2),0)+IFERROR(Q3*LOG(Q3,2),0)+IFERROR(Q4*LOG(Q4,2),0)) -> 1.3613284
A6: =RANDBETWEEN(2,164) -> 103 | B6: {=INDEX(Data_DBD!$B:$B,$A6)} -> 22 | C6: {=INDEX(Data_DBD!$C:$C,$A6)} -> 5 | D6: {=INDEX(Data_DBD!$D:$D,$A6)} -> 18 | E6: {=INDEX(Data_DBD!$E:$E,$A6)} -> 0 | F6: {=INDEX(Data_DBD!$F:$F,$A6)} -> 3 | H6: 13 | I6: 47 | J6: 2 | K6: 12 | L6: 0 | M6: 2
A7: =RANDBETWEEN(2,164) -> 127 | B7: {=INDEX(Data_DBD!$B:$B,$A7)} -> 21 | C7: {=INDEX(Data_DBD!$C:$C,$A7)} -> 2 | D7: {=INDEX(Data_DBD!$D:$D,$A7)} -> 33 | E7: {=INDEX(Data_DBD!$E:$E,$A7)} -> 0 | F7: {=INDEX(Data_DBD!$F:$F,$A7)} -> 3 | H7: 65 | I7: 49 | J7: 3 | K7: 15 | L7: 0 | M7: 2
A8: =RANDBETWEEN(2,164) -> 160 | B8: {=INDEX(Data_DBD!$B:$B,$A8)} -> 16 | C8: {=INDEX(Data_DBD!$C:$C,$A8)} -> 3 | D8: {=INDEX(Data_DBD!$D:$D,$A8)} -> 21 | E8: {=INDEX(Data_DBD!$E:$E,$A8)} -> 0 | F8: {=INDEX(Data_DBD!$F:$F,$A8)} -> 3 | H8: 160 | I8: 16 | J8: 3 | K8: 21 | L8: 0 | M8: 3
A9: =RANDBETWEEN(2,164) -> 8 | B9: {=INDEX(Data_DBD!$B:$B,$A9)} -> 4 | C9: {=INDEX(Data_DBD!$C:$C,$A9)} -> 2 | D9: {=INDEX(Data_DBD!$D:$D,$A9)} -> 12 | E9: {=INDEX(Data_DBD!$E:$E,$A9)} -> 0 | F9: {=INDEX(Data_DBD!$F:$F,$A9)} -> 2 | H9: 144 | I9: 61 | J9: 4 | K9: 21 | L9: 1 | M9: 3
A10: =RANDBETWEEN(2,164) -> 37 | B10: {=INDEX(Data_DBD!$B:$B,$A10)} -> 28 | C10: {=INDEX(Data_DBD!$C:$C,$A10)} -> 4 | D10: {=INDEX(Data_DBD!$D:$D,$A10)} -> 4 | E10: {=INDEX(Data_DBD!$E:$E,$A10)} -> 1 | F10: {=INDEX(Data_DBD!$F:$F,$A10)} -> 1 | H10: 11 | I10: 24 | J10: 5 | K10: 12 | L10: 1 | M10: 2
A11: =RANDBETWEEN(2,164) -> 65 | B11: {=INDEX(Data_DBD!$B:$B,$A11)} -> 49 | C11: {=INDEX(Data_DBD!$C:$C,$A11)} -> 3 | D11: {=INDEX(Data_DBD!$D:$D,$A11)} -> 15 | E11: {=INDEX(Data_DBD!$E:$E,$A11)} -> 0 | F11: {=INDEX(Data_DBD!$F:$F,$A11)} -> 2 | H11: 49 | I11: 64 | J11: 5 | K11: 13 | L11: 0 | M11: 2
A12: =RANDBETWEEN(2,164) -> 54 | B12: {=INDEX(Data_DBD!$B:$B,$A12)} -> 7 | C12: {=INDEX(Data_DBD!$C:$C,$A12)} -> 3 | D12: {=INDEX(Data_DBD!$D:$D,$A12)} -> 15 | E12: {=INDEX(Data_DBD!$E:$E,$A12)} -> 0 | F12: {=INDEX(Data_DBD!$F:$F,$A12)} -> 2 | H12: 13 | I12: 47 | J12: 2 | K12: 12 | L12: 0 | M12: 2
A13: =RANDBETWEEN(2,164) -> 116 | B13: {=INDEX(Data_DBD!$B:$B,$A13)} -> 32 | C13: {=INDEX(Data_DBD!$C:$C,$A13)} -> 4 | D13: {=INDEX(Data_DBD!$D:$D,$A13)} -> 33 | E13: {=INDEX(Data_DBD!$E:$E,$A13)} -> 1 | F13: {=INDEX(Data_DBD!$F:$F,$A13)} -> 3 | H13: 111 | I13: 25 | J13: 4 | K13: 33 | L13: 0 | M13: 3
A14: =RANDBETWEEN(2,164) -> 139 | B14: {=INDEX(Data_DBD!$B:$B,$A14)} -> 52 | C14: {=INDEX(Data_DBD!$C:$C,$A14)} -> 7 | D14: {=INDEX(Data_DBD!$D:$D,$A14)} -> 21 | E14: {=INDEX(Data_DBD!$E:$E,$A14)} -> 0 | F14: {=INDEX(Data_DBD!$F:$F,$A14)} -> 3 | H14: 40 | I14: 65 | J14: 3 | K14: 13 | L14: 1 | M14: 2
A15: =RANDBETWEEN(2,164) -> 107 | B15: {=INDEX(Data_DBD!$B:$B,$A15)} -> 48 | C15: {=INDEX(Data_DBD!$C:$C,$A15)} -> 5 | D15: {=INDEX(Data_DBD!$D:$D,$A15)} -> 18 | E15: {=INDEX(Data_DBD!$E:$E,$A15)} -> 0 | F15: {=INDEX(Data_DBD!$F:$F,$A15)} -> 3 | H15: 154 | I15: 18 | J15: 5 | K15: 21 | L15: 1 | M15: 3
A16: =RANDBETWEEN(2,164) -> 134 | B16: {=INDEX(Data_DBD!$B:$B,$A16)} -> 4 | C16: {=INDEX(Data_DBD!$C:$C,$A16)} -> 2 | D16: {=INDEX(Data_DBD!$D:$D,$A16)} -> 33 | E16: {=INDEX(Data_DBD!$E:$E,$A16)} -> 1 | F16: {=INDEX(Data_DBD!$F:$F,$A16)} -> 3 | H16: 123 | I16: 22 | J16: 4 | K16: 33 | L16: 0 | M16: 3
A17: =RANDBETWEEN(2,164) -> 69 | B17: {=INDEX(Data_DBD!$B:$B,$A17)} -> 24 | C17: {=INDEX(Data_DBD!$C:$C,$A17)} -> 4 | D17: {=INDEX(Data_DBD!$D:$D,$A17)} -> 10 | E17: {=INDEX(Data_DBD!$E:$E,$A17)} -> 1 | F17: {=INDEX(Data_DBD!$F:$F,$A17)} -> 2 | H17: 103 | I17: 22 | J17: 5 | K17: 18 | L17: 0 | M17: 3
... A49: =RANDBETWEEN(2,164) -> 60 | B49: {=INDEX(Data_DBD!$B:$B,$A49)} -> 68 | C49: {=INDEX(Data_DBD!$C:$C,$A49)} -> 4 | D49: {=INDEX(Data_DBD!$D:$D,$A49)} -> 15 | E49: {=INDEX(Data_DBD!$E:$E,$A49)} -> 0 | F49: {=INDEX(Data_DBD!$F:$F,$A49)} -> 2 | H49: 26 | I49: 75 | J49: 4 | K49: 14 | L49: 1 | M49: 2
A50: =RANDBETWEEN(2,164) -> 98 | B50: {=INDEX(Data_DBD!$B:$B,$A50)} -> 16 | C50: {=INDEX(Data_DBD!$C:$C,$A50)} -> 2 | D50: {=INDEX(Data_DBD!$D:$D,$A50)} -> 18 | E50: {=INDEX(Data_DBD!$E:$E,$A50)} -> 1 | F50: {=INDEX(Data_DBD!$F:$F,$A50)} -> 3 | H50: 30 | I50: 2,8 | J50: 2 | K50: 14 | L50: 1 | M50: 2
A51: =RANDBETWEEN(2,164) -> 64 | B51: {=INDEX(Data_DBD!$B:$B,$A51)} -> 35 | C51: {=INDEX(Data_DBD!$C:$C,$A51)} -> 1 | D51: {=INDEX(Data_DBD!$D:$D,$A51)} -> 15 | E51: {=INDEX(Data_DBD!$E:$E,$A51)} -> 0 | F51: {=INDEX(Data_DBD!$F:$F,$A51)} -> 2 | H51: 163 | I51: 34 | J51: 4 | K51: 3 | L51: 1 | M51: 1
A52: =RANDBETWEEN(2,164) -> 152 | B52: {=INDEX(Data_DBD!$B:$B,$A52)} -> 47 | C52: {=INDEX(Data_DBD!$C:$C,$A52)} -> 3 | D52: {=INDEX(Data_DBD!$D:$D,$A52)} -> 21 | E52: {=INDEX(Data_DBD!$E:$E,$A52)} -> 1 | F52: {=INDEX(Data_DBD!$F:$F,$A52)} -> 3 | H52: 155 | I52: 19 | J52: 5 | K52: 21 | L52: 1 | M52: 3
A53: =RANDBETWEEN(2,164) -> 95 | B53: {=INDEX(Data_DBD!$B:$B,$A53)} -> 11 | C53: {=INDEX(Data_DBD!$C:$C,$A53)} -> 3 | D53: {=INDEX(Data_DBD!$D:$D,$A53)} -> 18 | E53: {=INDEX(Data_DBD!$E:$E,$A53)} -> 1 | F53: {=INDEX(Data_DBD!$F:$F,$A53)} -> 3 | H53: 5 | I53: 18 | J53: 2 | K53: 12 | L53: 1 | M53: 2
A54: =RANDBETWEEN(2,164) -> 46 | B54: {=INDEX(Data_DBD!$B:$B,$A54)} -> 62 | C54: {=INDEX(Data_DBD!$C:$C,$A54)} -> 2 | D54: {=INDEX(Data_DBD!$D:$D,$A54)} -> 13 | E54: {=INDEX(Data_DBD!$E:$E,$A54)} -> 0 | F54: {=INDEX(Data_DBD!$F:$F,$A54)} -> 2 | H54: 103 | I54: 22 | J54: 5 | K54: 18 | L54: 0 | M54: 3
A55: =RANDBETWEEN(2,164) -> 112 | B55: {=INDEX(Data_DBD!$B:$B,$A55)} -> 61 | C55: {=INDEX(Data_DBD!$C:$C,$A55)} -> 3 | D55: {=INDEX(Data_DBD!$D:$D,$A55)} -> 33 | E55: {=INDEX(Data_DBD!$E:$E,$A55)} -> 1 | F55: {=INDEX(Data_DBD!$F:$F,$A55)} -> 3 | H55: 67 | I55: 21 | J55: 3 | K55: 10 | L55: 1 | M55: 2
A56: =RANDBETWEEN(2,164) -> 152 | B56: {=INDEX(Data_DBD!$B:$B,$A56)} -> 47 | C56: {=INDEX(Data_DBD!$C:$C,$A56)} -> 3 | D56: {=INDEX(Data_DBD!$D:$D,$A56)} -> 21 | E56: {=INDEX(Data_DBD!$E:$E,$A56)} -> 1 | F56: {=INDEX(Data_DBD!$F:$F,$A56)} -> 3 | H56: 72 | I56: 3 | J56: 5 | K56: 10 | L56: 1 | M56: 2
A57: =RANDBETWEEN(2,164) -> 163 | B57: {=INDEX(Data_DBD!$B:$B,$A57)} -> 34 | C57: {=INDEX(Data_DBD!$C:$C,$A57)} -> 4 | D57: {=INDEX(Data_DBD!$D:$D,$A57)} -> 3 | E57: {=INDEX(Data_DBD!$E:$E,$A57)} -> 1 | F57: {=INDEX(Data_DBD!$F:$F,$A57)} -> 1 | H57: 140 | I57: 74 | J57: 5 | K57: 21 | L57: 1 | M57: 3
A58: =RANDBETWEEN(2,164) -> 77 | B58: {=INDEX(Data_DBD!$B:$B,$A58)} -> 16 | C58: {=INDEX(Data_DBD!$C:$C,$A58)} -> 4 | D58: {=INDEX(Data_DBD!$D:$D,$A58)} -> 13 | E58: {=INDEX(Data_DBD!$E:$E,$A58)} -> 1 | F58: {=INDEX(Data_DBD!$F:$F,$A58)} -> 2 | H58: 78 | I58: 6 | J58: 3 | K58: 13 | L58: 0 | M58: 2
A59: =RANDBETWEEN(2,164) -> 4 | B59: {=INDEX(Data_DBD!$B:$B,$A59)} -> 23 | C59: {=INDEX(Data_DBD!$C:$C,$A59)} -> 5 | D59: {=INDEX(Data_DBD!$D:$D,$A59)} -> 12 | E59: {=INDEX(Data_DBD!$E:$E,$A59)} -> 0 | F59: {=INDEX(Data_DBD!$F:$F,$A59)} -> 2 | H59: 76 | I59: 70 | J59: 2 | K59: 10 | L59: 0 | M59: 2
A60: =RANDBETWEEN(2,164) -> 153 | B60: {=INDEX(Data_DBD!$B:$B,$A60)} -> 73 | C60: {=INDEX(Data_DBD!$C:$C,$A60)} -> 7 | D60: {=INDEX(Data_DBD!$D:$D,$A60)} -> 21 | E60: {=INDEX(Data_DBD!$E:$E,$A60)} -> 1 | F60: {=INDEX(Data_DBD!$F:$F,$A60)} -> 3 | H60: 63 | I60: 25 | J60: 3 | K60: 15 | L60: 0 | M60: 2
A61: =RANDBETWEEN(2,164) -> 19 | B61: {=INDEX(Data_DBD!$B:$B,$A61)} -> 8 | C61: {=INDEX(Data_DBD!$C:$C,$A61)} -> 4 | D61: {=INDEX(Data_DBD!$D:$D,$A61)} -> 7 | E61: {=INDEX(Data_DBD!$E:$E,$A61)} -> 0 | F61: {=INDEX(Data_DBD!$F:$F,$A61)} -> 1 | H61: 20 | I61: 15 | J61: 5 | K61: 7 | L61: 0 | M61: 1
A62: =RANDBETWEEN(2,164) -> 153 | B62: {=INDEX(Data_DBD!$B:$B,$A62)} -> 73 | C62: {=INDEX(Data_DBD!$C:$C,$A62)} -> 7 | D62: {=INDEX(Data_DBD!$D:$D,$A62)} -> 21 | E62: {=INDEX(Data_DBD!$E:$E,$A62)} -> 1 | F62: {=INDEX(Data_DBD!$F:$F,$A62)} -> 3 | H62: 56 | I62: 4 | J62: 3 | K62: 15 | L62: 0 | M62: 2
... A164: =RANDBETWEEN(2,164) -> 27 | B164: {=INDEX(Data_DBD!$B:$B,$A164)} -> 37 | C164: {=INDEX(Data_DBD!$C:$C,$A164)} -> 4 | D164: {=INDEX(Data_DBD!$D:$D,$A164)} -> 14 | E164: {=INDEX(Data_DBD!$E:$E,$A164)} -> 1 | F164: {=INDEX(Data_DBD!$F:$F,$A164)} -> 2 | H164: 132 | I164: 10 | J164: 3 | K164: 33 | L164: 1 | M164: 3
I165: =AVERAGE(I2:I164) -> 30.654321 | J165: =AVERAGE(J2:J164) -> 3.6134969 | K165: =AVERAGE(K2:K164) -> 17.871166 | L165: =AVERAGE(L2:L164) -> 0.49693252
B166: 90
E168: USIA | J168: LAMA RAWAT INAP | O168: JUMLAH KASUS PER BULAN | T168: JENIS KELAMIN
E169: Usia | F169: =AVERAGEIF($I$2:$I$164,"<="&$I$165) -> 17.558824 | G169: =AVERAGEIF($I$2:$I$164,">"&$I$165) -> 52.916667 | J169: Lama rawat inap | K169: =AVERAGEIF($J$2:$J$164,"<="&$J$165) -> 2.4155844 | L169: =AVERAGEIF($J$2:$J$164,">"&$J$165) -> 4.6860465 | O169: Jumlah kasus perbulan | P169: =AVERAGEIF($K$2:$K$164,"<="&$K$165) -> 11.392857 | Q169: =AVERAGEIF($K$2:$K$164,">"&$K$165) -> 24.759494 | T169: Jenis kelamin | U169: =AVERAGEIF($L$2:$L$164,"<="&$L$165) -> 0 | V169: =AVERAGEIF($L$2:$L$164,">"&$L$165) -> 1
E170: {=IF($I$2:$I$164<$F$169,"kiri",IF($I$2:$I$164<$G$169,"tengah","kanan"))} -> tengah | F170: Kanan > 50 | J170: {=IF($J$2:$J$164<$K$169,"kiri",IF($J$2:$J$164<$L$169,"tengah","kanan"))} -> kanan | K170: Kanan > 4.52 | O170: {=IF($K$2:$K$164<$P$169,"kiri",IF($K$2:$K$164<$Q$169,"tengah","kanan"))} -> tengah | P170: Kanan > 24.7 | T170: {=IF($L$2:$L$164<$U$169,"kiri",IF($L$2:$L$164<$V$169,"tengah","kanan"))} -> tengah | U170: Kanan > 1
E171: tengah | F171: =COUNTIFS($E$170:$E$332,"Kanan",$M$2:$M$164,"1") -> 0 | G171: =F171/29 -> 0 | J171: kiri | K171: {=SUMPRODUCT((J170:J332="Kanan")*(M2:M164=1))} -> 3 | L171: =K171/44 -> 0.068181818 | O171: tengah | P171: =COUNTIFS($O$170:$O$332,"Kanan",$M$2:$M$164,"1") -> 0 | Q171: =P171/30 -> 0 | T171: tengah | U171: =COUNTIFS($T$170:$T$332,"Kanan",$M$2:$M$164,"1") -> 8 | V171: =U171/81 -> 0.098765432
E172: kiri | F172: =COUNTIFS($E$170:$E$332,"Kanan",$M$2:$M$164,"2") -> 15 | G172: =F172/29 -> 0.51724138 | J172: kiri | K172: =COUNTIFS($J$170:$J$332,"Kanan",$M$2:$M$164,"2") -> 16 | L172: =K172/44 -> 0.36363636 | O172: kiri | P172: =COUNTIFS($O$170:$O$332,"Kanan",$M$2:$M$164,"2") -> 0 | Q172: =P172/30 -> 0 | T172: kanan | U172: =COUNTIFS($T$170:$T$332,"Kanan",$M$2:$M$164,"2") -> 33 | V172: =U172/81 -> 0.40740741
E173: tengah | F173: {=SUMPRODUCT((E170:E332="KANAN")*(M2:M164=3))} -> 14 | G173: =F173/29 -> 0.48275862 | J173: kanan | K173: =COUNTIFS($J$170:$J$332,"Kanan",$M$2:$M$164,"3") -> 25 | L173: =K173/44 -> 0.56818182 | O173: tengah | P173: =COUNTIFS($O$170:$O$332,"Kanan",$M$2:$M$164,"3") -> 30 | Q173: =P173/30 -> 1 | T173: kanan | U173: =COUNTIFS($T$170:$T$332,"Kanan",$M$2:$M$164,"3") -> 40 | V173: =U173/81 -> 0.49382716
E174: tengah | F174: Entropy | G174: =-(IFERROR(G171*LOG(G171,2),0)+IFERROR(G172*LOG(G172,2),0)+IFERROR(G173*LOG(G173,2),0)) -> 0.9991421 | J174: kiri | K174: Entropy | L174: =-(IFERROR(L171*LOG(L171,2),0)+IFERROR(L172*LOG(L172,2),0)+IFERROR(L173*LOG(L173,2),0)) -> 1.2582659 | O174: tengah | P174: Entropy | Q174: =-(IFERROR(Q171*LOG(Q171,2),0)+IFERROR(Q172*LOG(Q172,2),0)+IFERROR(Q173*LOG(Q173,2),0)) -> 0 | T174: tengah | U174: Entropy | V174: =-(IFERROR(V171*LOG(V171,2),0)+IFERROR(V172*LOG(V172,2),0)+IFERROR(V173*LOG(V173,2),0)) -> 1.3603175
E175: tengah | G175: =SUM(F171:F173)/163 -> 0.17791411 | J175: tengah | L175: =SUM(K171:K173)/163 -> 0.26993865 | O175: tengah | Q175: =SUM(P171:P173)/163 -> 0.18404908 | T175: tengah | V175: =SUM(U171:U173)/163 -> 0.49693252
E176: kiri | G176: =G174*G175 -> 0.17776148 | J176: tengah | L176: =L174*L175 -> 0.33965459 | O176: tengah | Q176: =Q174*Q175 -> 0 | T176: tengah | V176: =V174*V175 -> 0.67598602
E177: kanan | J177: tengah | O177: tengah | T177: kanan
E178: tengah | J178: kanan | O178: tengah | T178: kanan
E179: kanan | F179: Kiri<17.3 | J179: kanan | K179: Kiri<2.51 | O179: tengah | P179: Kiri<11 | T179: tengah | U179: Kiri<0
E180: tengah | F180: {=SUMPRODUCT((E170:E332="kiri")*(M2:M164=1))} -> 5 | G180: =F180/42 -> 0.11904762 | J180: kiri | K180: =COUNTIFS($J$170:$J$332,"Kiri",$M$2:$M$164,"1") -> 4 | L180: =K180/36 -> 0.11111111 | O180: tengah | P180: =COUNTIFS($O$170:$O$332,"Kiri",$M$2:$M$164,"1") -> 16 | Q180: =P180/29 -> 0.55172414 | T180: tengah | U180: =COUNTIFS($T$170:$T$332,"Kiri",$M$2:$M$164,"1") -> 0 | V180: =U180/57 -> 0
E181: tengah | F181: {=SUMPRODUCT((E170:E332="kiri")*(M2:M164=2))} -> 14 | G181: =F181/42 -> 0.33333333 | J181: tengah | K181: =COUNTIFS($J$170:$J$332,"Kiri",$M$2:$M$164,"2") -> 15 | L181: =K181/36 -> 0.41666667 | O181: kanan | P181: =COUNTIFS($O$170:$O$332,"Kiri",$M$2:$M$164,"2") -> 13 | Q181: =P181/29 -> 0.44827586 | T181: tengah | U181: =COUNTIFS($T$170:$T$332,"Kiri",$M$2:$M$164,"2") -> 0 | V181: =U181/57 -> 0
E182: kanan | F182: {=SUMPRODUCT((E170:E332="kiri")*(M2:M164=3))} -> 23 | G182: =F182/42 -> 0.54761905 | J182: tengah | K182: =COUNTIFS($J$170:$J$332,"Kiri",$M$2:$M$164,"3") -> 17 | L182: =K182/36 -> 0.47222222 | O182: tengah | P182: =COUNTIFS($O$170:$O$332,"Kiri",$M$2:$M$164,"3") -> 0 | Q182: =P182/29 -> 0 | T182: kanan | U182: =COUNTIFS($T$170:$T$332,"Kiri",$M$2:$M$164,"3") -> 0 | V182: =U182/57 -> 0
E183: tengah | F183: Entropy | G183: =-(IFERROR(G180*LOG(G180,2),0)+IFERROR(G181*LOG(G181,2),0)+IFERROR(G182*LOG(G182,2),0)) -> 1.3695904 | J183: kanan | K183: Entropy | L183: =-(IFERROR(L180*LOG(L180,2),0)+IFERROR(L181*LOG(L181,2),0)+IFERROR(L182*LOG(L182,2),0)) -> 1.3896409 | O183: tengah | P183: Entropy | Q183: =-(IFERROR(Q180*LOG(Q180,2),0)+IFERROR(Q181*LOG(Q181,2),0)+IFERROR(Q182*LOG(Q182,2),0)) -> 0.99226664 | T183: kanan | U183: Entropy | V183: =-(IFERROR(V180*LOG(V180,2),0)+IFERROR(V181*LOG(V181,2),0)+IFERROR(V182*LOG(V182,2),0)) -> 0
E184: tengah | G184: =SUM(F180:F182)/163 -> 0.25766871 | J184: tengah | L184: =SUM(K180:K182)/163 -> 0.2208589 | O184: kanan | Q184: =SUM(P180:P182)/163 -> 0.17791411 | T184: tengah | V184: =SUM(U180:U182)/163 -> 0
E185: tengah | G185: =G183*G184 -> 0.3529006 | J185: kanan | L185: =L183*L184 -> 0.30691456 | O185: tengah | Q185: =Q183*Q184 -> 0.17653824 | T185: tengah | V185: =V183*V184 -> 0
E186: tengah | J186: tengah | O186: kiri | T186: kanan
E187: tengah | J187: kiri | O187: kanan | T187: tengah
E188: tengah | F188: Tengah | J188: kiri | K188: Tengah | O188: kanan | P188: Tengah | T188: tengah | U188: Tengah
E189: tengah | F189: {=SUMPRODUCT((E170:E332="tengah")*(M2:M164=1))} -> 11 | G189: =F189/92 -> 0.11956522 | J189: tengah | K189: =COUNTIFS($J$170:$J$332,"Tengah",$M$2:$M$164,"1") -> 9 | L189: =K189/83 -> 0.10843373 | O189: tengah | P189: =COUNTIFS($O$170:$O$332,"Tengah",$M$2:$M$164,"1") -> 0 | Q189: =P189/104 -> 0 | T189: kanan | U189: =COUNTIFS($T$170:$T$332,"Tengah",$M$2:$M$164,"1") -> 8 | V189: =U189/82 -> 0.097560976
E190: kiri | F190: {=SUMPRODUCT((E170:E332="tengah")*(M2:M164=2))} -> 39 | G190: =F190/92 -> 0.42391304 | J190: kiri | K190: =COUNTIFS($J$170:$J$332,"Tengah",$M$2:$M$164,"2") -> 37 | L190: =K190/97 -> 0.3814433 | O190: tengah | P190: =COUNTIFS($O$170:$O$332,"Tengah",$M$2:$M$164,"2") -> 55 | Q190: =P190/104 -> 0.52884615 | T190: tengah | U190: =COUNTIFS($T$170:$T$332,"Tengah",$M$2:$M$164,"2") -> 35 | V190: =U190/82 -> 0.42682927
E191: kiri | F191: {=SUMPRODUCT((E170:E332="tengah")*(M2:M164=3))} -> 42 | G191: =F191/92 -> 0.45652174 | J191: tengah | K191: =COUNTIFS($J$170:$J$332,"Tengah",$M$2:$M$164,"3") -> 37 | L191: =K191/97 -> 0.3814433 | O191: tengah | P191: =COUNTIFS($O$170:$O$332,"Tengah",$M$2:$M$164,"3") -> 49 | Q191: =P191/104 -> 0.47115385 | T191: tengah | U191: =COUNTIFS($T$170:$T$332,"Tengah",$M$2:$M$164,"3") -> 39 | V191: =U191/82 -> 0.47560976
E192: kiri | F192: Entropy | G192: =-(IFERROR(G189*LOG(G189,2),0)+IFERROR(G190*LOG(G190,2),0)+IFERROR(G191*LOG(G191,2),0)) -> 1.4076732 | J192: tengah | K192: Entropy | L192: =-(IFERROR(L189*LOG(L189,2),0)+IFERROR(L190*LOG(L190,2),0)+IFERROR(L191*LOG(L191,2),0)) -> 1.4083054 | O192: tengah | P192: Entropy | Q192: =-(IFERROR(Q189*LOG(Q189,2),0)+IFERROR(Q190*LOG(Q190,2),0)+IFERROR(Q191*LOG(Q191,2),0)) -> 0.99759773 | T192: kanan | U192: Entropy | V192: =-(IFERROR(V189*LOG(V189,2),0)+IFERROR(V190*LOG(V190,2),0)+IFERROR(V191*LOG(V191,2),0)) -> 1.3617521
E193: tengah | G193: =SUM(F189:F191)/163 -> 0.56441718 | J193: kanan | L193: =SUM(K189:K191)/163 -> 0.50920245 | O193: tengah | Q193: =SUM(P189:P191)/163 -> 0.63803681 | T193: tengah | V193: =SUM(U189:U191)/163 -> 0.50306748
E194: kanan | G194: =G192*G193 -> 0.79451493 | J194: kanan | L194: =L192*L193 -> 0.71711258 | O194: tengah | Q194: =Q192*Q193 -> 0.63650407 | T194: tengah | V194: =V192*V193 -> 0.6850532
E195: tengah | J195: tengah | O195: kiri | T195: kanan
E196: tengah | F196: IG | G196: Entropy | J196: kanan | K196: IG | L196: Entropy | O196: tengah | P196: IG | Q196: Entropy | T196: tengah | U196: IG | V196: Entropy
E197: kanan | F197: =P5-(G176+G185+G194) -> 0.036151439 | G197: =(G176+G185+G194) -> 1.325177 | J197: tengah | K197: =P5-(L176+L185+L194) -> -0.0023532853 | L197: =(L176+L185+L194) -> 1.3636817 | O197: tengah | P197: =P5-(Q176+Q185+Q194) -> 0.54828614 | Q197: =(Q176+Q185+Q194) -> 0.81304231 | T197: kanan | U197: =P5-(V176+V185+V194) -> 0.00028922748 | V197: =(V176+V185+V194) -> 1.3610392
E198: tengah | J198: kanan | O198: tengah | T198: kanan
E199: kanan | J199: kanan | O199: tengah | T199: tengah
E200: tengah | J200: tengah | O200: tengah | T200: kanan
E201: kiri | J201: tengah | O201: kiri | T201: tengah
E202: tengah | J202: tengah | O202: tengah | T202: tengah
E203: tengah | J203: tengah | O203: kanan | T203: kanan
E204: tengah | J204: kiri | O204: kiri | T204: kanan
E205: kanan | J205: kanan | O205: tengah | T205: tengah
E206: kiri | J206: kiri | O206: tengah | T206: kanan
E207: kanan | J207: tengah | O207: tengah | T207: tengah
E208: kiri | J208: kanan | O208: tengah | T208: kanan
E209: kiri | J209: tengah | O209: tengah | T209: tengah
... E332: kiri | J332: tengah | O332: kanan | T332: kanan

Sheet Pohon 7
A1: No | B1: Usia | C1: Lama Rawat Inap | D1: Jumlah Kasus Per Bulan | E1: Jenis Kelamin | F1: Tingkat Resiko | H1: No | I1: Usia | J1: Lama Rawat Inap | K1: Jumlah Kasus Per Bulan | L1: Jenis Kelamin | M1: Tingkat Resiko | O1: Perhitungan root
A2: =RANDBETWEEN(2,164) -> 69 | B2: {=INDEX(Data_DBD!$B:$B,$A2)} -> 24 | C2: {=INDEX(Data_DBD!$C:$C,$A2)} -> 4 | D2: {=INDEX(Data_DBD!$D:$D,$A2)} -> 10 | E2: {=INDEX(Data_DBD!$E:$E,$A2)} -> 1 | F2: {=INDEX(Data_DBD!$F:$F,$A2)} -> 2 | H2: 147 | I2: 66 | J2: 10 | K2: 21 | L2: 1 | M2: 3 | O2: 1 | P2: =COUNTIF(M2:M164,"1") -> 17 | Q2: =P2/163 -> 0.10429448
A3: =RANDBETWEEN(2,164) -> 72 | B3: {=INDEX(Data_DBD!$B:$B,$A3)} -> 3 | C3: {=INDEX(Data_DBD!$C:$C,$A3)} -> 5 | D3: {=INDEX(Data_DBD!$D:$D,$A3)} -> 10 | E3: {=INDEX(Data_DBD!$E:$E,$A3)} -> 1 | F3: {=INDEX(Data_DBD!$F:$F,$A3)} -> 2 | H3: 34 | I3: 55 | J3: 3 | K3: 14 | L3: 0 | M3: 2 | O3: 2 | P3: =COUNTIF(M2:M164,"2") -> 77 | Q3: =P3/163 -> 0.47239264
A4: =RANDBETWEEN(2,164) -> 136 | B4: {=INDEX(Data_DBD!$B:$B,$A4)} -> 6 | C4: {=INDEX(Data_DBD!$C:$C,$A4)} -> 2 | D4: {=INDEX(Data_DBD!$D:$D,$A4)} -> 33 | E4: {=INDEX(Data_DBD!$E:$E,$A4)} -> 0 | F4: {=INDEX(Data_DBD!$F:$F,$A4)} -> 3 | H4: 23 | I4: 28 | J4: 4 | K4: 14 | L4: 1 | M4: 2 | O4: 3 | P4: =COUNTIF(M2:M164,"3") -> 69 | Q4: =P4/163 -> 0.42331288
A5: =RANDBETWEEN(2,164) -> 2 | B5: {=INDEX(Data_DBD!$B:$B,$A5)} -> 34 | C5: {=INDEX(Data_DBD!$C:$C,$A5)} -> 3 | D5: {=INDEX(Data_DBD!$D:$D,$A5)} -> 12 | E5: {=INDEX(Data_DBD!$E:$E,$A5)} -> 0 | F5: {=INDEX(Data_DBD!$F:$F,$A5)} -> 2 | H5: 160 | I5: 16 | J5: 3 | K5: 21 | L5: 0 | M5: 3 | O5: Entropy Root | P5: =-(IFERROR(Q2*LOG(Q2,2),0)+IFERROR(Q3*LOG(Q3,2),0)+IFERROR(Q4*LOG(Q4,2),0)) -> 1.3762274
A6: =RANDBETWEEN(2,164) -> 148 | B6: {=INDEX(Data_DBD!$B:$B,$A6)} -> 55 | C6: {=INDEX(Data_DBD!$C:$C,$A6)} -> 3 | D6: {=INDEX(Data_DBD!$D:$D,$A6)} -> 21 | E6: {=INDEX(Data_DBD!$E:$E,$A6)} -> 1 | F6: {=INDEX(Data_DBD!$F:$F,$A6)} -> 3 | H6: 138 | I6: 13 | J6: 3 | K6: 33 | L6: 1 | M6: 3
A7: =RANDBETWEEN(2,164) -> 17 | B7: {=INDEX(Data_DBD!$B:$B,$A7)} -> 2 | C7: {=INDEX(Data_DBD!$C:$C,$A7)} -> 3 | D7: {=INDEX(Data_DBD!$D:$D,$A7)} -> 7 | E7: {=INDEX(Data_DBD!$E:$E,$A7)} -> 0 | F7: {=INDEX(Data_DBD!$F:$F,$A7)} -> 1 | H7: 41 | I7: 8 | J7: 4 | K7: 13 | L7: 0 | M7: 2
A8: =RANDBETWEEN(2,164) -> 118 | B8: {=INDEX(Data_DBD!$B:$B,$A8)} -> 67 | C8: {=INDEX(Data_DBD!$C:$C,$A8)} -> 4 | D8: {=INDEX(Data_DBD!$D:$D,$A8)} -> 33 | E8: {=INDEX(Data_DBD!$E:$E,$A8)} -> 1 | F8: {=INDEX(Data_DBD!$F:$F,$A8)} -> 3 | H8: 18 | I8: 49 | J8: 4 | K8: 7 | L8: 1 | M8: 1
A9: =RANDBETWEEN(2,164) -> 66 | B9: {=INDEX(Data_DBD!$B:$B,$A9)} -> 21 | C9: {=INDEX(Data_DBD!$C:$C,$A9)} -> 5 | D9: {=INDEX(Data_DBD!$D:$D,$A9)} -> 15 | E9: {=INDEX(Data_DBD!$E:$E,$A9)} -> 1 | F9: {=INDEX(Data_DBD!$F:$F,$A9)} -> 2 | H9: 125 | I9: 39 | J9: 4 | K9: 33 | L9: 0 | M9: 3
A10: =RANDBETWEEN(2,164) -> 65 | B10: {=INDEX(Data_DBD!$B:$B,$A10)} -> 49 | C10: {=INDEX(Data_DBD!$C:$C,$A10)} -> 3 | D10: {=INDEX(Data_DBD!$D:$D,$A10)} -> 15 | E10: {=INDEX(Data_DBD!$E:$E,$A10)} -> 0 | F10: {=INDEX(Data_DBD!$F:$F,$A10)} -> 2 | H10: 56 | I10: 4 | J10: 3 | K10: 15 | L10: 0 | M10: 2
A11: =RANDBETWEEN(2,164) -> 20 | B11: {=INDEX(Data_DBD!$B:$B,$A11)} -> 15 | C11: {=INDEX(Data_DBD!$C:$C,$A11)} -> 5 | D11: {=INDEX(Data_DBD!$D:$D,$A11)} -> 7 | E11: {=INDEX(Data_DBD!$E:$E,$A11)} -> 0 | F11: {=INDEX(Data_DBD!$F:$F,$A11)} -> 1 | H11: 37 | I11: 28 | J11: 4 | K11: 4 | L11: 1 | M11: 1
A12: =RANDBETWEEN(2,164) -> 22 | B12: {=INDEX(Data_DBD!$B:$B,$A12)} -> 6 | C12: {=INDEX(Data_DBD!$C:$C,$A12)} -> 3 | D12: {=INDEX(Data_DBD!$D:$D,$A12)} -> 14 | E12: {=INDEX(Data_DBD!$E:$E,$A12)} -> 0 | F12: {=INDEX(Data_DBD!$F:$F,$A12)} -> 2 | H12: 90 | I12: 47 | J12: 3 | K12: 18 | L12: 0 | M12: 3
A13: =RANDBETWEEN(2,164) -> 164 | B13: {=INDEX(Data_DBD!$B:$B,$A13)} -> 10 | C13: {=INDEX(Data_DBD!$C:$C,$A13)} -> 6 | D13: {=INDEX(Data_DBD!$D:$D,$A13)} -> 3 | E13: {=INDEX(Data_DBD!$E:$E,$A13)} -> 0 | F13: {=INDEX(Data_DBD!$F:$F,$A13)} -> 1 | H13: 47 | I13: 19 | J13: 2 | K13: 13 | L13: 0 | M13: 2
A14: =RANDBETWEEN(2,164) -> 159 | B14: {=INDEX(Data_DBD!$B:$B,$A14)} -> 17 | C14: {=INDEX(Data_DBD!$C:$C,$A14)} -> 2 | D14: {=INDEX(Data_DBD!$D:$D,$A14)} -> 21 | E14: {=INDEX(Data_DBD!$E:$E,$A14)} -> 0 | F14: {=INDEX(Data_DBD!$F:$F,$A14)} -> 3 | H14: 123 | I14: 22 | J14: 4 | K14: 33 | L14: 0 | M14: 3
A15: =RANDBETWEEN(2,164) -> 158 | B15: {=INDEX(Data_DBD!$B:$B,$A15)} -> 5 | C15: {=INDEX(Data_DBD!$C:$C,$A15)} -> 2 | D15: {=INDEX(Data_DBD!$D:$D,$A15)} -> 21 | E15: {=INDEX(Data_DBD!$E:$E,$A15)} -> 0 | F15: {=INDEX(Data_DBD!$F:$F,$A15)} -> 3 | H15: 63 | I15: 25 | J15: 3 | K15: 15 | L15: 0 | M15: 2
A16: =RANDBETWEEN(2,164) -> 13 | B16: {=INDEX(Data_DBD!$B:$B,$A16)} -> 47 | C16: {=INDEX(Data_DBD!$C:$C,$A16)} -> 2 | D16: {=INDEX(Data_DBD!$D:$D,$A16)} -> 12 | E16: {=INDEX(Data_DBD!$E:$E,$A16)} -> 0 | F16: {=INDEX(Data_DBD!$F:$F,$A16)} -> 2 | H16: 49 | I16: 64 | J16: 5 | K16: 13 | L16: 0 | M16: 2
A17: =RANDBETWEEN(2,164) -> 31 | B17: {=INDEX(Data_DBD!$B:$B,$A17)} -> 64 | C17: {=INDEX(Data_DBD!$C:$C,$A17)} -> 4 | D17: {=INDEX(Data_DBD!$D:$D,$A17)} -> 14 | E17: {=INDEX(Data_DBD!$E:$E,$A17)} -> 1 | F17: {=INDEX(Data_DBD!$F:$F,$A17)} -> 2 | H17: 147 | I17: 66 | J17: 10 | K17: 21 | L17: 1 | M17: 3
... A164: =RANDBETWEEN(2,164) -> 116 | B164: {=INDEX(Data_DBD!$B:$B,$A164)} -> 32 | C164: {=INDEX(Data_DBD!$C:$C,$A164)} -> 4 | D164: {=INDEX(Data_DBD!$D:$D,$A164)} -> 33 | E164: {=INDEX(Data_DBD!$E:$E,$A164)} -> 1 | F164: {=INDEX(Data_DBD!$F:$F,$A164)} -> 3 | H164: 115 | I164: 52 | J164: 3 | K164: 33 | L164: 1 | M164: 3
I165: =AVERAGE(I2:I164) -> 30.828221 | J165: =AVERAGE(J2:J164) -> 3.7607362 | K165: =AVERAGE(K2:K164) -> 17.337423 | L165: =AVERAGE(L2:L164) -> 0.50920245
B166: 189
E168: USIA | J168: LAMA RAWAT INAP | O168: JUMLAH KASUS PER BULAN | T168: JENIS KELAMIN
E169: Usia | F169: =AVERAGEIF($I$2:$I$164,"<="&$I$165) -> 16.782178 | G169: =AVERAGEIF($I$2:$I$164,">"&$I$165) -> 53.709677 | J169: Lama rawat inap | K169: =AVERAGEIF($J$2:$J$164,"<="&$J$165) -> 2.5384615 | L169: =AVERAGEIF($J$2:$J$164,">"&$J$165) -> 4.8823529 | O169: Jumlah kasus perbulan | P169: =AVERAGEIF($K$2:$K$164,"<="&$K$165) -> 11.553191 | Q169: =AVERAGEIF($K$2:$K$164,">"&$K$165) -> 25.217391 | T169: Jenis kelamin | U169: =AVERAGEIF($L$2:$L$164,"<="&$L$165) -> 0 | V169: =AVERAGEIF($L$2:$L$164,">"&$L$165) -> 1
E170: {=IF($I$2:$I$164<$F$169,"kiri",IF($I$2:$I$164<$G$169,"tengah","kanan"))} -> kanan | F170: Kanan > 50 | J170: {=IF($J$2:$J$164<$K$169,"kiri",IF($J$2:$J$164<$L$169,"tengah","kanan"))} -> kanan | K170: Kanan > 4.52 | O170: {=IF($K$2:$K$164<$P$169,"kiri",IF($K$2:$K$164<$Q$169,"tengah","kanan"))} -> tengah | P170: Kanan > 25.2 | T170: {=IF($L$2:$L$164<$U$169,"kiri",IF($L$2:$L$164<$V$169,"tengah","kanan"))} -> kanan | U170: Kanan > 1
E171: kanan | F171: =COUNTIFS($E$170:$E$332,"Kanan",$M$2:$M$164,"1") -> 0 | G171: =F171/29 -> 0 | J171: tengah | K171: {=SUMPRODUCT((J170:J332="Kanan")*(M2:M164=1))} -> 4 | L171: =K171/39 -> 0.1025641 | O171: tengah | P171: =COUNTIFS($O$170:$O$332,"Kanan",$M$2:$M$164,"1") -> 0 | Q171: =P171/27 -> 0 | T171: tengah | U171: =COUNTIFS($T$170:$T$332,"Kanan",$M$2:$M$164,"1") -> 12 | V171: =U171/83 -> 0.14457831
E172: tengah | F172: =COUNTIFS($E$170:$E$332,"Kanan",$M$2:$M$164,"2") -> 16 | G172: =F172/29 -> 0.55172414 | J172: tengah | K172: =COUNTIFS($J$170:$J$332,"Kanan",$M$2:$M$164,"2") -> 20 | L172: =K172/39 -> 0.51282051 | O172: tengah | P172: =COUNTIFS($O$170:$O$332,"Kanan",$M$2:$M$164,"2") -> 0 | Q172: =P172/27 -> 0 | T172: kanan | U172: =COUNTIFS($T$170:$T$332,"Kanan",$M$2:$M$164,"2") -> 37 | V172: =U172/83 -> 0.44578313
E173: kiri | F173: {=SUMPRODUCT((E170:E332="KANAN")*(M2:M164=3))} -> 13 | G173: =F173/29 -> 0.44827586 | J173: tengah | K173: =COUNTIFS($J$170:$J$332,"Kanan",$M$2:$M$164,"3") -> 15 | L173: =K173/39 -> 0.38461538 | O173: tengah | P173: =COUNTIFS($O$170:$O$332,"Kanan",$M$2:$M$164,"3") -> 27 | Q173: =P173/27 -> 1 | T173: tengah | U173: =COUNTIFS($T$170:$T$332,"Kanan",$M$2:$M$164,"3") -> 34 | V173: =U173/83 -> 0.40963855
E174: kiri | F174: Entropy | G174: =-(IFERROR(G171*LOG(G171,2),0)+IFERROR(G172*LOG(G172,2),0)+IFERROR(G173*LOG(G173,2),0)) -> 0.99226664 | J174: tengah | K174: Entropy | L174: =-(IFERROR(L171*LOG(L171,2),0)+IFERROR(L172*LOG(L172,2),0)+IFERROR(L173*LOG(L173,2),0)) -> 1.3612504 | O174: kanan | P174: Entropy | Q174: =-(IFERROR(Q171*LOG(Q171,2),0)+IFERROR(Q172*LOG(Q172,2),0)+IFERROR(Q173*LOG(Q173,2),0)) -> 0 | T174: kanan | U174: Entropy | V174: =-(IFERROR(V171*LOG(V171,2),0)+IFERROR(V172*LOG(V172,2),0)+IFERROR(V173*LOG(V173,2),0)) -> 1.4504242
E175: kiri | G175: =SUM(F171:F173)/163 -> 0.17791411 | J175: tengah | L175: =SUM(K171:K173)/163 -> 0.2392638 | O175: tengah | Q175: =SUM(P171:P173)/163 -> 0.16564417 | T175: tengah | V175: =SUM(U171:U173)/163 -> 0.50920245
E176: tengah | G176: =G174*G175 -> 0.17653824 | J176: tengah | L176: =L174*L175 -> 0.32569795 | O176: kiri | Q176: =Q174*Q175 -> 0 | T176: kanan | V176: =V174*V175 -> 0.73855958
E177: tengah | J177: tengah | O177: kanan | T177: tengah
E178: kiri | J178: tengah | O178: tengah | T178: tengah
E179: tengah | F179: Kiri<17.3 | J179: tengah | K179: Kiri<2.51 | O179: kiri | P179: Kiri<11 | T179: kanan | U179: Kiri<0
E180: tengah | F180: {=SUMPRODUCT((E170:E332="kiri")*(M2:M164=1))} -> 4 | G180: =F180/49 -> 0.081632653 | J180: tengah | K180: =COUNTIFS($J$170:$J$332,"Kiri",$M$2:$M$164,"1") -> 3 | L180: =K180/31 -> 0.096774194 | O180: tengah | P180: =COUNTIFS($O$170:$O$332,"Kiri",$M$2:$M$164,"1") -> 17 | Q180: =P180/29 -> 0.5862069 | T180: tengah | U180: =COUNTIFS($T$170:$T$332,"Kiri",$M$2:$M$164,"1") -> 0 | V180: =U180/57 -> 0
E181: tengah | F181: {=SUMPRODUCT((E170:E332="kiri")*(M2:M164=2))} -> 21 | G181: =F181/49 -> 0.42857143 | J181: kiri | K181: =COUNTIFS($J$170:$J$332,"Kiri",$M$2:$M$164,"2") -> 10 | L181: =K181/31 -> 0.32258065 | O181: tengah | P181: =COUNTIFS($O$170:$O$332,"Kiri",$M$2:$M$164,"2") -> 12 | Q181: =P181/29 -> 0.4137931 | T181: tengah | U181: =COUNTIFS($T$170:$T$332,"Kiri",$M$2:$M$164,"2") -> 0 | V181: =U181/57 -> 0
E182: tengah | F182: {=SUMPRODUCT((E170:E332="kiri")*(M2:M164=3))} -> 24 | G182: =F182/49 -> 0.48979592 | J182: tengah | K182: =COUNTIFS($J$170:$J$332,"Kiri",$M$2:$M$164,"3") -> 18 | L182: =K182/31 -> 0.58064516 | O182: kanan | P182: =COUNTIFS($O$170:$O$332,"Kiri",$M$2:$M$164,"3") -> 0 | Q182: =P182/29 -> 0 | T182: tengah | U182: =COUNTIFS($T$170:$T$332,"Kiri",$M$2:$M$164,"3") -> 0 | V182: =U182/57 -> 0
E183: tengah | F183: Entropy | G183: =-(IFERROR(G180*LOG(G180,2),0)+IFERROR(G181*LOG(G181,2),0)+IFERROR(G182*LOG(G182,2),0)) -> 1.3233269 | J183: tengah | K183: Entropy | L183: =-(IFERROR(L180*LOG(L180,2),0)+IFERROR(L181*LOG(L181,2),0)+IFERROR(L182*LOG(L182,2),0)) -> 1.3079764 | O183: tengah | P183: Entropy | Q183: =-(IFERROR(Q180*LOG(Q180,2),0)+IFERROR(Q181*LOG(Q181,2),0)+IFERROR(Q182*LOG(Q182,2),0)) -> 0.97844933 | T183: tengah | U183: Entropy | V183: =-(IFERROR(V180*LOG(V180,2),0)+IFERROR(V181*LOG(V181,2),0)+IFERROR(V182*LOG(V182,2),0)) -> 0
E184: kanan | G184: =SUM(F180:F182)/163 -> 0.3006135 | J184: kanan | L184: =SUM(K180:K182)/163 -> 0.19018405 | O184: tengah | Q184: =SUM(P180:P182)/163 -> 0.17791411 | T184: tengah | V184: =SUM(U180:U182)/163 -> 0
E185: kanan | G185: =G183*G184 -> 0.39780992 | J185: kanan | L185: =L183*L184 -> 0.24875624 | O185: tengah | Q185: =Q183*Q184 -> 0.17407994 | T185: kanan | V185: =V183*V184 -> 0
E186: tengah | J186: tengah | O186: tengah | T186: tengah
E187: tengah | J187: tengah | O187: kiri | T187: kanan
E188: tengah | F188: Tengah | J188: tengah | K188: Tengah | O188: tengah | P188: Tengah | T188: kanan | U188: Tengah
E189: tengah | F189: {=SUMPRODUCT((E170:E332="tengah")*(M2:M164=1))} -> 13 | G189: =F189/85 -> 0.15294118 | J189: tengah | K189: =COUNTIFS($J$170:$J$332,"Tengah",$M$2:$M$164,"1") -> 10 | L189: =K189/93 -> 0.10752688 | O189: kiri | P189: =COUNTIFS($O$170:$O$332,"Tengah",$M$2:$M$164,"1") -> 0 | Q189: =P189/107 -> 0 | T189: kanan | U189: =COUNTIFS($T$170:$T$332,"Tengah",$M$2:$M$164,"1") -> 5 | V189: =U189/82 -> 0.06097561
E190: kanan | F190: {=SUMPRODUCT((E170:E332="tengah")*(M2:M164=2))} -> 40 | G190: =F190/85 -> 0.47058824 | J190: kiri | K190: =COUNTIFS($J$170:$J$332,"Tengah",$M$2:$M$164,"2") -> 47 | L190: =K190/93 -> 0.50537634 | O190: kiri | P190: =COUNTIFS($O$170:$O$332,"Tengah",$M$2:$M$164,"2") -> 65 | Q190: =P190/107 -> 0.60747664 | T190: tengah | U190: =COUNTIFS($T$170:$T$332,"Tengah",$M$2:$M$164,"2") -> 40 | V190: =U190/82 -> 0.48780488
E191: tengah | F191: {=SUMPRODUCT((E170:E332="tengah")*(M2:M164=3))} -> 32 | G191: =F191/85 -> 0.37647059 | J191: kanan | K191: =COUNTIFS($J$170:$J$332,"Tengah",$M$2:$M$164,"3") -> 36 | L191: =K191/93 -> 0.38709677 | O191: tengah | P191: =COUNTIFS($O$170:$O$332,"Tengah",$M$2:$M$164,"3") -> 42 | Q191: =P191/107 -> 0.39252336 | T191: kanan | U191: =COUNTIFS($T$170:$T$332,"Tengah",$M$2:$M$164,"3") -> 35 | V191: =U191/82 -> 0.42682927
E192: kiri | F192: Entropy | G192: =-(IFERROR(G189*LOG(G189,2),0)+IFERROR(G190*LOG(G190,2),0)+IFERROR(G191*LOG(G191,2),0)) -> 1.4566516 | J192: tengah | K192: Entropy | L192: =-(IFERROR(L189*LOG(L189,2),0)+IFERROR(L190*LOG(L190,2),0)+IFERROR(L191*LOG(L191,2),0)) -> 1.3735431 | O192: kanan | P192: Entropy | Q192: =-(IFERROR(Q189*LOG(Q189,2),0)+IFERROR(Q190*LOG(Q190,2),0)+IFERROR(Q191*LOG(Q191,2),0)) -> 0.96640867 | T192: kanan | U192: Entropy | V192: =-(IFERROR(V189*LOG(V189,2),0)+IFERROR(V190*LOG(V190,2),0)+IFERROR(V191*LOG(V191,2),0)) -> 1.2755182
E193: kiri | G193: =SUM(F189:F191)/163 -> 0.52147239 | J193: kanan | L193: =SUM(K189:K191)/163 -> 0.57055215 | O193: kiri | Q193: =SUM(P189:P191)/163 -> 0.65644172 | T193: kanan | V193: =SUM(U189:U191)/163 -> 0.49079755
E194: tengah | G194: =G192*G193 -> 0.75960362 | J194: tengah | L194: =L192*L193 -> 0.78367799 | O194: kiri | Q194: =Q192*Q193 -> 0.63439097 | T194: kanan | V194: =V192*V193 -> 0.62602119
E195: tengah | J195: tengah | O195: tengah | T195: tengah
E196: kiri | F196: IG | G196: Entropy | J196: tengah | K196: IG | L196: Entropy | O196: tengah | P196: IG | Q196: Entropy | T196: tengah | U196: IG | V196: Entropy
E197: tengah | F197: =P5-(G176+G185+G194) -> 0.042275652 | G197: =(G176+G185+G194) -> 1.3339518 | J197: kanan | K197: =P5-(L176+L185+L194) -> 0.018095242 | L197: =(L176+L185+L194) -> 1.3581322 | O197: tengah | P197: =P5-(Q176+Q185+Q194) -> 0.56775651 | Q197: =(Q176+Q185+Q194) -> 0.80847091 | T197: kanan | U197: =P5-(V176+V185+V194) -> 0.01164665 | V197: =(V176+V185+V194) -> 1.3645808
E198: kiri | J198: kanan | O198: tengah | T198: kanan
E199: kiri | J199: tengah | O199: tengah | T199: tengah
E200: kiri | J200: tengah | O200: tengah | T200: tengah
E201: tengah | J201: kiri | O201: tengah | T201: kanan
E202: kiri | J202: tengah | O202: tengah | T202: tengah
E203: kanan | J203: kanan | O203: tengah | T203: tengah
E204: tengah | J204: kiri | O204: tengah | T204: kanan
E205: tengah | J205: tengah | O205: tengah | T205: tengah
E206: tengah | J206: tengah | O206: tengah | T206: kanan
E207: kiri | J207: kanan | O207: kiri | T207: tengah
E208: tengah | J208: kanan | O208: tengah | T208: kanan
E209: tengah | J209: kiri | O209: kiri | T209: tengah
... E332: tengah | J332: tengah | O332: kanan | T332: kanan

Sheet Pohon 8
A1: No | B1: Usia | C1: Lama Rawat Inap | D1: Jumlah Kasus Per Bulan | E1: Jenis Kelamin | F1: Tingkat Resiko | H1: No | I1: Usia | J1: Lama Rawat Inap | K1: Jumlah Kasus Per Bulan | L1: Jenis Kelamin | M1: Tingkat Resiko | O1: Perhitungan root
A2: =RANDBETWEEN(2,164) -> 121 | B2: {=INDEX(Data_DBD!$B:$B,$A2)} -> 82 | C2: {=INDEX(Data_DBD!$C:$C,$A2)} -> 5 | D2: {=INDEX(Data_DBD!$D:$D,$A2)} -> 33 | E2: {=INDEX(Data_DBD!$E:$E,$A2)} -> 1 | F2: {=INDEX(Data_DBD!$F:$F,$A2)} -> 3 | H2: 86 | I2: 23 | J2: 3 | K2: 13 | L2: 0 | M2: 2 | O2: 1 | P2: =COUNTIF(M2:M164,"1") -> 18 | Q2: =P2/163 -> 0.11042945
A3: =RANDBETWEEN(2,164) -> 80 | B3: {=INDEX(Data_DBD!$B:$B,$A3)} -> 27 | C3: {=INDEX(Data_DBD!$C:$C,$A3)} -> 3 | D3: {=INDEX(Data_DBD!$D:$D,$A3)} -> 13 | E3: {=INDEX(Data_DBD!$E:$E,$A3)} -> 1 | F3: {=INDEX(Data_DBD!$F:$F,$A3)} -> 2 | H3: 136 | I3: 6 | J3: 2 | K3: 33 | L3: 0 | M3: 3 | O3: 2 | P3: =COUNTIF(M2:M164,"2") -> 82 | Q3: =P3/163 -> 0.50306748
A4: =RANDBETWEEN(2,164) -> 144 | B4: {=INDEX(Data_DBD!$B:$B,$A4)} -> 61 | C4: {=INDEX(Data_DBD!$C:$C,$A4)} -> 4 | D4: {=INDEX(Data_DBD!$D:$D,$A4)} -> 21 | E4: {=INDEX(Data_DBD!$E:$E,$A4)} -> 1 | F4: {=INDEX(Data_DBD!$F:$F,$A4)} -> 3 | H4: 140 | I4: 74 | J4: 5 | K4: 21 | L4: 1 | M4: 3 | O4: 3 | P4: =COUNTIF(M2:M164,"3") -> 63 | Q4: =P4/163 -> 0.38650307
A5: =RANDBETWEEN(2,164) -> 54 | B5: {=INDEX(Data_DBD!$B:$B,$A5)} -> 7 | C5: {=INDEX(Data_DBD!$C:$C,$A5)} -> 3 | D5: {=INDEX(Data_DBD!$D:$D,$A5)} -> 15 | E5: {=INDEX(Data_DBD!$E:$E,$A5)} -> 0 | F5: {=INDEX(Data_DBD!$F:$F,$A5)} -> 2 | H5: 90 | I5: 47 | J5: 3 | K5: 18 | L5: 0 | M5: 3 | O5: Entropy Root | P5: =-(IFERROR(Q2*LOG(Q2,2),0)+IFERROR(Q3*LOG(Q3,2),0)+IFERROR(Q4*LOG(Q4,2),0)) -> 1.3797309
A6: =RANDBETWEEN(2,164) -> 105 | B6: {=INDEX(Data_DBD!$B:$B,$A6)} -> 61 | C6: {=INDEX(Data_DBD!$C:$C,$A6)} -> 3 | D6: {=INDEX(Data_DBD!$D:$D,$A6)} -> 18 | E6: {=INDEX(Data_DBD!$E:$E,$A6)} -> 1 | F6: {=INDEX(Data_DBD!$F:$F,$A6)} -> 3 | H6: 17 | I6: 2 | J6: 3 | K6: 7 | L6: 0 | M6: 1
A7: =RANDBETWEEN(2,164) -> 76 | B7: {=INDEX(Data_DBD!$B:$B,$A7)} -> 70 | C7: {=INDEX(Data_DBD!$C:$C,$A7)} -> 2 | D7: {=INDEX(Data_DBD!$D:$D,$A7)} -> 10 | E7: {=INDEX(Data_DBD!$E:$E,$A7)} -> 0 | F7: {=INDEX(Data_DBD!$F:$F,$A7)} -> 2 | H7: 79 | I7: 29 | J7: 3 | K7: 13 | L7: 0 | M7: 2
A8: =RANDBETWEEN(2,164) -> 35 | B8: {=INDEX(Data_DBD!$B:$B,$A8)} -> 40 | C8: {=INDEX(Data_DBD!$C:$C,$A8)} -> 3 | D8: {=INDEX(Data_DBD!$D:$D,$A8)} -> 4 | E8: {=INDEX(Data_DBD!$E:$E,$A8)} -> 1 | F8: {=INDEX(Data_DBD!$F:$F,$A8)} -> 1 | H8: 108 | I8: 69 | J8: 7 | K8: 33 | L8: 1 | M8: 3
A9: =RANDBETWEEN(2,164) -> 2 | B9: {=INDEX(Data_DBD!$B:$B,$A9)} -> 34 | C9: {=INDEX(Data_DBD!$C:$C,$A9)} -> 3 | D9: {=INDEX(Data_DBD!$D:$D,$A9)} -> 12 | E9: {=INDEX(Data_DBD!$E:$E,$A9)} -> 0 | F9: {=INDEX(Data_DBD!$F:$F,$A9)} -> 2 | H9: 143 | I9: 20 | J9: 4 | K9: 21 | L9: 1 | M9: 3
A10: =RANDBETWEEN(2,164) -> 59 | B10: {=INDEX(Data_DBD!$B:$B,$A10)} -> 28 | C10: {=INDEX(Data_DBD!$C:$C,$A10)} -> 4 | D10: {=INDEX(Data_DBD!$D:$D,$A10)} -> 15 | E10: {=INDEX(Data_DBD!$E:$E,$A10)} -> 0 | F10: {=INDEX(Data_DBD!$F:$F,$A10)} -> 2 | H10: 118 | I10: 67 | J10: 4 | K10: 33 | L10: 1 | M10: 3
A11: =RANDBETWEEN(2,164) -> 52 | B11: {=INDEX(Data_DBD!$B:$B,$A11)} -> 59 | C11: {=INDEX(Data_DBD!$C:$C,$A11)} -> 4 | D11: {=INDEX(Data_DBD!$D:$D,$A11)} -> 15 | E11: {=INDEX(Data_DBD!$E:$E,$A11)} -> 1 | F11: {=INDEX(Data_DBD!$F:$F,$A11)} -> 2 | H11: 47 | I11: 19 | J11: 2 | K11: 13 | L11: 0 | M11: 2
A12: =RANDBETWEEN(2,164) -> 73 | B12: {=INDEX(Data_DBD!$B:$B,$A12)} -> 15 | C12: {=INDEX(Data_DBD!$C:$C,$A12)} -> 3 | D12: {=INDEX(Data_DBD!$D:$D,$A12)} -> 10 | E12: {=INDEX(Data_DBD!$E:$E,$A12)} -> 1 | F12: {=INDEX(Data_DBD!$F:$F,$A12)} -> 2 | H12: 65 | I12: 49 | J12: 3 | K12: 15 | L12: 0 | M12: 2
A13: =RANDBETWEEN(2,164) -> 115 | B13: {=INDEX(Data_DBD!$B:$B,$A13)} -> 52 | C13: {=INDEX(Data_DBD!$C:$C,$A13)} -> 3 | D13: {=INDEX(Data_DBD!$D:$D,$A13)} -> 33 | E13: {=INDEX(Data_DBD!$E:$E,$A13)} -> 1 | F13: {=INDEX(Data_DBD!$F:$F,$A13)} -> 3 | H13: 162 | I13: 22 | J13: 3 | K13: 3 | L13: 1 | M13: 1
A14: =RANDBETWEEN(2,164) -> 71 | B14: {=INDEX(Data_DBD!$B:$B,$A14)} -> 84 | C14: {=INDEX(Data_DBD!$C:$C,$A14)} -> 3 | D14: {=INDEX(Data_DBD!$D:$D,$A14)} -> 10 | E14: {=INDEX(Data_DBD!$E:$E,$A14)} -> 0 | F14: {=INDEX(Data_DBD!$F:$F,$A14)} -> 2 | H14: 48 | I14: 50 | J14: 5 | K14: 13 | L14: 1 | M14: 2
A15: =RANDBETWEEN(2,164) -> 84 | B15: {=INDEX(Data_DBD!$B:$B,$A15)} -> 42 | C15: {=INDEX(Data_DBD!$C:$C,$A15)} -> 4 | D15: {=INDEX(Data_DBD!$D:$D,$A15)} -> 13 | E15: {=INDEX(Data_DBD!$E:$E,$A15)} -> 1 | F15: {=INDEX(Data_DBD!$F:$F,$A15)} -> 2 | H15: 77 | I15: 16 | J15: 4 | K15: 13 | L15: 1 | M15: 2
A16: =RANDBETWEEN(2,164) -> 3 | B16: {=INDEX(Data_DBD!$B:$B,$A16)} -> 43 | C16: {=INDEX(Data_DBD!$C:$C,$A16)} -> 3 | D16: {=INDEX(Data_DBD!$D:$D,$A16)} -> 12 | E16: {=INDEX(Data_DBD!$E:$E,$A16)} -> 1 | F16: {=INDEX(Data_DBD!$F:$F,$A16)} -> 2 | H16: 31 | I16: 64 | J16: 4 | K16: 14 | L16: 1 | M16: 2
A17: =RANDBETWEEN(2,164) -> 40 | B17: {=INDEX(Data_DBD!$B:$B,$A17)} -> 65 | C17: {=INDEX(Data_DBD!$C:$C,$A17)} -> 3 | D17: {=INDEX(Data_DBD!$D:$D,$A17)} -> 13 | E17: {=INDEX(Data_DBD!$E:$E,$A17)} -> 1 | F17: {=INDEX(Data_DBD!$F:$F,$A17)} -> 2 | H17: 7 | I17: 12 | J17: 1 | K17: 12 | L17: 1 | M17: 2
... A164: =RANDBETWEEN(2,164) -> 64 | B164: {=INDEX(Data_DBD!$B:$B,$A164)} -> 35 | C164: {=INDEX(Data_DBD!$C:$C,$A164)} -> 1 | D164: {=INDEX(Data_DBD!$D:$D,$A164)} -> 15 | E164: {=INDEX(Data_DBD!$E:$E,$A164)} -> 0 | F164: {=INDEX(Data_DBD!$F:$F,$A164)} -> 2 | H164: 77 | I164: 16 | J164: 4 | K164: 13 | L164: 1 | M164: 2
I165: =AVERAGE(I2:I164) -> 32.116564 | J165: =AVERAGE(J2:J164) -> 3.5276074 | K165: =AVERAGE(K2:K164) -> 17.190184 | L165: =AVERAGE(L2:L164) -> 0.57055215
B166: 93
E168: USIA | J168: LAMA RAWAT INAP | O168: JUMLAH KASUS PER BULAN | T168: JENIS KELAMIN
E169: Usia | F169: =AVERAGEIF($I$2:$I$164,"<="&$I$165) -> 16.103093 | G169: =AVERAGEIF($I$2:$I$164,">"&$I$165) -> 55.651515 | J169: Lama rawat inap | K169: =AVERAGEIF($J$2:$J$164,"<="&$J$165) -> 2.4819277 | L169: =AVERAGEIF($J$2:$J$164,">"&$J$165) -> 4.6125 | O169: Jumlah kasus perbulan | P169: =AVERAGEIF($K$2:$K$164,"<="&$K$165) -> 11.31 | Q169: =AVERAGEIF($K$2:$K$164,">"&$K$165) -> 26.52381 | T169: Jenis kelamin | U169: =AVERAGEIF($L$2:$L$164,"<="&$L$165) -> 0 | V169: =AVERAGEIF($L$2:$L$164,">"&$L$165) -> 1
E170: {=IF($I$2:$I$164<$F$169,"kiri",IF($I$2:$I$164<$G$169,"tengah","kanan"))} -> tengah | F170: Kanan > 50 | J170: {=IF($J$2:$J$164<$K$169,"kiri",IF($J$2:$J$164<$L$169,"tengah","kanan"))} -> tengah | K170: Kanan > 4.52 | O170: {=IF($K$2:$K$164<$P$169,"kiri",IF($K$2:$K$164<$Q$169,"tengah","kanan"))} -> tengah | P170: Kanan > 26.5 | T170: {=IF($L$2:$L$164<$U$169,"kiri",IF($L$2:$L$164<$V$169,"tengah","kanan"))} -> tengah | U170: Kanan > 1
E171: kiri | F171: =COUNTIFS($E$170:$E$332,"Kanan",$M$2:$M$164,"1") -> 2 | G171: =F171/31 -> 0.064516129 | J171: kiri | K171: {=SUMPRODUCT((J170:J332="Kanan")*(M2:M164=1))} -> 3 | L171: =K171/36 -> 0.083333333 | O171: kanan | P171: =COUNTIFS($O$170:$O$332,"Kanan",$M$2:$M$164,"1") -> 0 | Q171: =P171/32 -> 0 | T171: tengah | U171: =COUNTIFS($T$170:$T$332,"Kanan",$M$2:$M$164,"1") -> 12 | V171: =U171/83 -> 0.14457831
E172: kanan | F172: =COUNTIFS($E$170:$E$332,"Kanan",$M$2:$M$164,"2") -> 16 | G172: =F172/31 -> 0.51612903 | J172: kanan | K172: =COUNTIFS($J$170:$J$332,"Kanan",$M$2:$M$164,"2") -> 21 | L172: =K172/36 -> 0.58333333 | O172: tengah | P172: =COUNTIFS($O$170:$O$332,"Kanan",$M$2:$M$164,"2") -> 0 | Q172: =P172/32 -> 0 | T172: kanan | U172: =COUNTIFS($T$170:$T$332,"Kanan",$M$2:$M$164,"2") -> 45 | V172: =U172/83 -> 0.54216867
E173: tengah | F173: {=SUMPRODUCT((E170:E332="KANAN")*(M2:M164=3))} -> 13 | G173: =F173/31 -> 0.41935484 | J173: tengah | K173: =COUNTIFS($J$170:$J$332,"Kanan",$M$2:$M$164,"3") -> 12 | L173: =K173/36 -> 0.33333333 | O173: tengah | P173: =COUNTIFS($O$170:$O$332,"Kanan",$M$2:$M$164,"3") -> 32 | Q173: =P173/32 -> 1 | T173: tengah | U173: =COUNTIFS($T$170:$T$332,"Kanan",$M$2:$M$164,"3") -> 36 | V173: =U173/83 -> 0.43373494
E174: kiri | F174: Entropy | G174: =-(IFERROR(G171*LOG(G171,2),0)+IFERROR(G172*LOG(G172,2),0)+IFERROR(G173*LOG(G173,2),0)) -> 1.2733668 | J174: tengah | K174: Entropy | L174: =-(IFERROR(L171*LOG(L171,2),0)+IFERROR(L172*LOG(L172,2),0)+IFERROR(L173*LOG(L173,2),0)) -> 1.2806721 | O174: kiri | P174: Entropy | Q174: =-(IFERROR(Q171*LOG(Q171,2),0)+IFERROR(Q172*LOG(Q172,2),0)+IFERROR(Q173*LOG(Q173,2),0)) -> 0 | T174: tengah | U174: Entropy | V174: =-(IFERROR(V171*LOG(V171,2),0)+IFERROR(V172*LOG(V172,2),0)+IFERROR(V173*LOG(V173,2),0)) -> 1.4049208
E175: tengah | G175: =SUM(F171:F173)/163 -> 0.19018405 | J175: tengah | L175: =SUM(K171:K173)/163 -> 0.2208589 | O175: tengah | Q175: =SUM(P171:P173)/163 -> 0.19631902 | T175: tengah | V175: =SUM(U171:U173)/163 -> 0.57055215
E176: kanan | G176: =G174*G175 -> 0.24217404 | J176: kanan | L176: =L174*L175 -> 0.28284783 | O176: kanan | Q176: =Q174*Q175 -> 0 | T176: kanan | V176: =V174*V175 -> 0.80158059
E177: tengah | J177: tengah | O177: tengah | T177: kanan
E178: kanan | J178: tengah | O178: kanan | T178: kanan
E179: tengah | F179: Kiri<17.3 | J179: kiri | K179: Kiri<2.51 | O179: tengah | P179: Kiri<11 | T179: tengah | U179: Kiri<0
E180: tengah | F180: {=SUMPRODUCT((E170:E332="kiri")*(M2:M164=1))} -> 6 | G180: =F180/47 -> 0.12765957 | J180: tengah | K180: =COUNTIFS($J$170:$J$332,"Kiri",$M$2:$M$164,"1") -> 0 | L180: =K180/37 -> 0 | O180: tengah | P180: =COUNTIFS($O$170:$O$332,"Kiri",$M$2:$M$164,"1") -> 18 | Q180: =P180/32 -> 0.5625 | T180: tengah | U180: =COUNTIFS($T$170:$T$332,"Kiri",$M$2:$M$164,"1") -> 0 | V180: =U180/57 -> 0
E181: tengah | F181: {=SUMPRODUCT((E170:E332="kiri")*(M2:M164=2))} -> 22 | G181: =F181/47 -> 0.46808511 | J181: tengah | K181: =COUNTIFS($J$170:$J$332,"Kiri",$M$2:$M$164,"2") -> 18 | L181: =K181/37 -> 0.48648649 | O181: kiri | P181: =COUNTIFS($O$170:$O$332,"Kiri",$M$2:$M$164,"2") -> 14 | Q181: =P181/32 -> 0.4375 | T181: kanan | U181: =COUNTIFS($T$170:$T$332,"Kiri",$M$2:$M$164,"2") -> 0 | V181: =U181/57 -> 0
E182: tengah | F182: {=SUMPRODUCT((E170:E332="kiri")*(M2:M164=3))} -> 19 | G182: =F182/47 -> 0.40425532 | J182: kanan | K182: =COUNTIFS($J$170:$J$332,"Kiri",$M$2:$M$164,"3") -> 19 | L182: =K182/37 -> 0.51351351 | O182: tengah | P182: =COUNTIFS($O$170:$O$332,"Kiri",$M$2:$M$164,"3") -> 0 | Q182: =P182/32 -> 0 | T182: kanan | U182: =COUNTIFS($T$170:$T$332,"Kiri",$M$2:$M$164,"3") -> 0 | V182: =U182/57 -> 0
E183: kiri | F183: Entropy | G183: =-(IFERROR(G180*LOG(G180,2),0)+IFERROR(G181*LOG(G181,2),0)+IFERROR(G182*LOG(G182,2),0)) -> 1.4199528 | J183: tengah | K183: Entropy | L183: =-(IFERROR(L180*LOG(L180,2),0)+IFERROR(L181*LOG(L181,2),0)+IFERROR(L182*LOG(L182,2),0)) -> 0.99947302 | O183: tengah | P183: Entropy | Q183: =-(IFERROR(Q180*LOG(Q180,2),0)+IFERROR(Q181*LOG(Q181,2),0)+IFERROR(Q182*LOG(Q182,2),0)) -> 0.98869941 | T183: kanan | U183: Entropy | V183: =-(IFERROR(V180*LOG(V180,2),0)+IFERROR(V181*LOG(V181,2),0)+IFERROR(V182*LOG(V182,2),0)) -> 0
E184: kanan | G184: =SUM(F180:F182)/163 -> 0.28834356 | J184: tengah | L184: =SUM(K180:K182)/163 -> 0.22699387 | O184: tengah | Q184: =SUM(P180:P182)/163 -> 0.19631902 | T184: kanan | V184: =SUM(U180:U182)/163 -> 0
E185: kiri | G185: =G183*G184 -> 0.40943425 | J185: kiri | L185: =L183*L184 -> 0.22687424 | O185: tengah | Q185: =Q183*Q184 -> 0.1941005 | T185: kanan | V185: =V183*V184 -> 0
E186: kiri | J186: tengah | O186: kanan | T186: tengah
E187: kanan | J187: tengah | O187: kanan | T187: kanan
E188: kanan | F188: Tengah | J188: kanan | K188: Tengah | O188: tengah | P188: Tengah | T188: tengah | U188: Tengah
E189: tengah | F189: {=SUMPRODUCT((E170:E332="tengah")*(M2:M164=1))} -> 10 | G189: =F189/85 -> 0.11764706 | J189: kiri | K189: =COUNTIFS($J$170:$J$332,"Tengah",$M$2:$M$164,"1") -> 15 | L189: =K189/90 -> 0.16666667 | O189: tengah | P189: =COUNTIFS($O$170:$O$332,"Tengah",$M$2:$M$164,"1") -> 0 | Q189: =P189/99 -> 0 | T189: kanan | U189: =COUNTIFS($T$170:$T$332,"Tengah",$M$2:$M$164,"1") -> 6 | V189: =U189/82 -> 0.073170732
E190: tengah | F190: {=SUMPRODUCT((E170:E332="tengah")*(M2:M164=2))} -> 44 | G190: =F190/85 -> 0.51764706 | J190: tengah | K190: =COUNTIFS($J$170:$J$332,"Tengah",$M$2:$M$164,"2") -> 43 | L190: =K190/90 -> 0.47777778 | O190: tengah | P190: =COUNTIFS($O$170:$O$332,"Tengah",$M$2:$M$164,"2") -> 68 | Q190: =P190/99 -> 0.68686869 | T190: tengah | U190: =COUNTIFS($T$170:$T$332,"Tengah",$M$2:$M$164,"2") -> 37 | V190: =U190/82 -> 0.45121951
E191: tengah | F191: {=SUMPRODUCT((E170:E332="tengah")*(M2:M164=3))} -> 31 | G191: =F191/85 -> 0.36470588 | J191: tengah | K191: =COUNTIFS($J$170:$J$332,"Tengah",$M$2:$M$164,"3") -> 32 | L191: =K191/90 -> 0.35555556 | O191: tengah | P191: =COUNTIFS($O$170:$O$332,"Tengah",$M$2:$M$164,"3") -> 31 | Q191: =P191/99 -> 0.31313131 | T191: tengah | U191: =COUNTIFS($T$170:$T$332,"Tengah",$M$2:$M$164,"3") -> 27 | V191: =U191/82 -> 0.32926829
E192: tengah | F192: Entropy | G192: =-(IFERROR(G189*LOG(G189,2),0)+IFERROR(G190*LOG(G190,2),0)+IFERROR(G191*LOG(G191,2),0)) -> 1.3856926 | J192: kiri | K192: Entropy | L192: =-(IFERROR(L189*LOG(L189,2),0)+IFERROR(L190*LOG(L190,2),0)+IFERROR(L191*LOG(L191,2),0)) -> 1.4703782 | O192: tengah | P192: Entropy | Q192: =-(IFERROR(Q189*LOG(Q189,2),0)+IFERROR(Q190*LOG(Q190,2),0)+IFERROR(Q191*LOG(Q191,2),0)) -> 0.89675502 | T192: kanan | U192: Entropy | V192: =-(IFERROR(V189*LOG(V189,2),0)+IFERROR(V190*LOG(V190,2),0)+IFERROR(V191*LOG(V191,2),0)) -> 1.3217942
E193: kanan | G193: =SUM(F189:F191)/163 -> 0.52147239 | J193: tengah | L193: =SUM(K189:K191)/163 -> 0.55214724 | O193: kanan | Q193: =SUM(P189:P191)/163 -> 0.60736196 | T193: kanan | V193: =SUM(U189:U191)/163 -> 0.42944785
E194: tengah | G194: =G192*G193 -> 0.72260044 | J194: tengah | L194: =L192*L193 -> 0.81186525 | O194: tengah | Q194: =Q192*Q193 -> 0.54465489 | T194: kanan | V194: =V192*V193 -> 0.5676417
E195: tengah | J195: tengah | O195: tengah | T195: tengah
E196: kanan | F196: IG | G196: Entropy | J196: kiri | K196: IG | L196: Entropy | O196: tengah | P196: IG | Q196: Entropy | T196: tengah | U196: IG | V196: Entropy
E197: tengah | F197: =P5-(G176+G185+G194) -> 0.005522183 | G197: =(G176+G185+G194) -> 1.3742087 | J197: kanan | K197: =P5-(L176+L185+L194) -> 0.058143594 | L197: =(L176+L185+L194) -> 1.3215873 | O197: tengah | P197: =P5-(Q176+Q185+Q194) -> 0.64097553 | Q197: =(Q176+Q185+Q194) -> 0.73875538 | T197: kanan | U197: =P5-(V176+V185+V194) -> 0.010508628 | V197: =(V176+V185+V194) -> 1.3692223
E198: kanan | J198: tengah | O198: tengah | T198: kanan
E199: tengah | J199: kiri | O199: tengah | T199: kanan
E200: tengah | J200: kiri | O200: tengah | T200: tengah
E201: tengah | J201: tengah | O201: kanan | T201: tengah
E202: tengah | J202: kanan | O202: kiri | T202: tengah
E203: kanan | J203: kanan | O203: tengah | T203: kanan
E204: kiri | J204: tengah | O204: tengah | T204: kanan
E205: tengah | J205: kanan | O205: tengah | T205: tengah
E206: tengah | J206: kiri | O206: tengah | T206: kanan
E207: kiri | J207: tengah | O207: tengah | T207: kanan
E208: tengah | J208: kanan | O208: tengah | T208: kanan
E209: tengah | J209: kanan | O209: kanan | T209: tengah
... E332: kiri | J332: tengah | O332: tengah | T332: kanan

Sheet Pohon 9
A1: No | B1: Usia | C1: Lama Rawat Inap | D1: Jumlah Kasus Per Bulan | E1: Jenis Kelamin | F1: Tingkat Resiko | H1: No | I1: Usia | J1: Lama Rawat Inap | K1: Jumlah Kasus Per Bulan | L1: Jenis Kelamin | M1: Tingkat Resiko | O1: Perhitungan root
A2: =RANDBETWEEN(2,164) -> 5 | B2: {=INDEX(Data_DBD!$B:$B,$A2)} -> 18 | C2: {=INDEX(Data_DBD!$C:$C,$A2)} -> 2 | D2: {=INDEX(Data_DBD!$D:$D,$A2)} -> 12 | E2: {=INDEX(Data_DBD!$E:$E,$A2)} -> 1 | F2: {=INDEX(Data_DBD!$F:$F,$A2)} -> 2 | H2: 58 | I2: 17 | J2: 3 | K2: 15 | L2: 0 | M2: 2 | O2: 1 | P2: =COUNTIF(M2:M164,"1") -> 15 | Q2: =P2/163 -> 0.09202454
A3: =RANDBETWEEN(2,164) -> 50 | B3: {=INDEX(Data_DBD!$B:$B,$A3)} -> 19 | C3: {=INDEX(Data_DBD!$C:$C,$A3)} -> 5 | D3: {=INDEX(Data_DBD!$D:$D,$A3)} -> 13 | E3: {=INDEX(Data_DBD!$E:$E,$A3)} -> 0 | F3: {=INDEX(Data_DBD!$F:$F,$A3)} -> 2 | H3: 52 | I3: 59 | J3: 4 | K3: 15 | L3: 1 | M3: 2 | O3: 2 | P3: =COUNTIF(M2:M164,"2") -> 87 | Q3: =P3/163 -> 0.53374233
A4: =RANDBETWEEN(2,164) -> 41 | B4: {=INDEX(Data_DBD!$B:$B,$A4)} -> 8 | C4: {=INDEX(Data_DBD!$C:$C,$A4)} -> 4 | D4: {=INDEX(Data_DBD!$D:$D,$A4)} -> 13 | E4: {=INDEX(Data_DBD!$E:$E,$A4)} -> 0 | F4: {=INDEX(Data_DBD!$F:$F,$A4)} -> 2 | H4: 120 | I4: 26 | J4: 4 | K4: 33 | L4: 1 | M4: 3 | O4: 3 | P4: =COUNTIF(M2:M164,"3") -> 61 | Q4: =P4/163 -> 0.37423313
A5: =RANDBETWEEN(2,164) -> 132 | B5: {=INDEX(Data_DBD!$B:$B,$A5)} -> 10 | C5: {=INDEX(Data_DBD!$C:$C,$A5)} -> 3 | D5: {=INDEX(Data_DBD!$D:$D,$A5)} -> 33 | E5: {=INDEX(Data_DBD!$E:$E,$A5)} -> 1 | F5: {=INDEX(Data_DBD!$F:$F,$A5)} -> 3 | H5: 144 | I5: 61 | J5: 4 | K5: 21 | L5: 1 | M5: 3 | O5: Entropy Root | P5: =-(IFERROR(Q2*LOG(Q2,2),0)+IFERROR(Q3*LOG(Q3,2),0)+IFERROR(Q4*LOG(Q4,2),0)) -> 1.3308483
A6: =RANDBETWEEN(2,164) -> 124 | B6: {=INDEX(Data_DBD!$B:$B,$A6)} -> 24 | C6: {=INDEX(Data_DBD!$C:$C,$A6)} -> 3 | D6: {=INDEX(Data_DBD!$D:$D,$A6)} -> 33 | E6: {=INDEX(Data_DBD!$E:$E,$A6)} -> 1 | F6: {=INDEX(Data_DBD!$F:$F,$A6)} -> 3 | H6: 110 | I6: 42 | J6: 2 | K6: 33 | L6: 1 | M6: 3
A7: =RANDBETWEEN(2,164) -> 31 | B7: {=INDEX(Data_DBD!$B:$B,$A7)} -> 64 | C7: {=INDEX(Data_DBD!$C:$C,$A7)} -> 4 | D7: {=INDEX(Data_DBD!$D:$D,$A7)} -> 14 | E7: {=INDEX(Data_DBD!$E:$E,$A7)} -> 1 | F7: {=INDEX(Data_DBD!$F:$F,$A7)} -> 2 | H7: 50 | I7: 19 | J7: 5 | K7: 13 | L7: 0 | M7: 2
A8: =RANDBETWEEN(2,164) -> 19 | B8: {=INDEX(Data_DBD!$B:$B,$A8)} -> 8 | C8: {=INDEX(Data_DBD!$C:$C,$A8)} -> 4 | D8: {=INDEX(Data_DBD!$D:$D,$A8)} -> 7 | E8: {=INDEX(Data_DBD!$E:$E,$A8)} -> 0 | F8: {=INDEX(Data_DBD!$F:$F,$A8)} -> 1 | H8: 131 | I8: 10 | J8: 2 | K8: 33 | L8: 0 | M8: 3
A9: =RANDBETWEEN(2,164) -> 109 | B9: {=INDEX(Data_DBD!$B:$B,$A9)} -> 40 | C9: {=INDEX(Data_DBD!$C:$C,$A9)} -> 3 | D9: {=INDEX(Data_DBD!$D:$D,$A9)} -> 33 | E9: {=INDEX(Data_DBD!$E:$E,$A9)} -> 1 | F9: {=INDEX(Data_DBD!$F:$F,$A9)} -> 3 | H9: 55 | I9: 7 | J9: 4 | K9: 15 | L9: 1 | M9: 2
A10: =RANDBETWEEN(2,164) -> 93 | B10: {=INDEX(Data_DBD!$B:$B,$A10)} -> 65 | C10: {=INDEX(Data_DBD!$C:$C,$A10)} -> 4 | D10: {=INDEX(Data_DBD!$D:$D,$A10)} -> 18 | E10: {=INDEX(Data_DBD!$E:$E,$A10)} -> 0 | F10: {=INDEX(Data_DBD!$F:$F,$A10)} -> 3 | H10: 23 | I10: 28 | J10: 4 | K10: 14 | L10: 1 | M10: 2
A11: =RANDBETWEEN(2,164) -> 42 | B11: {=INDEX(Data_DBD!$B:$B,$A11)} -> 21 | C11: {=INDEX(Data_DBD!$C:$C,$A11)} -> 5 | D11: {=INDEX(Data_DBD!$D:$D,$A11)} -> 13 | E11: {=INDEX(Data_DBD!$E:$E,$A11)} -> 1 | F11: {=INDEX(Data_DBD!$F:$F,$A11)} -> 2 | H11: 67 | I11: 21 | J11: 3 | K11: 10 | L11: 1 | M11: 2
A12: =RANDBETWEEN(2,164) -> 95 | B12: {=INDEX(Data_DBD!$B:$B,$A12)} -> 11 | C12: {=INDEX(Data_DBD!$C:$C,$A12)} -> 3 | D12: {=INDEX(Data_DBD!$D:$D,$A12)} -> 18 | E12: {=INDEX(Data_DBD!$E:$E,$A12)} -> 1 | F12: {=INDEX(Data_DBD!$F:$F,$A12)} -> 3 | H12: 123 | I12: 22 | J12: 4 | K12: 33 | L12: 0 | M12: 3
A13: =RANDBETWEEN(2,164) -> 160 | B13: {=INDEX(Data_DBD!$B:$B,$A13)} -> 16 | C13: {=INDEX(Data_DBD!$C:$C,$A13)} -> 3 | D13: {=INDEX(Data_DBD!$D:$D,$A13)} -> 21 | E13: {=INDEX(Data_DBD!$E:$E,$A13)} -> 0 | F13: {=INDEX(Data_DBD!$F:$F,$A13)} -> 3 | H13: 35 | I13: 40 | J13: 3 | K13: 4 | L13: 1 | M13: 1
A14: =RANDBETWEEN(2,164) -> 34 | B14: {=INDEX(Data_DBD!$B:$B,$A14)} -> 55 | C14: {=INDEX(Data_DBD!$C:$C,$A14)} -> 3 | D14: {=INDEX(Data_DBD!$D:$D,$A14)} -> 14 | E14: {=INDEX(Data_DBD!$E:$E,$A14)} -> 0 | F14: {=INDEX(Data_DBD!$F:$F,$A14)} -> 2 | H14: 147 | I14: 66 | J14: 10 | K14: 21 | L14: 1 | M14: 3
A15: =RANDBETWEEN(2,164) -> 143 | B15: {=INDEX(Data_DBD!$B:$B,$A15)} -> 20 | C15: {=INDEX(Data_DBD!$C:$C,$A15)} -> 4 | D15: {=INDEX(Data_DBD!$D:$D,$A15)} -> 21 | E15: {=INDEX(Data_DBD!$E:$E,$A15)} -> 1 | F15: {=INDEX(Data_DBD!$F:$F,$A15)} -> 3 | H15: 89 | I15: 32 | J15: 4 | K15: 13 | L15: 0 | M15: 2
A16: =RANDBETWEEN(2,164) -> 48 | B16: {=INDEX(Data_DBD!$B:$B,$A16)} -> 50 | C16: {=INDEX(Data_DBD!$C:$C,$A16)} -> 5 | D16: {=INDEX(Data_DBD!$D:$D,$A16)} -> 13 | E16: {=INDEX(Data_DBD!$E:$E,$A16)} -> 1 | F16: {=INDEX(Data_DBD!$F:$F,$A16)} -> 2 | H16: 41 | I16: 8 | J16: 4 | K16: 13 | L16: 0 | M16: 2
A17: =RANDBETWEEN(2,164) -> 141 | B17: {=INDEX(Data_DBD!$B:$B,$A17)} -> 36 | C17: {=INDEX(Data_DBD!$C:$C,$A17)} -> 2 | D17: {=INDEX(Data_DBD!$D:$D,$A17)} -> 21 | E17: {=INDEX(Data_DBD!$E:$E,$A17)} -> 0 | F17: {=INDEX(Data_DBD!$F:$F,$A17)} -> 3 | H17: 66 | I17: 21 | J17: 5 | K17: 15 | L17: 1 | M17: 2
... A164: =RANDBETWEEN(2,164) -> 18 | B164: {=INDEX(Data_DBD!$B:$B,$A164)} -> 49 | C164: {=INDEX(Data_DBD!$C:$C,$A164)} -> 4 | D164: {=INDEX(Data_DBD!$D:$D,$A164)} -> 7 | E164: {=INDEX(Data_DBD!$E:$E,$A164)} -> 1 | F164: {=INDEX(Data_DBD!$F:$F,$A164)} -> 1 | H164: 160 | I164: 16 | J164: 3 | K164: 21 | L164: 0 | M164: 3
I165: =AVERAGE(I2:I164) -> 32.616564 | J165: =AVERAGE(J2:J164) -> 3.5828221 | K165: =AVERAGE(K2:K164) -> 17.429448 | L165: =AVERAGE(L2:L164) -> 0.50306748
B166: 88
E168: USIA | J168: LAMA RAWAT INAP | O168: JUMLAH KASUS PER BULAN | T168: JENIS KELAMIN
E169: Usia | F169: =AVERAGEIF($I$2:$I$164,"<="&$I$165) -> 16.442708 | G169: =AVERAGEIF($I$2:$I$164,">"&$I$165) -> 55.791045 | J169: Lama rawat inap | K169: =AVERAGEIF($J$2:$J$164,"<="&$J$165) -> 2.3684211 | L169: =AVERAGEIF($J$2:$J$164,">"&$J$165) -> 4.6436782 | O169: Jumlah kasus perbulan | P169: =AVERAGEIF($K$2:$K$164,"<="&$K$165) -> 12.147059 | Q169: =AVERAGEIF($K$2:$K$164,">"&$K$165) -> 26.262295 | T169: Jenis kelamin | U169: =AVERAGEIF($L$2:$L$164,"<="&$L$165) -> 0 | V169: =AVERAGEIF($L$2:$L$164,">"&$L$165) -> 1
E170: {=IF($I$2:$I$164<$F$169,"kiri",IF($I$2:$I$164<$G$169,"tengah","kanan"))} -> tengah | F170: Kanan > 50 | J170: {=IF($J$2:$J$164<$K$169,"kiri",IF($J$2:$J$164<$L$169,"tengah","kanan"))} -> tengah | K170: Kanan > 4.52 | O170: {=IF($K$2:$K$164<$P$169,"kiri",IF($K$2:$K$164<$Q$169,"tengah","kanan"))} -> tengah | P170: Kanan > 26.2 | T170: {=IF($L$2:$L$164<$U$169,"kiri",IF($L$2:$L$164<$V$169,"tengah","kanan"))} -> tengah | U170: Kanan > 1
E171: kanan | F171: =COUNTIFS($E$170:$E$332,"Kanan",$M$2:$M$164,"1") -> 2 | G171: =F171/32 -> 0.0625 | J171: tengah | K171: {=SUMPRODUCT((J170:J332="Kanan")*(M2:M164=1))} -> 4 | L171: =K171/33 -> 0.12121212 | O171: tengah | P171: =COUNTIFS($O$170:$O$332,"Kanan",$M$2:$M$164,"1") -> 0 | Q171: =P171/30 -> 0 | T171: kanan | U171: =COUNTIFS($T$170:$T$332,"Kanan",$M$2:$M$164,"1") -> 6 | V171: =U171/83 -> 0.072289157
E172: tengah | F172: =COUNTIFS($E$170:$E$332,"Kanan",$M$2:$M$164,"2") -> 15 | G172: =F172/32 -> 0.46875 | J172: tengah | K172: =COUNTIFS($J$170:$J$332,"Kanan",$M$2:$M$164,"2") -> 17 | L172: =K172/33 -> 0.51515152 | O172: kanan | P172: =COUNTIFS($O$170:$O$332,"Kanan",$M$2:$M$164,"2") -> 0 | Q172: =P172/30 -> 0 | T172: kanan | U172: =COUNTIFS($T$170:$T$332,"Kanan",$M$2:$M$164,"2") -> 39 | V172: =U172/83 -> 0.46987952
E173: kanan | F173: {=SUMPRODUCT((E170:E332="KANAN")*(M2:M164=3))} -> 15 | G173: =F173/32 -> 0.46875 | J173: tengah | K173: =COUNTIFS($J$170:$J$332,"Kanan",$M$2:$M$164,"3") -> 12 | L173: =K173/33 -> 0.36363636 | O173: tengah | P173: =COUNTIFS($O$170:$O$332,"Kanan",$M$2:$M$164,"3") -> 30 | Q173: =P173/30 -> 1 | T173: kanan | U173: =COUNTIFS($T$170:$T$332,"Kanan",$M$2:$M$164,"3") -> 37 | V173: =U173/83 -> 0.44578313
E174: tengah | F174: Entropy | G174: =-(IFERROR(G171*LOG(G171,2),0)+IFERROR(G172*LOG(G172,2),0)+IFERROR(G173*LOG(G173,2),0)) -> 1.2747901 | J174: kiri | K174: Entropy | L174: =-(IFERROR(L171*LOG(L171,2),0)+IFERROR(L172*LOG(L172,2),0)+IFERROR(L173*LOG(L173,2),0)) -> 1.3926845 | O174: kanan | P174: Entropy | Q174: =-(IFERROR(Q171*LOG(Q171,2),0)+IFERROR(Q172*LOG(Q172,2),0)+IFERROR(Q173*LOG(Q173,2),0)) -> 0 | T174: kanan | U174: Entropy | V174: =-(IFERROR(V171*LOG(V171,2),0)+IFERROR(V172*LOG(V172,2),0)+IFERROR(V173*LOG(V173,2),0)) -> 1.3055783
E175: tengah | G175: =SUM(F171:F173)/163 -> 0.19631902 | J175: kanan | L175: =SUM(K171:K173)/163 -> 0.20245399 | O175: tengah | Q175: =SUM(P171:P173)/163 -> 0.18404908 | T175: tengah | V175: =SUM(U171:U173)/163 -> 0.50306748
E176: kiri | G176: =G174*G175 -> 0.25026553 | J176: kiri | L176: =L174*L175 -> 0.28195453 | O176: kanan | Q176: =Q174*Q175 -> 0 | T176: tengah | V176: =V174*V175 -> 0.65679398
E177: kiri | J177: tengah | O177: tengah | T177: kanan
E178: tengah | J178: tengah | O178: tengah | T178: kanan
E179: tengah | F179: Kiri<17.3 | J179: tengah | K179: Kiri<2.51 | O179: kiri | P179: Kiri<12 | T179: kanan | U179: Kiri<0
E180: tengah | F180: {=SUMPRODUCT((E170:E332="kiri")*(M2:M164=1))} -> 6 | G180: =F180/46 -> 0.13043478 | J180: tengah | K180: =COUNTIFS($J$170:$J$332,"Kiri",$M$2:$M$164,"1") -> 4 | L180: =K180/39 -> 0.1025641 | O180: kanan | P180: =COUNTIFS($O$170:$O$332,"Kiri",$M$2:$M$164,"1") -> 15 | Q180: =P180/35 -> 0.42857143 | T180: tengah | U180: =COUNTIFS($T$170:$T$332,"Kiri",$M$2:$M$164,"1") -> 0 | V180: =U180/57 -> 0
E181: tengah | F181: {=SUMPRODUCT((E170:E332="kiri")*(M2:M164=2))} -> 19 | G181: =F181/46 -> 0.41304348 | J181: tengah | K181: =COUNTIFS($J$170:$J$332,"Kiri",$M$2:$M$164,"2") -> 18 | L181: =K181/39 -> 0.46153846 | O181: kiri | P181: =COUNTIFS($O$170:$O$332,"Kiri",$M$2:$M$164,"2") -> 20 | Q181: =P181/35 -> 0.57142857 | T181: kanan | U181: =COUNTIFS($T$170:$T$332,"Kiri",$M$2:$M$164,"2") -> 0 | V181: =U181/57 -> 0
E182: kanan | F182: {=SUMPRODUCT((E170:E332="kiri")*(M2:M164=3))} -> 21 | G182: =F182/46 -> 0.45652174 | J182: kanan | K182: =COUNTIFS($J$170:$J$332,"Kiri",$M$2:$M$164,"3") -> 17 | L182: =K182/39 -> 0.43589744 | O182: tengah | P182: =COUNTIFS($O$170:$O$332,"Kiri",$M$2:$M$164,"3") -> 0 | Q182: =P182/35 -> 0 | T182: kanan | U182: =COUNTIFS($T$170:$T$332,"Kiri",$M$2:$M$164,"3") -> 0 | V182: =U182/57 -> 0
E183: tengah | F183: Entropy | G183: =-(IFERROR(G180*LOG(G180,2),0)+IFERROR(G181*LOG(G181,2),0)+IFERROR(G182*LOG(G182,2),0)) -> 1.4266258 | J183: tengah | K183: Entropy | L183: =-(IFERROR(L180*LOG(L180,2),0)+IFERROR(L181*LOG(L181,2),0)+IFERROR(L182*LOG(L182,2),0)) -> 1.3739787 | O183: tengah | P183: Entropy | Q183: =-(IFERROR(Q180*LOG(Q180,2),0)+IFERROR(Q181*LOG(Q181,2),0)+IFERROR(Q182*LOG(Q182,2),0)) -> 0.98522814 | T183: tengah | U183: Entropy | V183: =-(IFERROR(V180*LOG(V180,2),0)+IFERROR(V181*LOG(V181,2),0)+IFERROR(V182*LOG(V182,2),0)) -> 0
E184: kiri | G184: =SUM(F180:F182)/163 -> 0.28220859 | J184: tengah | L184: =SUM(K180:K182)/163 -> 0.2392638 | O184: tengah | Q184: =SUM(P180:P182)/163 -> 0.21472393 | T184: tengah | V184: =SUM(U180:U182)/163 -> 0
E185: tengah | G185: =G183*G184 -> 0.40260605 | J185: kanan | L185: =L183*L184 -> 0.32874336 | O185: tengah | Q185: =Q183*Q184 -> 0.21155205 | T185: kanan | V185: =V183*V184 -> 0
E186: kiri | J186: tengah | O186: kiri | T186: tengah
E187: kiri | J187: tengah | O187: tengah | T187: tengah
E188: tengah | F188: Tengah | J188: tengah | K188: Tengah | O188: tengah | P188: Tengah | T188: kanan | U188: Tengah
E189: tengah | F189: {=SUMPRODUCT((E170:E332="tengah")*(M2:M164=1))} -> 7 | G189: =F189/85 -> 0.082352941 | J189: kiri | K189: =COUNTIFS($J$170:$J$332,"Tengah",$M$2:$M$164,"1") -> 7 | L189: =K189/91 -> 0.076923077 | O189: kiri | P189: =COUNTIFS($O$170:$O$332,"Tengah",$M$2:$M$164,"1") -> 0 | Q189: =P189/98 -> 0 | T189: tengah | U189: =COUNTIFS($T$170:$T$332,"Tengah",$M$2:$M$164,"1") -> 9 | V189: =U189/82 -> 0.1097561
E190: tengah | F190: {=SUMPRODUCT((E170:E332="tengah")*(M2:M164=2))} -> 53 | G190: =F190/85 -> 0.62352941 | J190: tengah | K190: =COUNTIFS($J$170:$J$332,"Tengah",$M$2:$M$164,"2") -> 52 | L190: =K190/91 -> 0.57142857 | O190: tengah | P190: =COUNTIFS($O$170:$O$332,"Tengah",$M$2:$M$164,"2") -> 67 | Q190: =P190/98 -> 0.68367347 | T190: kanan | U190: =COUNTIFS($T$170:$T$332,"Tengah",$M$2:$M$164,"2") -> 48 | V190: =U190/82 -> 0.58536585
E191: tengah | F191: {=SUMPRODUCT((E170:E332="tengah")*(M2:M164=3))} -> 25 | G191: =F191/85 -> 0.29411765 | J191: kiri | K191: =COUNTIFS($J$170:$J$332,"Tengah",$M$2:$M$164,"3") -> 32 | L191: =K191/91 -> 0.35164835 | O191: tengah | P191: =COUNTIFS($O$170:$O$332,"Tengah",$M$2:$M$164,"3") -> 31 | Q191: =P191/98 -> 0.31632653 | T191: kanan | U191: =COUNTIFS($T$170:$T$332,"Tengah",$M$2:$M$164,"3") -> 24 | V191: =U191/82 -> 0.29268293
E192: tengah | F192: Entropy | G192: =-(IFERROR(G189*LOG(G189,2),0)+IFERROR(G190*LOG(G190,2),0)+IFERROR(G191*LOG(G191,2),0)) -> 1.2408301 | J192: tengah | K192: Entropy | L192: =-(IFERROR(L189*LOG(L189,2),0)+IFERROR(L190*LOG(L190,2),0)+IFERROR(L191*LOG(L191,2),0)) -> 1.2762084 | O192: tengah | P192: Entropy | Q192: =-(IFERROR(Q189*LOG(Q189,2),0)+IFERROR(Q190*LOG(Q190,2),0)+IFERROR(Q191*LOG(Q191,2),0)) -> 0.90034187 | T192: tengah | U192: Entropy | V192: =-(IFERROR(V189*LOG(V189,2),0)+IFERROR(V190*LOG(V190,2),0)+IFERROR(V191*LOG(V191,2),0)) -> 1.3209157
E193: kiri | G193: =SUM(F189:F191)/163 -> 0.52147239 | J193: tengah | L193: =SUM(K189:K191)/163 -> 0.55828221 | O193: tengah | Q193: =SUM(P189:P191)/163 -> 0.60122699 | T193: kanan | V193: =SUM(U189:U191)/163 -> 0.49693252
E194: kiri | G194: =G192*G193 -> 0.64705863 | J194: tengah | L194: =L192*L193 -> 0.71248443 | O194: tengah | Q194: =Q192*Q193 -> 0.54130984 | T194: kanan | V194: =V192*V193 -> 0.65640596
E195: tengah | J195: tengah | O195: tengah | T195: kanan
E196: kiri | F196: IG | G196: Entropy | J196: tengah | K196: IG | L196: Entropy | O196: tengah | P196: IG | Q196: Entropy | T196: tengah | U196: IG | V196: Entropy
E197: kiri | F197: =P5-(G176+G185+G194) -> 0.03091806 | G197: =(G176+G185+G194) -> 1.2999302 | J197: tengah | K197: =P5-(L176+L185+L194) -> 0.007665952 | L197: =(L176+L185+L194) -> 1.3231823 | O197: kanan | P197: =P5-(Q176+Q185+Q194) -> 0.57798638 | Q197: =(Q176+Q185+Q194) -> 0.75286189 | T197: kanan | U197: =P5-(V176+V185+V194) -> 0.01764833 | V197: =(V176+V185+V194) -> 1.3131999
E198: tengah | J198: kiri | O198: tengah | T198: kanan
E199: tengah | J199: tengah | O199: tengah | T199: kanan
E200: tengah | J200: tengah | O200: tengah | T200: tengah
E201: tengah | J201: kiri | O201: tengah | T201: tengah
E202: tengah | J202: tengah | O202: tengah | T202: kanan
E203: kiri | J203: tengah | O203: tengah | T203: tengah
E204: kanan | J204: kanan | O204: kanan | T204: kanan
E205: kanan | J205: tengah | O205: tengah | T205: tengah
E206: tengah | J206: kiri | O206: kiri | T206: kanan
E207: kanan | J207: kiri | O207: kiri | T207: tengah
E208: tengah | J208: tengah | O208: tengah | T208: kanan
E209: kiri | J209: tengah | O209: kiri | T209: tengah
... E332: kiri | J332: tengah | O332: tengah | T332: tengah

Sheet Pohon 10
A1: No | B1: Usia | C1: Lama Rawat Inap | D1: Jumlah Kasus Per Bulan | E1: Jenis Kelamin | F1: Tingkat Resiko | H1: No | I1: Usia | J1: Lama Rawat Inap | K1: Jumlah Kasus Per Bulan | L1: Jenis Kelamin | M1: Tingkat Resiko | O1: Perhitungan root
A2: =RANDBETWEEN(2,164) -> 35 | B2: {=INDEX(Data_DBD!$B:$B,$A2)} -> 40 | C2: {=INDEX(Data_DBD!$C:$C,$A2)} -> 3 | D2: {=INDEX(Data_DBD!$D:$D,$A2)} -> 4 | E2: {=INDEX(Data_DBD!$E:$E,$A2)} -> 1 | F2: {=INDEX(Data_DBD!$F:$F,$A2)} -> 1 | H2: 38 | I2: 52 | J2: 3 | K2: 4 | L2: 1 | M2: 1 | O2: 1 | P2: =COUNTIF(M2:M164,"1") -> 12 | Q2: =P2/163 -> 0.073619632
A3: =RANDBETWEEN(2,164) -> 39 | B3: {=INDEX(Data_DBD!$B:$B,$A3)} -> 12 | C3: {=INDEX(Data_DBD!$C:$C,$A3)} -> 5 | D3: {=INDEX(Data_DBD!$D:$D,$A3)} -> 13 | E3: {=INDEX(Data_DBD!$E:$E,$A3)} -> 1 | F3: {=INDEX(Data_DBD!$F:$F,$A3)} -> 2 | H3: 8 | I3: 4 | J3: 2 | K3: 12 | L3: 0 | M3: 2 | O3: 2 | P3: =COUNTIF(M2:M164,"2") -> 73 | Q3: =P3/163 -> 0.44785276
A4: =RANDBETWEEN(2,164) -> 60 | B4: {=INDEX(Data_DBD!$B:$B,$A4)} -> 68 | C4: {=INDEX(Data_DBD!$C:$C,$A4)} -> 4 | D4: {=INDEX(Data_DBD!$D:$D,$A4)} -> 15 | E4: {=INDEX(Data_DBD!$E:$E,$A4)} -> 0 | F4: {=INDEX(Data_DBD!$F:$F,$A4)} -> 2 | H4: 66 | I4: 21 | J4: 5 | K4: 15 | L4: 1 | M4: 2 | O4: 3 | P4: =COUNTIF(M2:M164,"3") -> 78 | Q4: =P4/163 -> 0.47852761
A5: =RANDBETWEEN(2,164) -> 28 | B5: {=INDEX(Data_DBD!$B:$B,$A5)} -> 22 | C5: {=INDEX(Data_DBD!$C:$C,$A5)} -> 2 | D5: {=INDEX(Data_DBD!$D:$D,$A5)} -> 14 | E5: {=INDEX(Data_DBD!$E:$E,$A5)} -> 1 | F5: {=INDEX(Data_DBD!$F:$F,$A5)} -> 2 | H5: 28 | I5: 22 | J5: 2 | K5: 14 | L5: 1 | M5: 2 | O5: Entropy Root | P5: =-(IFERROR(Q2*LOG(Q2,2),0)+IFERROR(Q3*LOG(Q3,2),0)+IFERROR(Q4*LOG(Q4,2),0)) -> 1.304936
A6: =RANDBETWEEN(2,164) -> 19 | B6: {=INDEX(Data_DBD!$B:$B,$A6)} -> 8 | C6: {=INDEX(Data_DBD!$C:$C,$A6)} -> 4 | D6: {=INDEX(Data_DBD!$D:$D,$A6)} -> 7 | E6: {=INDEX(Data_DBD!$E:$E,$A6)} -> 0 | F6: {=INDEX(Data_DBD!$F:$F,$A6)} -> 1 | H6: 26 | I6: 75 | J6: 4 | K6: 14 | L6: 1 | M6: 2
A7: =RANDBETWEEN(2,164) -> 16 | B7: {=INDEX(Data_DBD!$B:$B,$A7)} -> 66 | C7: {=INDEX(Data_DBD!$C:$C,$A7)} -> 5 | D7: {=INDEX(Data_DBD!$D:$D,$A7)} -> 7 | E7: {=INDEX(Data_DBD!$E:$E,$A7)} -> 1 | F7: {=INDEX(Data_DBD!$F:$F,$A7)} -> 1 | H7: 21 | I7: 10 | J7: 5 | K7: 14 | L7: 1 | M7: 2
A8: =RANDBETWEEN(2,164) -> 64 | B8: {=INDEX(Data_DBD!$B:$B,$A8)} -> 35 | C8: {=INDEX(Data_DBD!$C:$C,$A8)} -> 1 | D8: {=INDEX(Data_DBD!$D:$D,$A8)} -> 15 | E8: {=INDEX(Data_DBD!$E:$E,$A8)} -> 0 | F8: {=INDEX(Data_DBD!$F:$F,$A8)} -> 2 | H8: 47 | I8: 19 | J8: 2 | K8: 13 | L8: 0 | M8: 2
A9: =RANDBETWEEN(2,164) -> 4 | B9: {=INDEX(Data_DBD!$B:$B,$A9)} -> 23 | C9: {=INDEX(Data_DBD!$C:$C,$A9)} -> 5 | D9: {=INDEX(Data_DBD!$D:$D,$A9)} -> 12 | E9: {=INDEX(Data_DBD!$E:$E,$A9)} -> 0 | F9: {=INDEX(Data_DBD!$F:$F,$A9)} -> 2 | H9: 115 | I9: 52 | J9: 3 | K9: 33 | L9: 1 | M9: 3
A10: =RANDBETWEEN(2,164) -> 20 | B10: {=INDEX(Data_DBD!$B:$B,$A10)} -> 15 | C10: {=INDEX(Data_DBD!$C:$C,$A10)} -> 5 | D10: {=INDEX(Data_DBD!$D:$D,$A10)} -> 7 | E10: {=INDEX(Data_DBD!$E:$E,$A10)} -> 0 | F10: {=INDEX(Data_DBD!$F:$F,$A10)} -> 1 | H10: 29 | I10: 19 | J10: 2 | K10: 14 | L10: 1 | M10: 2
A11: =RANDBETWEEN(2,164) -> 33 | B11: {=INDEX(Data_DBD!$B:$B,$A11)} -> 19 | C11: {=INDEX(Data_DBD!$C:$C,$A11)} -> 4 | D11: {=INDEX(Data_DBD!$D:$D,$A11)} -> 14 | E11: {=INDEX(Data_DBD!$E:$E,$A11)} -> 1 | F11: {=INDEX(Data_DBD!$F:$F,$A11)} -> 2 | H11: 61 | I11: 29 | J11: 3 | K11: 15 | L11: 1 | M11: 2
A12: =RANDBETWEEN(2,164) -> 88 | B12: {=INDEX(Data_DBD!$B:$B,$A12)} -> 20 | C12: {=INDEX(Data_DBD!$C:$C,$A12)} -> 4 | D12: {=INDEX(Data_DBD!$D:$D,$A12)} -> 13 | E12: {=INDEX(Data_DBD!$E:$E,$A12)} -> 1 | F12: {=INDEX(Data_DBD!$F:$F,$A12)} -> 2 | H12: 35 | I12: 40 | J12: 3 | K12: 4 | L12: 1 | M12: 1
A13: =RANDBETWEEN(2,164) -> 34 | B13: {=INDEX(Data_DBD!$B:$B,$A13)} -> 55 | C13: {=INDEX(Data_DBD!$C:$C,$A13)} -> 3 | D13: {=INDEX(Data_DBD!$D:$D,$A13)} -> 14 | E13: {=INDEX(Data_DBD!$E:$E,$A13)} -> 0 | F13: {=INDEX(Data_DBD!$F:$F,$A13)} -> 2 | H13: 52 | I13: 59 | J13: 4 | K13: 15 | L13: 1 | M13: 2
A14: =RANDBETWEEN(2,164) -> 100 | B14: {=INDEX(Data_DBD!$B:$B,$A14)} -> 19 | C14: {=INDEX(Data_DBD!$C:$C,$A14)} -> 6 | D14: {=INDEX(Data_DBD!$D:$D,$A14)} -> 18 | E14: {=INDEX(Data_DBD!$E:$E,$A14)} -> 0 | F14: {=INDEX(Data_DBD!$F:$F,$A14)} -> 3 | H14: 94 | I14: 12 | J14: 4 | K14: 18 | L14: 0 | M14: 3
A15: =RANDBETWEEN(2,164) -> 164 | B15: {=INDEX(Data_DBD!$B:$B,$A15)} -> 10 | C15: {=INDEX(Data_DBD!$C:$C,$A15)} -> 6 | D15: {=INDEX(Data_DBD!$D:$D,$A15)} -> 3 | E15: {=INDEX(Data_DBD!$E:$E,$A15)} -> 0 | F15: {=INDEX(Data_DBD!$F:$F,$A15)} -> 1 | H15: 73 | I15: 15 | J15: 3 | K15: 10 | L15: 1 | M15: 2
A16: =RANDBETWEEN(2,164) -> 157 | B16: {=INDEX(Data_DBD!$B:$B,$A16)} -> 15 | C16: {=INDEX(Data_DBD!$C:$C,$A16)} -> 4 | D16: {=INDEX(Data_DBD!$D:$D,$A16)} -> 21 | E16: {=INDEX(Data_DBD!$E:$E,$A16)} -> 1 | F16: {=INDEX(Data_DBD!$F:$F,$A16)} -> 3 | H16: 143 | I16: 20 | J16: 4 | K16: 21 | L16: 1 | M16: 3
A17: =RANDBETWEEN(2,164) -> 11 | B17: {=INDEX(Data_DBD!$B:$B,$A17)} -> 24 | C17: {=INDEX(Data_DBD!$C:$C,$A17)} -> 5 | D17: {=INDEX(Data_DBD!$D:$D,$A17)} -> 12 | E17: {=INDEX(Data_DBD!$E:$E,$A17)} -> 1 | F17: {=INDEX(Data_DBD!$F:$F,$A17)} -> 2 | H17: 100 | I17: 19 | J17: 6 | K17: 18 | L17: 0 | M17: 3
... A73: =RANDBETWEEN(2,164) -> 40 | B73: {=INDEX(Data_DBD!$B:$B,$A73)} -> 65 | C73: {=INDEX(Data_DBD!$C:$C,$A73)} -> 3 | D73: {=INDEX(Data_DBD!$D:$D,$A73)} -> 13 | E73: {=INDEX(Data_DBD!$E:$E,$A73)} -> 1 | F73: {=INDEX(Data_DBD!$F:$F,$A73)} -> 2 | H73: 31 | I73: 64 | J73: 4 | K73: 14 | L73: 1 | M73: 2
A74: =RANDBETWEEN(2,164) -> 8 | B74: {=INDEX(Data_DBD!$B:$B,$A74)} -> 4 | C74: {=INDEX(Data_DBD!$C:$C,$A74)} -> 2 | D74: {=INDEX(Data_DBD!$D:$D,$A74)} -> 12 | E74: {=INDEX(Data_DBD!$E:$E,$A74)} -> 0 | F74: {=INDEX(Data_DBD!$F:$F,$A74)} -> 2 | H74: 30 | I74: 2,8 | J74: 2 | K74: 14 | L74: 1 | M74: 2
A75: =RANDBETWEEN(2,164) -> 31 | B75: {=INDEX(Data_DBD!$B:$B,$A75)} -> 64 | C75: {=INDEX(Data_DBD!$C:$C,$A75)} -> 4 | D75: {=INDEX(Data_DBD!$D:$D,$A75)} -> 14 | E75: {=INDEX(Data_DBD!$E:$E,$A75)} -> 1 | F75: {=INDEX(Data_DBD!$F:$F,$A75)} -> 2 | H75: 78 | I75: 6 | J75: 3 | K75: 13 | L75: 0 | M75: 2
A76: =RANDBETWEEN(2,164) -> 110 | B76: {=INDEX(Data_DBD!$B:$B,$A76)} -> 42 | C76: {=INDEX(Data_DBD!$C:$C,$A76)} -> 2 | D76: {=INDEX(Data_DBD!$D:$D,$A76)} -> 33 | E76: {=INDEX(Data_DBD!$E:$E,$A76)} -> 1 | F76: {=INDEX(Data_DBD!$F:$F,$A76)} -> 3 | H76: 61 | I76: 29 | J76: 3 | K76: 15 | L76: 1 | M76: 2
A77: =RANDBETWEEN(2,164) -> 68 | B77: {=INDEX(Data_DBD!$B:$B,$A77)} -> 44 | C77: {=INDEX(Data_DBD!$C:$C,$A77)} -> 5 | D77: {=INDEX(Data_DBD!$D:$D,$A77)} -> 10 | E77: {=INDEX(Data_DBD!$E:$E,$A77)} -> 0 | F77: {=INDEX(Data_DBD!$F:$F,$A77)} -> 2 | H77: 20 | I77: 15 | J77: 5 | K77: 7 | L77: 0 | M77: 1
A78: =RANDBETWEEN(2,164) -> 161 | B78: {=INDEX(Data_DBD!$B:$B,$A78)} -> 12 | C78: {=INDEX(Data_DBD!$C:$C,$A78)} -> 3 | D78: {=INDEX(Data_DBD!$D:$D,$A78)} -> 21 | E78: {=INDEX(Data_DBD!$E:$E,$A78)} -> 1 | F78: {=INDEX(Data_DBD!$F:$F,$A78)} -> 3 | H78: 57 | I78: 2 | J78: 2 | K78: 15 | L78: 1 | M78: 2
A79: =RANDBETWEEN(2,164) -> 27 | B79: {=INDEX(Data_DBD!$B:$B,$A79)} -> 37 | C79: {=INDEX(Data_DBD!$C:$C,$A79)} -> 4 | D79: {=INDEX(Data_DBD!$D:$D,$A79)} -> 14 | E79: {=INDEX(Data_DBD!$E:$E,$A79)} -> 1 | F79: {=INDEX(Data_DBD!$F:$F,$A79)} -> 2 | H79: 70 | I79: 26 | J79: 3 | K79: 10 | L79: 1 | M79: 2
A80: =RANDBETWEEN(2,164) -> 131 | B80: {=INDEX(Data_DBD!$B:$B,$A80)} -> 10 | C80: {=INDEX(Data_DBD!$C:$C,$A80)} -> 2 | D80: {=INDEX(Data_DBD!$D:$D,$A80)} -> 33 | E80: {=INDEX(Data_DBD!$E:$E,$A80)} -> 0 | F80: {=INDEX(Data_DBD!$F:$F,$A80)} -> 3 | H80: 107 | I80: 48 | J80: 5 | K80: 18 | L80: 0 | M80: 3
A81: =RANDBETWEEN(2,164) -> 104 | B81: {=INDEX(Data_DBD!$B:$B,$A81)} -> 37 | C81: {=INDEX(Data_DBD!$C:$C,$A81)} -> 4 | D81: {=INDEX(Data_DBD!$D:$D,$A81)} -> 18 | E81: {=INDEX(Data_DBD!$E:$E,$A81)} -> 1 | F81: {=INDEX(Data_DBD!$F:$F,$A81)} -> 3 | H81: 54 | I81: 7 | J81: 3 | K81: 15 | L81: 0 | M81: 2
A82: =RANDBETWEEN(2,164) -> 136 | B82: {=INDEX(Data_DBD!$B:$B,$A82)} -> 6 | C82: {=INDEX(Data_DBD!$C:$C,$A82)} -> 2 | D82: {=INDEX(Data_DBD!$D:$D,$A82)} -> 33 | E82: {=INDEX(Data_DBD!$E:$E,$A82)} -> 0 | F82: {=INDEX(Data_DBD!$F:$F,$A82)} -> 3 | H82: 51 | I82: 48 | J82: 4 | K82: 13 | L82: 0 | M82: 2
A83: =RANDBETWEEN(2,164) -> 68 | B83: {=INDEX(Data_DBD!$B:$B,$A83)} -> 44 | C83: {=INDEX(Data_DBD!$C:$C,$A83)} -> 5 | D83: {=INDEX(Data_DBD!$D:$D,$A83)} -> 10 | E83: {=INDEX(Data_DBD!$E:$E,$A83)} -> 0 | F83: {=INDEX(Data_DBD!$F:$F,$A83)} -> 2 | H83: 159 | I83: 17 | J83: 2 | K83: 21 | L83: 0 | M83: 3
A84: =RANDBETWEEN(2,164) -> 49 | B84: {=INDEX(Data_DBD!$B:$B,$A84)} -> 64 | C84: {=INDEX(Data_DBD!$C:$C,$A84)} -> 5 | D84: {=INDEX(Data_DBD!$D:$D,$A84)} -> 13 | E84: {=INDEX(Data_DBD!$E:$E,$A84)} -> 0 | F84: {=INDEX(Data_DBD!$F:$F,$A84)} -> 2 | H84: 43 | I84: 15 | J84: 4 | K84: 13 | L84: 0 | M84: 2
A85: =RANDBETWEEN(2,164) -> 81 | B85: {=INDEX(Data_DBD!$B:$B,$A85)} -> 23 | C85: {=INDEX(Data_DBD!$C:$C,$A85)} -> 5 | D85: {=INDEX(Data_DBD!$D:$D,$A85)} -> 13 | E85: {=INDEX(Data_DBD!$E:$E,$A85)} -> 1 | F85: {=INDEX(Data_DBD!$F:$F,$A85)} -> 2 | H85: 155 | I85: 19 | J85: 5 | K85: 21 | L85: 1 | M85: 3
A86: =RANDBETWEEN(2,164) -> 6 | B86: {=INDEX(Data_DBD!$B:$B,$A86)} -> 14 | C86: {=INDEX(Data_DBD!$C:$C,$A86)} -> 4 | D86: {=INDEX(Data_DBD!$D:$D,$A86)} -> 12 | E86: {=INDEX(Data_DBD!$E:$E,$A86)} -> 0 | F86: {=INDEX(Data_DBD!$F:$F,$A86)} -> 2 | H86: 60 | I86: 68 | J86: 4 | K86: 15 | L86: 0 | M86: 2
... A164: =RANDBETWEEN(2,164) -> 85 | B164: {=INDEX(Data_DBD!$B:$B,$A164)} -> 27 | C164: {=INDEX(Data_DBD!$C:$C,$A164)} -> 9 | D164: {=INDEX(Data_DBD!$D:$D,$A164)} -> 13 | E164: {=INDEX(Data_DBD!$E:$E,$A164)} -> 0 | F164: {=INDEX(Data_DBD!$F:$F,$A164)} -> 2 | H164: 158 | I164: 5 | J164: 2 | K164: 21 | L164: 0 | M164: 3
I165: =AVERAGE(I2:I164) -> 29.947531 | J165: =AVERAGE(J2:J164) -> 3.595092 | K165: =AVERAGE(K2:K164) -> 18.625767 | L165: =AVERAGE(L2:L164) -> 0.50306748
B166: 55
E168: USIA | J168: LAMA RAWAT INAP | O168: JUMLAH KASUS PER BULAN | T168: JENIS KELAMIN
E169: Usia | F169: =AVERAGEIF($I$2:$I$164,"<="&$I$165) -> 15.427835 | G169: =AVERAGEIF($I$2:$I$164,">"&$I$165) -> 51.615385 | J169: Lama rawat inap | K169: =AVERAGEIF($J$2:$J$164,"<="&$J$165) -> 2.5172414 | L169: =AVERAGEIF($J$2:$J$164,">"&$J$165) -> 4.8289474 | O169: Jumlah kasus perbulan | P169: =AVERAGEIF($K$2:$K$164,"<="&$K$165) -> 13.05 | Q169: =AVERAGEIF($K$2:$K$164,">"&$K$165) -> 27.47619 | T169: Jenis kelamin | U169: =AVERAGEIF($L$2:$L$164,"<="&$L$165) -> 0 | V169: =AVERAGEIF($L$2:$L$164,">"&$L$165) -> 1
E170: {=IF($I$2:$I$164<$F$169,"kiri",IF($I$2:$I$164<$G$169,"tengah","kanan"))} -> kanan | F170: Kanan > 50 | J170: {=IF($J$2:$J$164<$K$169,"kiri",IF($J$2:$J$164<$L$169,"tengah","kanan"))} -> tengah | K170: Kanan > 4.52 | O170: {=IF($K$2:$K$164<$P$169,"kiri",IF($K$2:$K$164<$Q$169,"tengah","kanan"))} -> kiri | P170: Kanan > 27.4 | T170: {=IF($L$2:$L$164<$U$169,"kiri",IF($L$2:$L$164<$V$169,"tengah","kanan"))} -> kanan | U170: Kanan > 1
E171: kiri | F171: =COUNTIFS($E$170:$E$332,"Kanan",$M$2:$M$164,"1") -> 2 | G171: =F171/30 -> 0.066666667 | J171: kiri | K171: {=SUMPRODUCT((J170:J332="Kanan")*(M2:M164=1))} -> 3 | L171: =K171/35 -> 0.085714286 | O171: kiri | P171: =COUNTIFS($O$170:$O$332,"Kanan",$M$2:$M$164,"1") -> 0 | Q171: =P171/34 -> 0 | T171: tengah | U171: =COUNTIFS($T$170:$T$332,"Kanan",$M$2:$M$164,"1") -> 6 | V171: =U171/83 -> 0.072289157
E172: tengah | F172: =COUNTIFS($E$170:$E$332,"Kanan",$M$2:$M$164,"2") -> 14 | G172: =F172/30 -> 0.46666667 | J172: kanan | K172: =COUNTIFS($J$170:$J$332,"Kanan",$M$2:$M$164,"2") -> 11 | L172: =K172/35 -> 0.31428571 | O172: tengah | P172: =COUNTIFS($O$170:$O$332,"Kanan",$M$2:$M$164,"2") -> 0 | Q172: =P172/34 -> 0 | T172: kanan | U172: =COUNTIFS($T$170:$T$332,"Kanan",$M$2:$M$164,"2") -> 38 | V172: =U172/83 -> 0.45783133
E173: tengah | F173: {=SUMPRODUCT((E170:E332="KANAN")*(M2:M164=3))} -> 14 | G173: =F173/30 -> 0.46666667 | J173: kiri | K173: =COUNTIFS($J$170:$J$332,"Kanan",$M$2:$M$164,"3") -> 21 | L173: =K173/35 -> 0.6 | O173: tengah | P173: =COUNTIFS($O$170:$O$332,"Kanan",$M$2:$M$164,"3") -> 34 | Q173: =P173/34 -> 1 | T173: kanan | U173: =COUNTIFS($T$170:$T$332,"Kanan",$M$2:$M$164,"3") -> 38 | V173: =U173/83 -> 0.45783133
E174: kanan | F174: Entropy | G174: =-(IFERROR(G171*LOG(G171,2),0)+IFERROR(G172*LOG(G172,2),0)+IFERROR(G173*LOG(G173,2),0)) -> 1.2866927 | J174: tengah | K174: Entropy | L174: =-(IFERROR(L171*LOG(L171,2),0)+IFERROR(L172*LOG(L172,2),0)+IFERROR(L173*LOG(L173,2),0)) -> 1.2707887 | O174: tengah | P174: Entropy | Q174: =-(IFERROR(Q171*LOG(Q171,2),0)+IFERROR(Q172*LOG(Q172,2),0)+IFERROR(Q173*LOG(Q173,2),0)) -> 0 | T174: kanan | U174: Entropy | V174: =-(IFERROR(V171*LOG(V171,2),0)+IFERROR(V172*LOG(V172,2),0)+IFERROR(V173*LOG(V173,2),0)) -> 1.3060358
E175: kiri | G175: =SUM(F171:F173)/163 -> 0.18404908 | J175: kanan | L175: =SUM(K171:K173)/163 -> 0.21472393 | O175: tengah | Q175: =SUM(P171:P173)/163 -> 0.20858896 | T175: kanan | V175: =SUM(U171:U173)/163 -> 0.50306748
E176: tengah | G176: =G174*G175 -> 0.2368146 | J176: kiri | L176: =L174*L175 -> 0.27286874 | O176: kiri | Q176: =Q174*Q175 -> 0 | T176: tengah | V176: =V174*V175 -> 0.65702412
E177: kanan | J177: tengah | O177: kanan | T177: kanan
E178: tengah | J178: kiri | O178: tengah | T178: kanan
E179: tengah | F179: Kiri<17.3 | J179: tengah | K179: Kiri<2.51 | O179: tengah | P179: Kiri<13 | T179: kanan | U179: Kiri<0
E180: tengah | F180: {=SUMPRODUCT((E170:E332="kiri")*(M2:M164=1))} -> 5 | G180: =F180/45 -> 0.11111111 | J180: tengah | K180: =COUNTIFS($J$170:$J$332,"Kiri",$M$2:$M$164,"1") -> 1 | L180: =K180/39 -> 0.025641026 | O180: kiri | P180: =COUNTIFS($O$170:$O$332,"Kiri",$M$2:$M$164,"1") -> 12 | Q180: =P180/51 -> 0.23529412 | T180: kanan | U180: =COUNTIFS($T$170:$T$332,"Kiri",$M$2:$M$164,"1") -> 0 | V180: =U180/57 -> 0
E181: kanan | F181: {=SUMPRODUCT((E170:E332="kiri")*(M2:M164=2))} -> 21 | G181: =F181/45 -> 0.46666667 | J181: tengah | K181: =COUNTIFS($J$170:$J$332,"Kiri",$M$2:$M$164,"2") -> 16 | L181: =K181/39 -> 0.41025641 | O181: tengah | P181: =COUNTIFS($O$170:$O$332,"Kiri",$M$2:$M$164,"2") -> 39 | Q181: =P181/51 -> 0.76470588 | T181: kanan | U181: =COUNTIFS($T$170:$T$332,"Kiri",$M$2:$M$164,"2") -> 0 | V181: =U181/57 -> 0
E182: kiri | F182: {=SUMPRODUCT((E170:E332="kiri")*(M2:M164=3))} -> 19 | G182: =F182/45 -> 0.42222222 | J182: tengah | K182: =COUNTIFS($J$170:$J$332,"Kiri",$M$2:$M$164,"3") -> 22 | L182: =K182/39 -> 0.56410256 | O182: tengah | P182: =COUNTIFS($O$170:$O$332,"Kiri",$M$2:$M$164,"3") -> 0 | Q182: =P182/51 -> 0 | T182: tengah | U182: =COUNTIFS($T$170:$T$332,"Kiri",$M$2:$M$164,"3") -> 0 | V182: =U182/57 -> 0
E183: kiri | F183: Entropy | G183: =-(IFERROR(G180*LOG(G180,2),0)+IFERROR(G181*LOG(G181,2),0)+IFERROR(G182*LOG(G182,2),0)) -> 1.3905436 | J183: tengah | K183: Entropy | L183: =-(IFERROR(L180*LOG(L180,2),0)+IFERROR(L181*LOG(L181,2),0)+IFERROR(L182*LOG(L182,2),0)) -> 1.1287998 | O183: kiri | P183: Entropy | Q183: =-(IFERROR(Q180*LOG(Q180,2),0)+IFERROR(Q181*LOG(Q181,2),0)+IFERROR(Q182*LOG(Q182,2),0)) -> 0.78712659 | T183: kanan | U183: Entropy | V183: =-(IFERROR(V180*LOG(V180,2),0)+IFERROR(V181*LOG(V181,2),0)+IFERROR(V182*LOG(V182,2),0)) -> 0
E184: tengah | G184: =SUM(F180:F182)/163 -> 0.27607362 | J184: tengah | L184: =SUM(K180:K182)/163 -> 0.2392638 | O184: tengah | Q184: =SUM(P180:P182)/163 -> 0.31288344 | T184: kanan | V184: =SUM(U180:U182)/163 -> 0
E185: tengah | G185: =G183*G184 -> 0.38389239 | J185: kanan | L185: =L183*L184 -> 0.27008093 | O185: tengah | Q185: =Q183*Q184 -> 0.24627887 | T185: tengah | V185: =V183*V184 -> 0
E186: tengah | J186: kanan | O186: tengah | T186: tengah
E187: kiri | J187: kiri | O187: tengah | T187: tengah
E188: kiri | F188: Tengah | J188: kiri | K188: Tengah | O188: kiri | P188: Tengah | T188: kanan | U188: Tengah
E189: tengah | F189: {=SUMPRODUCT((E170:E332="tengah")*(M2:M164=1))} -> 5 | G189: =F189/88 -> 0.056818182 | J189: tengah | K189: =COUNTIFS($J$170:$J$332,"Tengah",$M$2:$M$164,"1") -> 8 | L189: =K189/89 -> 0.08988764 | O189: kiri | P189: =COUNTIFS($O$170:$O$332,"Tengah",$M$2:$M$164,"1") -> 0 | Q189: =P189/78 -> 0 | T189: tengah | U189: =COUNTIFS($T$170:$T$332,"Tengah",$M$2:$M$164,"1") -> 6 | V189: =U189/82 -> 0.073170732
E190: tengah | F190: {=SUMPRODUCT((E170:E332="tengah")*(M2:M164=2))} -> 38 | G190: =F190/88 -> 0.43181818 | J190: kiri | K190: =COUNTIFS($J$170:$J$332,"Tengah",$M$2:$M$164,"2") -> 46 | L190: =K190/89 -> 0.51685393 | O190: tengah | P190: =COUNTIFS($O$170:$O$332,"Tengah",$M$2:$M$164,"2") -> 34 | Q190: =P190/78 -> 0.43589744 | T190: tengah | U190: =COUNTIFS($T$170:$T$332,"Tengah",$M$2:$M$164,"2") -> 35 | V190: =U190/82 -> 0.42682927
E191: tengah | F191: {=SUMPRODUCT((E170:E332="tengah")*(M2:M164=3))} -> 45 | G191: =F191/88 -> 0.51136364 | J191: kanan | K191: =COUNTIFS($J$170:$J$332,"Tengah",$M$2:$M$164,"3") -> 35 | L191: =K191/89 -> 0.39325843 | O191: kiri | P191: =COUNTIFS($O$170:$O$332,"Tengah",$M$2:$M$164,"3") -> 44 | Q191: =P191/78 -> 0.56410256 | T191: kanan | U191: =COUNTIFS($T$170:$T$332,"Tengah",$M$2:$M$164,"3") -> 40 | V191: =U191/82 -> 0.48780488
E192: kanan | F192: Entropy | G192: =-(IFERROR(G189*LOG(G189,2),0)+IFERROR(G190*LOG(G190,2),0)+IFERROR(G191*LOG(G191,2),0)) -> 1.2530194 | J192: kanan | K192: Entropy | L192: =-(IFERROR(L189*LOG(L189,2),0)+IFERROR(L190*LOG(L190,2),0)+IFERROR(L191*LOG(L191,2),0)) -> 1.334062 | O192: tengah | P192: Entropy | Q192: =-(IFERROR(Q189*LOG(Q189,2),0)+IFERROR(Q190*LOG(Q190,2),0)+IFERROR(Q191*LOG(Q191,2),0)) -> 0.98811084 | T192: tengah | U192: Entropy | V192: =-(IFERROR(V189*LOG(V189,2),0)+IFERROR(V190*LOG(V190,2),0)+IFERROR(V191*LOG(V191,2),0)) -> 1.3054867
E193: kiri | G193: =SUM(F189:F191)/163 -> 0.5398773 | J193: kiri | L193: =SUM(K189:K191)/163 -> 0.54601227 | O193: tengah | Q193: =SUM(P189:P191)/163 -> 0.47852761 | T193: kanan | V193: =SUM(U189:U191)/163 -> 0.49693252
E194: kanan | G194: =G192*G193 -> 0.67647673 | J194: tengah | L194: =L192*L193 -> 0.72841423 | O194: tengah | Q194: =Q192*Q193 -> 0.47283831 | T194: tengah | V194: =V192*V193 -> 0.64873878
E195: tengah | J195: tengah | O195: kiri | T195: tengah
E196: kiri | F196: IG | G196: Entropy | J196: tengah | K196: IG | L196: Entropy | O196: kanan | P196: IG | Q196: Entropy | T196: tengah | U196: IG | V196: Entropy
E197: tengah | F197: =P5-(G176+G185+G194) -> 0.0077523059 | G197: =(G176+G185+G194) -> 1.2971837 | J197: tengah | K197: =P5-(L176+L185+L194) -> 0.033572136 | L197: =(L176+L185+L194) -> 1.2713639 | O197: kanan | P197: =P5-(Q176+Q185+Q194) -> 0.58581885 | Q197: =(Q176+Q185+Q194) -> 0.71911718 | T197: tengah | U197: =P5-(V176+V185+V194) -> -0.0008268689 | V197: =(V176+V185+V194) -> 1.3057629
E198: tengah | J198: kiri | O198: kiri | T198: tengah
E199: tengah | J199: tengah | O199: kiri | T199: kanan
E200: kanan | J200: tengah | O200: tengah | T200: tengah
E201: kiri | J201: kiri | O201: kanan | T201: kanan
E202: tengah | J202: tengah | O202: kanan | T202: tengah
E203: kiri | J203: tengah | O203: kiri | T203: tengah
E204: tengah | J204: kanan | O204: kiri | T204: kanan
E205: kanan | J205: kiri | O205: kiri | T205: tengah
E206: tengah | J206: tengah | O206: kanan | T206: tengah
E207: tengah | J207: tengah | O207: kiri | T207: kanan
E208: tengah | J208: tengah | O208: kanan | T208: tengah
E209: kanan | J209: tengah | O209: tengah | T209: kanan
... E332: kiri | J332: kiri | O332: tengah | T332: tengah

Sheet Pohon 11
A1: No | B1: Usia | C1: Lama Rawat Inap | D1: Jumlah Kasus Per Bulan | E1: Jenis Kelamin | F1: Tingkat Resiko | H1: No | I1: Usia | J1: Lama Rawat Inap | K1: Jumlah Kasus Per Bulan | L1: Jenis Kelamin | M1: Tingkat Resiko | O1: Perhitungan root
A2: =RANDBETWEEN(2,164) -> 120 | B2: {=INDEX(Data_DBD!$B:$B,$A2)} -> 26 | C2: {=INDEX(Data_DBD!$C:$C,$A2)} -> 4 | D2: {=INDEX(Data_DBD!$D:$D,$A2)} -> 33 | E2: {=INDEX(Data_DBD!$E:$E,$A2)} -> 1 | F2: {=INDEX(Data_DBD!$F:$F,$A2)} -> 3 | H2: 5 | I2: 18 | J2: 2 | K2: 12 | L2: 1 | M2: 2 | O2: 1 | P2: =COUNTIF(M2:M164,"1") -> 11 | Q2: =P2/163 -> 0.067484663
A3: =RANDBETWEEN(2,164) -> 111 | B3: {=INDEX(Data_DBD!$B:$B,$A3)} -> 25 | C3: {=INDEX(Data_DBD!$C:$C,$A3)} -> 4 | D3: {=INDEX(Data_DBD!$D:$D,$A3)} -> 33 | E3: {=INDEX(Data_DBD!$E:$E,$A3)} -> 0 | F3: {=INDEX(Data_DBD!$F:$F,$A3)} -> 3 | H3: 44 | I3: 28 | J3: 5 | K3: 13 | L3: 1 | M3: 2 | O3: 2 | P3: =COUNTIF(M2:M164,"2") -> 67 | Q3: =P3/163 -> 0.41104294
A4: =RANDBETWEEN(2,164) -> 46 | B4: {=INDEX(Data_DBD!$B:$B,$A4)} -> 62 | C4: {=INDEX(Data_DBD!$C:$C,$A4)} -> 2 | D4: {=INDEX(Data_DBD!$D:$D,$A4)} -> 13 | E4: {=INDEX(Data_DBD!$E:$E,$A4)} -> 0 | F4: {=INDEX(Data_DBD!$F:$F,$A4)} -> 2 | H4: 30 | I4: 2,8 | J4: 2 | K4: 14 | L4: 1 | M4: 2 | O4: 3 | P4: =COUNTIF(M2:M164,"3") -> 85 | Q4: =P4/163 -> 0.52147239
A5: =RANDBETWEEN(2,164) -> 126 | B5: {=INDEX(Data_DBD!$B:$B,$A5)} -> 51 | C5: {=INDEX(Data_DBD!$C:$C,$A5)} -> 3 | D5: {=INDEX(Data_DBD!$D:$D,$A5)} -> 33 | E5: {=INDEX(Data_DBD!$E:$E,$A5)} -> 1 | F5: {=INDEX(Data_DBD!$F:$F,$A5)} -> 3 | H5: 9 | I5: 16 | J5: 6 | K5: 12 | L5: 1 | M5: 2 | O5: Entropy Root | P5: =-(IFERROR(Q2*LOG(Q2,2),0)+IFERROR(Q3*LOG(Q3,2),0)+IFERROR(Q4*LOG(Q4,2),0)) -> 1.279526
A6: =RANDBETWEEN(2,164) -> 82 | B6: {=INDEX(Data_DBD!$B:$B,$A6)} -> 28 | C6: {=INDEX(Data_DBD!$C:$C,$A6)} -> 3 | D6: {=INDEX(Data_DBD!$D:$D,$A6)} -> 13 | E6: {=INDEX(Data_DBD!$E:$E,$A6)} -> 1 | F6: {=INDEX(Data_DBD!$F:$F,$A6)} -> 2 | H6: 53 | I6: 35 | J6: 4 | K6: 15 | L6: 1 | M6: 2
A7: =RANDBETWEEN(2,164) -> 100 | B7: {=INDEX(Data_DBD!$B:$B,$A7)} -> 19 | C7: {=INDEX(Data_DBD!$C:$C,$A7)} -> 6 | D7: {=INDEX(Data_DBD!$D:$D,$A7)} -> 18 | E7: {=INDEX(Data_DBD!$E:$E,$A7)} -> 0 | F7: {=INDEX(Data_DBD!$F:$F,$A7)} -> 3 | H7: 58 | I7: 17 | J7: 3 | K7: 15 | L7: 0 | M7: 2
A8: =RANDBETWEEN(2,164) -> 64 | B8: {=INDEX(Data_DBD!$B:$B,$A8)} -> 35 | C8: {=INDEX(Data_DBD!$C:$C,$A8)} -> 1 | D8: {=INDEX(Data_DBD!$D:$D,$A8)} -> 15 | E8: {=INDEX(Data_DBD!$E:$E,$A8)} -> 0 | F8: {=INDEX(Data_DBD!$F:$F,$A8)} -> 2 | H8: 118 | I8: 67 | J8: 4 | K8: 33 | L8: 1 | M8: 3
A9: =RANDBETWEEN(2,164) -> 20 | B9: {=INDEX(Data_DBD!$B:$B,$A9)} -> 15 | C9: {=INDEX(Data_DBD!$C:$C,$A9)} -> 5 | D9: {=INDEX(Data_DBD!$D:$D,$A9)} -> 7 | E9: {=INDEX(Data_DBD!$E:$E,$A9)} -> 0 | F9: {=INDEX(Data_DBD!$F:$F,$A9)} -> 1 | H9: 20 | I9: 15 | J9: 5 | K9: 7 | L9: 0 | M9: 1
A10: =RANDBETWEEN(2,164) -> 55 | B10: {=INDEX(Data_DBD!$B:$B,$A10)} -> 7 | C10: {=INDEX(Data_DBD!$C:$C,$A10)} -> 4 | D10: {=INDEX(Data_DBD!$D:$D,$A10)} -> 15 | E10: {=INDEX(Data_DBD!$E:$E,$A10)} -> 1 | F10: {=INDEX(Data_DBD!$F:$F,$A10)} -> 2 | H10: 164 | I10: 10 | J10: 6 | K10: 3 | L10: 0 | M10: 1
A11: =RANDBETWEEN(2,164) -> 82 | B11: {=INDEX(Data_DBD!$B:$B,$A11)} -> 28 | C11: {=INDEX(Data_DBD!$C:$C,$A11)} -> 3 | D11: {=INDEX(Data_DBD!$D:$D,$A11)} -> 13 | E11: {=INDEX(Data_DBD!$E:$E,$A11)} -> 1 | F11: {=INDEX(Data_DBD!$F:$F,$A11)} -> 2 | H11: 36 | I11: 27 | J11: 1 | K11: 4 | L11: 1 | M11: 1
A12: =RANDBETWEEN(2,164) -> 51 | B12: {=INDEX(Data_DBD!$B:$B,$A12)} -> 48 | C12: {=INDEX(Data_DBD!$C:$C,$A12)} -> 4 | D12: {=INDEX(Data_DBD!$D:$D,$A12)} -> 13 | E12: {=INDEX(Data_DBD!$E:$E,$A12)} -> 0 | F12: {=INDEX(Data_DBD!$F:$F,$A12)} -> 2 | H12: 75 | I12: 2 | J12: 2 | K12: 10 | L12: 1 | M12: 2
A13: =RANDBETWEEN(2,164) -> 51 | B13: {=INDEX(Data_DBD!$B:$B,$A13)} -> 48 | C13: {=INDEX(Data_DBD!$C:$C,$A13)} -> 4 | D13: {=INDEX(Data_DBD!$D:$D,$A13)} -> 13 | E13: {=INDEX(Data_DBD!$E:$E,$A13)} -> 0 | F13: {=INDEX(Data_DBD!$F:$F,$A13)} -> 2 | H13: 151 | I13: 24 | J13: 3 | K13: 21 | L13: 0 | M13: 3
A14: =RANDBETWEEN(2,164) -> 35 | B14: {=INDEX(Data_DBD!$B:$B,$A14)} -> 40 | C14: {=INDEX(Data_DBD!$C:$C,$A14)} -> 3 | D14: {=INDEX(Data_DBD!$D:$D,$A14)} -> 4 | E14: {=INDEX(Data_DBD!$E:$E,$A14)} -> 1 | F14: {=INDEX(Data_DBD!$F:$F,$A14)} -> 1 | H14: 64 | I14: 35 | J14: 1 | K14: 15 | L14: 0 | M14: 2
A15: =RANDBETWEEN(2,164) -> 70 | B15: {=INDEX(Data_DBD!$B:$B,$A15)} -> 26 | C15: {=INDEX(Data_DBD!$C:$C,$A15)} -> 3 | D15: {=INDEX(Data_DBD!$D:$D,$A15)} -> 10 | E15: {=INDEX(Data_DBD!$E:$E,$A15)} -> 1 | F15: {=INDEX(Data_DBD!$F:$F,$A15)} -> 2 | H15: 141 | I15: 36 | J15: 2 | K15: 21 | L15: 0 | M15: 3
A16: =RANDBETWEEN(2,164) -> 21 | B16: {=INDEX(Data_DBD!$B:$B,$A16)} -> 10 | C16: {=INDEX(Data_DBD!$C:$C,$A16)} -> 5 | D16: {=INDEX(Data_DBD!$D:$D,$A16)} -> 14 | E16: {=INDEX(Data_DBD!$E:$E,$A16)} -> 1 | F16: {=INDEX(Data_DBD!$F:$F,$A16)} -> 2 | H16: 136 | I16: 6 | J16: 2 | K16: 33 | L16: 0 | M16: 3
A17: =RANDBETWEEN(2,164) -> 98 | B17: {=INDEX(Data_DBD!$B:$B,$A17)} -> 16 | C17: {=INDEX(Data_DBD!$C:$C,$A17)} -> 2 | D17: {=INDEX(Data_DBD!$D:$D,$A17)} -> 18 | E17: {=INDEX(Data_DBD!$E:$E,$A17)} -> 1 | F17: {=INDEX(Data_DBD!$F:$F,$A17)} -> 3 | H17: 5 | I17: 18 | J17: 2 | K17: 12 | L17: 1 | M17: 2
... A28: =RANDBETWEEN(2,164) -> 149 | B28: {=INDEX(Data_DBD!$B:$B,$A28)} -> 19 | C28: {=INDEX(Data_DBD!$C:$C,$A28)} -> 5 | D28: {=INDEX(Data_DBD!$D:$D,$A28)} -> 21 | E28: {=INDEX(Data_DBD!$E:$E,$A28)} -> 0 | F28: {=INDEX(Data_DBD!$F:$F,$A28)} -> 3 | H28: 131 | I28: 10 | J28: 2 | K28: 33 | L28: 0 | M28: 3
A29: =RANDBETWEEN(2,164) -> 85 | B29: {=INDEX(Data_DBD!$B:$B,$A29)} -> 27 | C29: {=INDEX(Data_DBD!$C:$C,$A29)} -> 9 | D29: {=INDEX(Data_DBD!$D:$D,$A29)} -> 13 | E29: {=INDEX(Data_DBD!$E:$E,$A29)} -> 0 | F29: {=INDEX(Data_DBD!$F:$F,$A29)} -> 2 | H29: 30 | I29: 2,8 | J29: 2 | K29: 14 | L29: 1 | M29: 2
A30: =RANDBETWEEN(2,164) -> 140 | B30: {=INDEX(Data_DBD!$B:$B,$A30)} -> 74 | C30: {=INDEX(Data_DBD!$C:$C,$A30)} -> 5 | D30: {=INDEX(Data_DBD!$D:$D,$A30)} -> 21 | E30: {=INDEX(Data_DBD!$E:$E,$A30)} -> 1 | F30: {=INDEX(Data_DBD!$F:$F,$A30)} -> 3 | H30: 37 | I30: 28 | J30: 4 | K30: 4 | L30: 1 | M30: 1
A31: =RANDBETWEEN(2,164) -> 143 | B31: {=INDEX(Data_DBD!$B:$B,$A31)} -> 20 | C31: {=INDEX(Data_DBD!$C:$C,$A31)} -> 4 | D31: {=INDEX(Data_DBD!$D:$D,$A31)} -> 21 | E31: {=INDEX(Data_DBD!$E:$E,$A31)} -> 1 | F31: {=INDEX(Data_DBD!$F:$F,$A31)} -> 3 | H31: 161 | I31: 12 | J31: 3 | K31: 21 | L31: 1 | M31: 3
A32: =RANDBETWEEN(2,164) -> 66 | B32: {=INDEX(Data_DBD!$B:$B,$A32)} -> 21 | C32: {=INDEX(Data_DBD!$C:$C,$A32)} -> 5 | D32: {=INDEX(Data_DBD!$D:$D,$A32)} -> 15 | E32: {=INDEX(Data_DBD!$E:$E,$A32)} -> 1 | F32: {=INDEX(Data_DBD!$F:$F,$A32)} -> 2 | H32: 2 | I32: 34 | J32: 3 | K32: 12 | L32: 0 | M32: 2
A33: =RANDBETWEEN(2,164) -> 9 | B33: {=INDEX(Data_DBD!$B:$B,$A33)} -> 16 | C33: {=INDEX(Data_DBD!$C:$C,$A33)} -> 6 | D33: {=INDEX(Data_DBD!$D:$D,$A33)} -> 12 | E33: {=INDEX(Data_DBD!$E:$E,$A33)} -> 1 | F33: {=INDEX(Data_DBD!$F:$F,$A33)} -> 2 | H33: 128 | I33: 38 | J33: 2 | K33: 33 | L33: 0 | M33: 3
A34: =RANDBETWEEN(2,164) -> 113 | B34: {=INDEX(Data_DBD!$B:$B,$A34)} -> 69 | C34: {=INDEX(Data_DBD!$C:$C,$A34)} -> 1 | D34: {=INDEX(Data_DBD!$D:$D,$A34)} -> 33 | E34: {=INDEX(Data_DBD!$E:$E,$A34)} -> 1 | F34: {=INDEX(Data_DBD!$F:$F,$A34)} -> 3 | H34: 87 | I34: 21 | J34: 3 | K34: 13 | L34: 0 | M34: 2
A35: =RANDBETWEEN(2,164) -> 47 | B35: {=INDEX(Data_DBD!$B:$B,$A35)} -> 19 | C35: {=INDEX(Data_DBD!$C:$C,$A35)} -> 2 | D35: {=INDEX(Data_DBD!$D:$D,$A35)} -> 13 | E35: {=INDEX(Data_DBD!$E:$E,$A35)} -> 0 | F35: {=INDEX(Data_DBD!$F:$F,$A35)} -> 2 | H35: 82 | I35: 28 | J35: 3 | K35: 13 | L35: 1 | M35: 2
A36: =RANDBETWEEN(2,164) -> 41 | B36: {=INDEX(Data_DBD!$B:$B,$A36)} -> 8 | C36: {=INDEX(Data_DBD!$C:$C,$A36)} -> 4 | D36: {=INDEX(Data_DBD!$D:$D,$A36)} -> 13 | E36: {=INDEX(Data_DBD!$E:$E,$A36)} -> 0 | F36: {=INDEX(Data_DBD!$F:$F,$A36)} -> 2 | H36: 144 | I36: 61 | J36: 4 | K36: 21 | L36: 1 | M36: 3
A37: =RANDBETWEEN(2,164) -> 56 | B37: {=INDEX(Data_DBD!$B:$B,$A37)} -> 4 | C37: {=INDEX(Data_DBD!$C:$C,$A37)} -> 3 | D37: {=INDEX(Data_DBD!$D:$D,$A37)} -> 15 | E37: {=INDEX(Data_DBD!$E:$E,$A37)} -> 0 | F37: {=INDEX(Data_DBD!$F:$F,$A37)} -> 2 | H37: 32 | I37: 54 | J37: 4 | K37: 14 | L37: 0 | M37: 2
A38: =RANDBETWEEN(2,164) -> 65 | B38: {=INDEX(Data_DBD!$B:$B,$A38)} -> 49 | C38: {=INDEX(Data_DBD!$C:$C,$A38)} -> 3 | D38: {=INDEX(Data_DBD!$D:$D,$A38)} -> 15 | E38: {=INDEX(Data_DBD!$E:$E,$A38)} -> 0 | F38: {=INDEX(Data_DBD!$F:$F,$A38)} -> 2 | H38: 152 | I38: 47 | J38: 3 | K38: 21 | L38: 1 | M38: 3
A39: =RANDBETWEEN(2,164) -> 108 | B39: {=INDEX(Data_DBD!$B:$B,$A39)} -> 69 | C39: {=INDEX(Data_DBD!$C:$C,$A39)} -> 7 | D39: {=INDEX(Data_DBD!$D:$D,$A39)} -> 33 | E39: {=INDEX(Data_DBD!$E:$E,$A39)} -> 1 | F39: {=INDEX(Data_DBD!$F:$F,$A39)} -> 3 | H39: 75 | I39: 2 | J39: 2 | K39: 10 | L39: 1 | M39: 2
A40: =RANDBETWEEN(2,164) -> 3 | B40: {=INDEX(Data_DBD!$B:$B,$A40)} -> 43 | C40: {=INDEX(Data_DBD!$C:$C,$A40)} -> 3 | D40: {=INDEX(Data_DBD!$D:$D,$A40)} -> 12 | E40: {=INDEX(Data_DBD!$E:$E,$A40)} -> 1 | F40: {=INDEX(Data_DBD!$F:$F,$A40)} -> 2 | H40: 107 | I40: 48 | J40: 5 | K40: 18 | L40: 0 | M40: 3
A41: =RANDBETWEEN(2,164) -> 13 | B41: {=INDEX(Data_DBD!$B:$B,$A41)} -> 47 | C41: {=INDEX(Data_DBD!$C:$C,$A41)} -> 2 | D41: {=INDEX(Data_DBD!$D:$D,$A41)} -> 12 | E41: {=INDEX(Data_DBD!$E:$E,$A41)} -> 0 | F41: {=INDEX(Data_DBD!$F:$F,$A41)} -> 2 | H41: 142 | I41: 39 | J41: 2 | K41: 21 | L41: 1 | M41: 3
... A75: =RANDBETWEEN(2,164) -> 148 | B75: {=INDEX(Data_DBD!$B:$B,$A75)} -> 55 | C75: {=INDEX(Data_DBD!$C:$C,$A75)} -> 3 | D75: {=INDEX(Data_DBD!$D:$D,$A75)} -> 21 | E75: {=INDEX(Data_DBD!$E:$E,$A75)} -> 1 | F75: {=INDEX(Data_DBD!$F:$F,$A75)} -> 3 | H75: 104 | I75: 37 | J75: 4 | K75: 18 | L75: 1 | M75: 3
A76: =RANDBETWEEN(2,164) -> 10 | B76: {=INDEX(Data_DBD!$B:$B,$A76)} -> 18 | C76: {=INDEX(Data_DBD!$C:$C,$A76)} -> 5 | D76: {=INDEX(Data_DBD!$D:$D,$A76)} -> 12 | E76: {=INDEX(Data_DBD!$E:$E,$A76)} -> 0 | F76: {=INDEX(Data_DBD!$F:$F,$A76)} -> 2 | H76: 30 | I76: 2,8 | J76: 2 | K76: 14 | L76: 1 | M76: 2
A77: =RANDBETWEEN(2,164) -> 36 | B77: {=INDEX(Data_DBD!$B:$B,$A77)} -> 27 | C77: {=INDEX(Data_DBD!$C:$C,$A77)} -> 1 | D77: {=INDEX(Data_DBD!$D:$D,$A77)} -> 4 | E77: {=INDEX(Data_DBD!$E:$E,$A77)} -> 1 | F77: {=INDEX(Data_DBD!$F:$F,$A77)} -> 1 | H77: 114 | I77: 14 | J77: 2 | K77: 33 | L77: 1 | M77: 3
A78: =RANDBETWEEN(2,164) -> 143 | B78: {=INDEX(Data_DBD!$B:$B,$A78)} -> 20 | C78: {=INDEX(Data_DBD!$C:$C,$A78)} -> 4 | D78: {=INDEX(Data_DBD!$D:$D,$A78)} -> 21 | E78: {=INDEX(Data_DBD!$E:$E,$A78)} -> 1 | F78: {=INDEX(Data_DBD!$F:$F,$A78)} -> 3 | H78: 54 | I78: 7 | J78: 3 | K78: 15 | L78: 0 | M78: 2
A79: =RANDBETWEEN(2,164) -> 17 | B79: {=INDEX(Data_DBD!$B:$B,$A79)} -> 2 | C79: {=INDEX(Data_DBD!$C:$C,$A79)} -> 3 | D79: {=INDEX(Data_DBD!$D:$D,$A79)} -> 7 | E79: {=INDEX(Data_DBD!$E:$E,$A79)} -> 0 | F79: {=INDEX(Data_DBD!$F:$F,$A79)} -> 1 | H79: 28 | I79: 22 | J79: 2 | K79: 14 | L79: 1 | M79: 2
A80: =RANDBETWEEN(2,164) -> 53 | B80: {=INDEX(Data_DBD!$B:$B,$A80)} -> 35 | C80: {=INDEX(Data_DBD!$C:$C,$A80)} -> 4 | D80: {=INDEX(Data_DBD!$D:$D,$A80)} -> 15 | E80: {=INDEX(Data_DBD!$E:$E,$A80)} -> 1 | F80: {=INDEX(Data_DBD!$F:$F,$A80)} -> 2 | H80: 100 | I80: 19 | J80: 6 | K80: 18 | L80: 0 | M80: 3
A81: =RANDBETWEEN(2,164) -> 123 | B81: {=INDEX(Data_DBD!$B:$B,$A81)} -> 22 | C81: {=INDEX(Data_DBD!$C:$C,$A81)} -> 4 | D81: {=INDEX(Data_DBD!$D:$D,$A81)} -> 33 | E81: {=INDEX(Data_DBD!$E:$E,$A81)} -> 0 | F81: {=INDEX(Data_DBD!$F:$F,$A81)} -> 3 | H81: 18 | I81: 49 | J81: 4 | K81: 7 | L81: 1 | M81: 1
A82: =RANDBETWEEN(2,164) -> 37 | B82: {=INDEX(Data_DBD!$B:$B,$A82)} -> 28 | C82: {=INDEX(Data_DBD!$C:$C,$A82)} -> 4 | D82: {=INDEX(Data_DBD!$D:$D,$A82)} -> 4 | E82: {=INDEX(Data_DBD!$E:$E,$A82)} -> 1 | F82: {=INDEX(Data_DBD!$F:$F,$A82)} -> 1 | H82: 118 | I82: 67 | J82: 4 | K82: 33 | L82: 1 | M82: 3
A83: =RANDBETWEEN(2,164) -> 10 | B83: {=INDEX(Data_DBD!$B:$B,$A83)} -> 18 | C83: {=INDEX(Data_DBD!$C:$C,$A83)} -> 5 | D83: {=INDEX(Data_DBD!$D:$D,$A83)} -> 12 | E83: {=INDEX(Data_DBD!$E:$E,$A83)} -> 0 | F83: {=INDEX(Data_DBD!$F:$F,$A83)} -> 2 | H83: 20 | I83: 15 | J83: 5 | K83: 7 | L83: 0 | M83: 1
A84: =RANDBETWEEN(2,164) -> 143 | B84: {=INDEX(Data_DBD!$B:$B,$A84)} -> 20 | C84: {=INDEX(Data_DBD!$C:$C,$A84)} -> 4 | D84: {=INDEX(Data_DBD!$D:$D,$A84)} -> 21 | E84: {=INDEX(Data_DBD!$E:$E,$A84)} -> 1 | F84: {=INDEX(Data_DBD!$F:$F,$A84)} -> 3 | H84: 105 | I84: 61 | J84: 3 | K84: 18 | L84: 1 | M84: 3
A85: =RANDBETWEEN(2,164) -> 144 | B85: {=INDEX(Data_DBD!$B:$B,$A85)} -> 61 | C85: {=INDEX(Data_DBD!$C:$C,$A85)} -> 4 | D85: {=INDEX(Data_DBD!$D:$D,$A85)} -> 21 | E85: {=INDEX(Data_DBD!$E:$E,$A85)} -> 1 | F85: {=INDEX(Data_DBD!$F:$F,$A85)} -> 3 | H85: 112 | I85: 61 | J85: 3 | K85: 33 | L85: 1 | M85: 3
