Workbook

Sheet Data_DBD
A1: Nama | B1: Usia | C1: Lama Rawat Inap | D1: Jumlah Kasus Perbulan | E1: Jenis Kelamin | F1: Tingkat Resiko
A2: Neni Sumetria | B2: 34 | C2: 3 | D2: 12 | E2: 0 | F2: Sedang
A3: Malki Amron | B3: 43 | C3: 3 | D3: 12 | E3: 1 | F3: Sedang
A4: Arifa Qyaratul | B4: 23 | C4: 5 | D4: 12 | E4: 0 | F4: Sedang
A5: Rezki Mhd | B5: 18 | C5: 2 | D5: 12 | E5: 1 | F5: Sedang
A6: Selfiolla | B6: 14 | C6: 4 | D6: 12 | E6: 0 | F6: Sedang
A7: M.Albiruni | B7: 12 | C7: 1 | D7: 12 | E7: 1 | F7: Sedang
A8: Yurika Azarine | B8: 4 | C8: 2 | D8: 12 | E8: 0 | F8: Sedang
A9: Rahmad Ihtiar | B9: 16 | C9: 6 | D9: 12 | E9: 1 | F9: Sedang
A10: Tiara Endiwa | B10: 18 | C10: 5 | D10: 12 | E10: 0 | F10: Sedang
A11: Boby | B11: 24 | C11: 5 | D11: 12 | E11: 1 | F11: Sedang
A12: Defi Putri | B12: 23 | C12: 3 | D12: 12 | E12: 0 | F12: Sedang
A13: Nini Efriza | B13: 47 | C13: 2 | D13: 12 | E13: 0 | F13: Sedang
... A164: Aprillia Khairunnisa | B164: 10 | C164: 6 | D164: 3 | E164: 0 | F164: Rendah

Sheet Random_Sampling
A1: Random Sampling Data
A3: Usia | B3: =RAND() -> 0.57234716
A4: Lama Rawat Inap | B4: =RAND() -> 0.88611739
A5: Jenis Kelamin | B5: =RAND() -> 0.55737233
A6: Jumlah Kasus Per Bulan | B6: =RAND() -> 0.63169925 | D6: 9

Sheet Pohon 1
A1: No | B1: Usia | C1: Lama Rawat Inap | D1: Jumlah Kasus Per Bulan | E1: Jenis Kelamin | F1: Tingkat Resiko | H1: No | I1: Usia | J1: Lama Rawat Inap | K1: Jumlah Kasus Per Bulan | L1: Jenis Kelamin | M1: Tingkat Resiko | O1: Perhitungan root
A2: =RANDBETWEEN(2,164) -> 112 | B2: {=INDEX(Data_DBD!$B:$B,$A2)} -> 61 | C2: {=INDEX(Data_DBD!$C:$C,$A2)} -> 3 | D2: {=INDEX(Data_DBD!$D:$D,$A2)} -> 33 | E2: {=INDEX(Data_DBD!$E:$E,$A2)} -> 1 | F2: {=INDEX(Data_DBD!$F:$F,$A2)} -> Tinggi | H2: 42 | I2: 21 | J2: 5 | K2: 13 | L2: 1 | M2: Sedang | O2: Tinggi | P2: =COUNTIF(M2:M164,"Tinggi") -> 53 | Q2: =P2/163 -> 0.32515337
A3: =RANDBETWEEN(2,164) -> 153 | B3: {=INDEX(Data_DBD!$B:$B,$A3)} -> 73 | C3: {=INDEX(Data_DBD!$C:$C,$A3)} -> 7 | D3: {=INDEX(Data_DBD!$D:$D,$A3)} -> 21 | E3: {=INDEX(Data_DBD!$E:$E,$A3)} -> 1 | F3: {=INDEX(Data_DBD!$F:$F,$A3)} -> Tinggi | H3: 47 | I3: 19 | J3: 2 | K3: 13 | L3: 0 | M3: Sedang | O3: Sedang | P3: =COUNTIF(M2:M164,"Sedang") -> 93 | Q3: =P3/163 -> 0.57055215
A4: =RANDBETWEEN(2,164) -> 79 | B4: {=INDEX(Data_DBD!$B:$B,$A4)} -> 29 | C4: {=INDEX(Data_DBD!$C:$C,$A4)} -> 3 | D4: {=INDEX(Data_DBD!$D:$D,$A4)} -> 13 | E4: {=INDEX(Data_DBD!$E:$E,$A4)} -> 0 | F4: {=INDEX(Data_DBD!$F:$F,$A4)} -> Sedang | H4: 123 | I4: 22 | J4: 4 | K4: 33 | L4: 0 | M4: Tinggi | O4: Rendah | P4: =COUNTIF(M2:M164,"Rendah") -> 17 | Q4: =P4/163 -> 0.10429448
A5: =RANDBETWEEN(2,164) -> 147 | B5: {=INDEX(Data_DBD!$B:$B,$A5)} -> 66 | C5: {=INDEX(Data_DBD!$C:$C,$A5)} -> 10 | D5: {=INDEX(Data_DBD!$D:$D,$A5)} -> 21 | E5: {=INDEX(Data_DBD!$E:$E,$A5)} -> 1 | F5: {=INDEX(Data_DBD!$F:$F,$A5)} -> Tinggi | H5: 52 | I5: 59 | J5: 4 | K5: 15 | L5: 1 | M5: Sedang | O5: Entropy Root | P5: =-(IFERROR(Q2*LOG(Q2,2),0)+IFERROR(Q3*LOG(Q3,2),0)+IFERROR(Q4*LOG(Q4,2),0)) -> 1.3290446
A6: =RANDBETWEEN(2,164) -> 90 | B6: {=INDEX(Data_DBD!$B:$B,$A6)} -> 47 | C6: {=INDEX(Data_DBD!$C:$C,$A6)} -> 3 | D6: {=INDEX(Data_DBD!$D:$D,$A6)} -> 18 | E6: {=INDEX(Data_DBD!$E:$E,$A6)} -> 0 | F6: {=INDEX(Data_DBD!$F:$F,$A6)} -> Sedang | H6: 111 | I6: 25 | J6: 4 | K6: 33 | L6: 0 | M6: Tinggi
A7: =RANDBETWEEN(2,164) -> 59 | B7: {=INDEX(Data_DBD!$B:$B,$A7)} -> 28 | C7: {=INDEX(Data_DBD!$C:$C,$A7)} -> 4 | D7: {=INDEX(Data_DBD!$D:$D,$A7)} -> 15 | E7: {=INDEX(Data_DBD!$E:$E,$A7)} -> 0 | F7: {=INDEX(Data_DBD!$F:$F,$A7)} -> Sedang | H7: 156 | I7: 5 | J7: 2 | K7: 21 | L7: 0 | M7: Tinggi
A8: =RANDBETWEEN(2,164) -> 86 | B8: {=INDEX(Data_DBD!$B:$B,$A8)} -> 23 | C8: {=INDEX(Data_DBD!$C:$C,$A8)} -> 3 | D8: {=INDEX(Data_DBD!$D:$D,$A8)} -> 13 | E8: {=INDEX(Data_DBD!$E:$E,$A8)} -> 0 | F8: {=INDEX(Data_DBD!$F:$F,$A8)} -> Sedang | H8: 64 | I8: 35 | J8: 1 | K8: 15 | L8: 0 | M8: Sedang
A9: =RANDBETWEEN(2,164) -> 22 | B9: {=INDEX(Data_DBD!$B:$B,$A9)} -> 6 | C9: {=INDEX(Data_DBD!$C:$C,$A9)} -> 3 | D9: {=INDEX(Data_DBD!$D:$D,$A9)} -> 14 | E9: {=INDEX(Data_DBD!$E:$E,$A9)} -> 0 | F9: {=INDEX(Data_DBD!$F:$F,$A9)} -> Sedang | H9: 160 | I9: 16 | J9: 3 | K9: 21 | L9: 0 | M9: Tinggi
A10: =RANDBETWEEN(2,164) -> 75 | B10: {=INDEX(Data_DBD!$B:$B,$A10)} -> 2 | C10: {=INDEX(Data_DBD!$C:$C,$A10)} -> 2 | D10: {=INDEX(Data_DBD!$D:$D,$A10)} -> 10 | E10: {=INDEX(Data_DBD!$E:$E,$A10)} -> 1 | F10: {=INDEX(Data_DBD!$F:$F,$A10)} -> Rendah | H10: 82 | I10: 28 | J10: 3 | K10: 13 | L10: 1 | M10: Sedang
A11: =RANDBETWEEN(2,164) -> 74 | B11: {=INDEX(Data_DBD!$B:$B,$A11)} -> 9 | C11: {=INDEX(Data_DBD!$C:$C,$A11)} -> 4 | D11: {=INDEX(Data_DBD!$D:$D,$A11)} -> 10 | E11: {=INDEX(Data_DBD!$E:$E,$A11)} -> 0 | F11: {=INDEX(Data_DBD!$F:$F,$A11)} -> Rendah | H11: 6 | I11: 14 | J11: 4 | K11: 12 | L11: 0 | M11: Sedang
A12: =RANDBETWEEN(2,164) -> 152 | B12: {=INDEX(Data_DBD!$B:$B,$A12)} -> 47 | C12: {=INDEX(Data_DBD!$C:$C,$A12)} -> 3 | D12: {=INDEX(Data_DBD!$D:$D,$A12)} -> 21 | E12: {=INDEX(Data_DBD!$E:$E,$A12)} -> 1 | F12: {=INDEX(Data_DBD!$F:$F,$A12)} -> Tinggi | H12: 121 | I12: 82 | J12: 5 | K12: 33 | L12: 1 | M12: Tinggi
A13: =RANDBETWEEN(2,164) -> 121 | B13: {=INDEX(Data_DBD!$B:$B,$A13)} -> 82 | C13: {=INDEX(Data_DBD!$C:$C,$A13)} -> 5 | D13: {=INDEX(Data_DBD!$D:$D,$A13)} -> 33 | E13: {=INDEX(Data_DBD!$E:$E,$A13)} -> 1 | F13: {=INDEX(Data_DBD!$F:$F,$A13)} -> Tinggi | H13: 138 | I13: 13 | J13: 3 | K13: 33 | L13: 1 | M13: Tinggi
A14: =RANDBETWEEN(2,164) -> 106 | B14: {=INDEX(Data_DBD!$B:$B,$A14)} -> 23 | C14: {=INDEX(Data_DBD!$C:$C,$A14)} -> 3 | D14: {=INDEX(Data_DBD!$D:$D,$A14)} -> 18 | E14: {=INDEX(Data_DBD!$E:$E,$A14)} -> 1 | F14: {=INDEX(Data_DBD!$F:$F,$A14)} -> Sedang | H14: 122 | I14: 28 | J14: 3 | K14: 33 | L14: 1 | M14: Tinggi
A15: =RANDBETWEEN(2,164) -> 93 | B15: {=INDEX(Data_DBD!$B:$B,$A15)} -> 65 | C15: {=INDEX(Data_DBD!$C:$C,$A15)} -> 4 | D15: {=INDEX(Data_DBD!$D:$D,$A15)} -> 18 | E15: {=INDEX(Data_DBD!$E:$E,$A15)} -> 0 | F15: {=INDEX(Data_DBD!$F:$F,$A15)} -> Sedang | H15: 10 | I15: 18 | J15: 5 | K15: 12 | L15: 0 | M15: Sedang
A16: =RANDBETWEEN(2,164) -> 24 | B16: {=INDEX(Data_DBD!$B:$B,$A16)} -> 60 | C16: {=INDEX(Data_DBD!$C:$C,$A16)} -> 4 | D16: {=INDEX(Data_DBD!$D:$D,$A16)} -> 14 | E16: {=INDEX(Data_DBD!$E:$E,$A16)} -> 0 | F16: {=INDEX(Data_DBD!$F:$F,$A16)} -> Sedang | H16: 71 | I16: 84 | J16: 3 | K16: 10 | L16: 0 | M16: Rendah
A17: =RANDBETWEEN(2,164) -> 83 | B17: {=INDEX(Data_DBD!$B:$B,$A17)} -> 50 | C17: {=INDEX(Data_DBD!$C:$C,$A17)} -> 3 | D17: {=INDEX(Data_DBD!$D:$D,$A17)} -> 13 | E17: {=INDEX(Data_DBD!$E:$E,$A17)} -> 0 | F17: {=INDEX(Data_DBD!$F:$F,$A17)} -> Sedang | H17: 128 | I17: 38 | J17: 2 | K17: 33 | L17: 0 | M17: Tinggi
... A65: =RANDBETWEEN(2,164) -> 49 | B65: {=INDEX(Data_DBD!$B:$B,$A65)} -> 64 | C65: {=INDEX(Data_DBD!$C:$C,$A65)} -> 5 | D65: {=INDEX(Data_DBD!$D:$D,$A65)} -> 13 | E65: {=INDEX(Data_DBD!$E:$E,$A65)} -> 0 | F65: {=INDEX(Data_DBD!$F:$F,$A65)} -> Sedang | H65: 141 | I65: 36 | J65: 2 | K65: 21 | L65: 0 | M65: Tinggi
A66: =RANDBETWEEN(2,164) -> 113 | B66: {=INDEX(Data_DBD!$B:$B,$A66)} -> 69 | C66: {=INDEX(Data_DBD!$C:$C,$A66)} -> 1 | D66: {=INDEX(Data_DBD!$D:$D,$A66)} -> 33 | E66: {=INDEX(Data_DBD!$E:$E,$A66)} -> 1 | F66: {=INDEX(Data_DBD!$F:$F,$A66)} -> Tinggi | H66: 128 | I66: 38 | J66: 2 | K66: 33 | L66: 0 | M66: Tinggi | U66: Pohon 1:
A67: =RANDBETWEEN(2,164) -> 109 | B67: {=INDEX(Data_DBD!$B:$B,$A67)} -> 40 | C67: {=INDEX(Data_DBD!$C:$C,$A67)} -> 3 | D67: {=INDEX(Data_DBD!$D:$D,$A67)} -> 33 | E67: {=INDEX(Data_DBD!$E:$E,$A67)} -> 1 | F67: {=INDEX(Data_DBD!$F:$F,$A67)} -> Tinggi | H67: 89 | I67: 32 | J67: 4 | K67: 13 | L67: 0 | M67: Sedang | U67: Rule 1.1
A68: =RANDBETWEEN(2,164) -> 35 | B68: {=INDEX(Data_DBD!$B:$B,$A68)} -> 40 | C68: {=INDEX(Data_DBD!$C:$C,$A68)} -> 3 | D68: {=INDEX(Data_DBD!$D:$D,$A68)} -> 4 | E68: {=INDEX(Data_DBD!$E:$E,$A68)} -> 1 | F68: {=INDEX(Data_DBD!$F:$F,$A68)} -> Rendah | H68: 11 | I68: 24 | J68: 5 | K68: 12 | L68: 1 | M68: Sedang | U68: IF Jumlah Kasus Per Bulan < 13,35
A69: =RANDBETWEEN(2,164) -> 116 | B69: {=INDEX(Data_DBD!$B:$B,$A69)} -> 32 | C69: {=INDEX(Data_DBD!$C:$C,$A69)} -> 4 | D69: {=INDEX(Data_DBD!$D:$D,$A69)} -> 33 | E69: {=INDEX(Data_DBD!$E:$E,$A69)} -> 1 | F69: {=INDEX(Data_DBD!$F:$F,$A69)} -> Tinggi | H69: 79 | I69: 29 | J69: 3 | K69: 13 | L69: 0 | M69: Sedang | U69: THEN Risiko = Sedang
A70: =RANDBETWEEN(2,164) -> 142 | B70: {=INDEX(Data_DBD!$B:$B,$A70)} -> 39 | C70: {=INDEX(Data_DBD!$C:$C,$A70)} -> 2 | D70: {=INDEX(Data_DBD!$D:$D,$A70)} -> 21 | E70: {=INDEX(Data_DBD!$E:$E,$A70)} -> 1 | F70: {=INDEX(Data_DBD!$F:$F,$A70)} -> Tinggi | H70: 133 | I70: 6 | J70: 4 | K70: 33 | L70: 0 | M70: Tinggi | U70: Rule 1.2
A71: =RANDBETWEEN(2,164) -> 64 | B71: {=INDEX(Data_DBD!$B:$B,$A71)} -> 35 | C71: {=INDEX(Data_DBD!$C:$C,$A71)} -> 1 | D71: {=INDEX(Data_DBD!$D:$D,$A71)} -> 15 | E71: {=INDEX(Data_DBD!$E:$E,$A71)} -> 0 | F71: {=INDEX(Data_DBD!$F:$F,$A71)} -> Sedang | H71: 133 | I71: 6 | J71: 4 | K71: 33 | L71: 0 | M71: Tinggi | U71: IF Jumlah Kasus Per Bulan ≤ 13,35 AND Jumlah Kasus Per Bulan > 27,46
A72: =RANDBETWEEN(2,164) -> 49 | B72: {=INDEX(Data_DBD!$B:$B,$A72)} -> 64 | C72: {=INDEX(Data_DBD!$C:$C,$A72)} -> 5 | D72: {=INDEX(Data_DBD!$D:$D,$A72)} -> 13 | E72: {=INDEX(Data_DBD!$E:$E,$A72)} -> 0 | F72: {=INDEX(Data_DBD!$F:$F,$A72)} -> Sedang | H72: 94 | I72: 12 | J72: 4 | K72: 18 | L72: 0 | M72: Sedang | U72: THEN Risiko = Tinggi
A73: =RANDBETWEEN(2,164) -> 101 | B73: {=INDEX(Data_DBD!$B:$B,$A73)} -> 42 | C73: {=INDEX(Data_DBD!$C:$C,$A73)} -> 5 | D73: {=INDEX(Data_DBD!$D:$D,$A73)} -> 18 | E73: {=INDEX(Data_DBD!$E:$E,$A73)} -> 0 | F73: {=INDEX(Data_DBD!$F:$F,$A73)} -> Sedang | H73: 84 | I73: 42 | J73: 4 | K73: 13 | L73: 1 | M73: Sedang | U73: Rule 1.3
A74: =RANDBETWEEN(2,164) -> 115 | B74: {=INDEX(Data_DBD!$B:$B,$A74)} -> 52 | C74: {=INDEX(Data_DBD!$C:$C,$A74)} -> 3 | D74: {=INDEX(Data_DBD!$D:$D,$A74)} -> 33 | E74: {=INDEX(Data_DBD!$E:$E,$A74)} -> 1 | F74: {=INDEX(Data_DBD!$F:$F,$A74)} -> Tinggi | H74: 33 | I74: 19 | J74: 4 | K74: 14 | L74: 1 | M74: Sedang | U74: IF Jumlah Kasus Per Bulan > 28,4 THEN Risiko = Tinggi
A75: =RANDBETWEEN(2,164) -> 128 | B75: {=INDEX(Data_DBD!$B:$B,$A75)} -> 38 | C75: {=INDEX(Data_DBD!$C:$C,$A75)} -> 2 | D75: {=INDEX(Data_DBD!$D:$D,$A75)} -> 33 | E75: {=INDEX(Data_DBD!$E:$E,$A75)} -> 0 | F75: {=INDEX(Data_DBD!$F:$F,$A75)} -> Tinggi | H75: 114 | I75: 14 | J75: 2 | K75: 33 | L75: 1 | M75: Tinggi
A76: =RANDBETWEEN(2,164) -> 42 | B76: {=INDEX(Data_DBD!$B:$B,$A76)} -> 21 | C76: {=INDEX(Data_DBD!$C:$C,$A76)} -> 5 | D76: {=INDEX(Data_DBD!$D:$D,$A76)} -> 13 | E76: {=INDEX(Data_DBD!$E:$E,$A76)} -> 1 | F76: {=INDEX(Data_DBD!$F:$F,$A76)} -> Sedang | H76: 77 | I76: 16 | J76: 4 | K76: 13 | L76: 1 | M76: Sedang
A77: =RANDBETWEEN(2,164) -> 77 | B77: {=INDEX(Data_DBD!$B:$B,$A77)} -> 16 | C77: {=INDEX(Data_DBD!$C:$C,$A77)} -> 4 | D77: {=INDEX(Data_DBD!$D:$D,$A77)} -> 13 | E77: {=INDEX(Data_DBD!$E:$E,$A77)} -> 1 | F77: {=INDEX(Data_DBD!$F:$F,$A77)} -> Sedang | H77: 114 | I77: 14 | J77: 2 | K77: 33 | L77: 1 | M77: Tinggi
A78: =RANDBETWEEN(2,164) -> 109 | B78: {=INDEX(Data_DBD!$B:$B,$A78)} -> 40 | C78: {=INDEX(Data_DBD!$C:$C,$A78)} -> 3 | D78: {=INDEX(Data_DBD!$D:$D,$A78)} -> 33 | E78: {=INDEX(Data_DBD!$E:$E,$A78)} -> 1 | F78: {=INDEX(Data_DBD!$F:$F,$A78)} -> Tinggi | H78: 102 | I78: 41 | J78: 4 | K78: 18 | L78: 0 | M78: Sedang
A79: =RANDBETWEEN(2,164) -> 79 | B79: {=INDEX(Data_DBD!$B:$B,$A79)} -> 29 | C79: {=INDEX(Data_DBD!$C:$C,$A79)} -> 3 | D79: {=INDEX(Data_DBD!$D:$D,$A79)} -> 13 | E79: {=INDEX(Data_DBD!$E:$E,$A79)} -> 0 | F79: {=INDEX(Data_DBD!$F:$F,$A79)} -> Sedang | H79: 3 | I79: 43 | J79: 3 | K79: 12 | L79: 1 | M79: Sedang
A80: =RANDBETWEEN(2,164) -> 10 | B80: {=INDEX(Data_DBD!$B:$B,$A80)} -> 18 | C80: {=INDEX(Data_DBD!$C:$C,$A80)} -> 5 | D80: {=INDEX(Data_DBD!$D:$D,$A80)} -> 12 | E80: {=INDEX(Data_DBD!$E:$E,$A80)} -> 0 | F80: {=INDEX(Data_DBD!$F:$F,$A80)} -> Sedang | H80: 72 | I80: 3 | J80: 5 | K80: 10 | L80: 1 | M80: Rendah
A81: =RANDBETWEEN(2,164) -> 23 | B81: {=INDEX(Data_DBD!$B:$B,$A81)} -> 28 | C81: {=INDEX(Data_DBD!$C:$C,$A81)} -> 4 | D81: {=INDEX(Data_DBD!$D:$D,$A81)} -> 14 | E81: {=INDEX(Data_DBD!$E:$E,$A81)} -> 1 | F81: {=INDEX(Data_DBD!$F:$F,$A81)} -> Sedang | H81: 92 | I81: 55 | J81: 7 | K81: 18 | L81: 0 | M81: Sedang
A82: =RANDBETWEEN(2,164) -> 54 | B82: {=INDEX(Data_DBD!$B:$B,$A82)} -> 7 | C82: {=INDEX(Data_DBD!$C:$C,$A82)} -> 3 | D82: {=INDEX(Data_DBD!$D:$D,$A82)} -> 15 | E82: {=INDEX(Data_DBD!$E:$E,$A82)} -> 0 | F82: {=INDEX(Data_DBD!$F:$F,$A82)} -> Sedang | H82: 65 | I82: 49 | J82: 3 | K82: 15 | L82: 0 | M82: Sedang
A83: =RANDBETWEEN(2,164) -> 124 | B83: {=INDEX(Data_DBD!$B:$B,$A83)} -> 24 | C83: {=INDEX(Data_DBD!$C:$C,$A83)} -> 3 | D83: {=INDEX(Data_DBD!$D:$D,$A83)} -> 33 | E83: {=INDEX(Data_DBD!$E:$E,$A83)} -> 1 | F83: {=INDEX(Data_DBD!$F:$F,$A83)} -> Tinggi | H83: 90 | I83: 47 | J83: 3 | K83: 18 | L83: 0 | M83: Sedang
A84: =RANDBETWEEN(2,164) -> 100 | B84: {=INDEX(Data_DBD!$B:$B,$A84)} -> 19 | C84: {=INDEX(Data_DBD!$C:$C,$A84)} -> 6 | D84: {=INDEX(Data_DBD!$D:$D,$A84)} -> 18 | E84: {=INDEX(Data_DBD!$E:$E,$A84)} -> 0 | F84: {=INDEX(Data_DBD!$F:$F,$A84)} -> Sedang | H84: 93 | I84: 65 | J84: 4 | K84: 18 | L84: 0 | M84: Sedang
A85: =RANDBETWEEN(2,164) -> 48 | B85: {=INDEX(Data_DBD!$B:$B,$A85)} -> 50 | C85: {=INDEX(Data_DBD!$C:$C,$A85)} -> 5 | D85: {=INDEX(Data_DBD!$D:$D,$A85)} -> 13 | E85: {=INDEX(Data_DBD!$E:$E,$A85)} -> 1 | F85: {=INDEX(Data_DBD!$F:$F,$A85)} -> Sedang | H85: 16 | I85: 66 | J85: 5 | K85: 7 | L85: 1 | M85: Rendah
A86: =RANDBETWEEN(2,164) -> 16 | B86: {=INDEX(Data_DBD!$B:$B,$A86)} -> 66 | C86: {=INDEX(Data_DBD!$C:$C,$A86)} -> 5 | D86: {=INDEX(Data_DBD!$D:$D,$A86)} -> 7 | E86: {=INDEX(Data_DBD!$E:$E,$A86)} -> 1 | F86: {=INDEX(Data_DBD!$F:$F,$A86)} -> Rendah | H86: 146 | I86: 34 | J86: 2 | K86: 21 | L86: 1 | M86: Tinggi
... A164: =RANDBETWEEN(2,164) -> 55 | B164: {=INDEX(Data_DBD!$B:$B,$A164)} -> 7 | C164: {=INDEX(Data_DBD!$C:$C,$A164)} -> 4 | D164: {=INDEX(Data_DBD!$D:$D,$A164)} -> 15 | E164: {=INDEX(Data_DBD!$E:$E,$A164)} -> 1 | F164: {=INDEX(Data_DBD!$F:$F,$A164)} -> Sedang | H164: 69 | I164: 24 | J164: 4 | K164: 10 | L164: 1 | M164: Rendah
I165: =AVERAGE(I2:I164) -> 34.558282 | J165: =AVERAGE(J2:J164) -> 3.607362 | K165: =AVERAGE(K2:K164) -> 18.269939 | L165: =AVERAGE(L2:L164) -> 0.53374233
B167: 2
E168: USIA | J168: LAMA RAWAT INAP | O168: JUMLAH KASUS PER BULAN | T168: JENIS KELAMIN
E169: Usia | F169: =AVERAGEIF($I$2:$I$164,"<="&$I$165) -> 17.967033 | G169: =AVERAGEIF($I$2:$I$164,">"&$I$165) -> 55.527778 | J169: Lama rawat inap | K169: =AVERAGEIF($J$2:$J$164,"<="&$J$165) -> 2.6582278 | L169: =AVERAGEIF($J$2:$J$164,">"&$J$165) -> 4.5 | O169: Jumlah kasus perbulan | P169: =AVERAGEIF($K$2:$K$164,"<="&$K$165) -> 13.354545 | Q169: =AVERAGEIF($K$2:$K$164,">"&$K$165) -> 28.471698 | T169: Jenis kelamin | U169: =AVERAGEIF($L$2:$L$164,"<="&$L$165) -> 0 | V169: =AVERAGEIF($L$2:$L$164,">"&$L$165) -> 1
E170: {=IF($I$2:$I$164<$F$169,"kiri",IF($I$2:$I$164<$G$169,"tengah","kanan"))} -> tengah | F170: Kanan > 55.5 | J170: {=IF($J$2:$J$164<$K$169,"kiri",IF($J$2:$J$164<$L$169,"tengah","kanan"))} -> kanan | K170: Kanan > 4.5 | O170: {=IF($K$2:$K$164<$P$169,"kiri",IF($K$2:$K$164<$Q$169,"tengah","kanan"))} -> kiri | P170: Kanan > 28.4 | T170: {=IF($L$2:$L$164<$U$169,"kiri",IF($L$2:$L$164<$V$169,"tengah","kanan"))} -> kanan | U170: Kanan > 1
E171: tengah | F171: =COUNTIFS($E$170:$E$332,"Kanan",$M$2:$M$164,"Tinggi") -> 11 | G171: =F171/32 -> 0.34375 | J171: kiri | K171: =COUNTIFS($J$170:$J$332,"Kanan",$M$2:$M$164,"Tinggi") -> 6 | L171: =K171/27 -> 0.22222222 | O171: kiri | P171: =COUNTIFS($O$170:$O$332,"Kanan",$M$2:$M$164,"Tinggi") -> 33 | Q171: =P171/33 -> 1 | T171: tengah | U171: =COUNTIFS($T$170:$T$332,"Kanan",$M$2:$M$164,"Tinggi") -> 34 | V171: =U171/87 -> 0.3908046
E172: tengah | F172: =COUNTIFS($E$170:$E$332,"Kanan",$M$2:$M$164,"Sedang") -> 17 | G172: =F172/32 -> 0.53125 | J172: tengah | K172: =COUNTIFS($J$170:$J$332,"Kanan",$M$2:$M$164,"Sedang") -> 18 | L172: =K172/27 -> 0.66666667 | O172: kanan | P172: =COUNTIFS($O$170:$O$332,"Kanan",$M$2:$M$164,"Sedang") -> 0 | Q172: =P172/27 -> 0 | T172: tengah | U172: =COUNTIFS($T$170:$T$332,"Kanan",$M$2:$M$164,"Sedang") -> 43 | V172: =U172/87 -> 0.49425287
E173: kanan | F173: =COUNTIFS($E$170:$E$332,"Kanan",$M$2:$M$164,"Rendah") -> 4 | G173: =F173/32 -> 0.125 | J173: tengah | K173: =COUNTIFS($J$170:$J$332,"Kanan",$M$2:$M$164,"Rendah") -> 3 | L173: =K173/27 -> 0.11111111 | O173: tengah | P173: =COUNTIFS($O$170:$O$332,"Kanan",$M$2:$M$164,"Rendah") -> 0 | Q173: =P173/27 -> 0 | T173: kanan | U173: =COUNTIFS($T$170:$T$332,"Kanan",$M$2:$M$164,"Rendah") -> 10 | V173: =U173/87 -> 0.11494253
E174: tengah | F174: Entropy | G174: =-(IFERROR(G171*LOG(G171,2),0)+IFERROR(G172*LOG(G172,2),0)+IFERROR(G173*LOG(G173,2),0)) -> 1.3893557 | J174: tengah | K174: Entropy | L174: =-(IFERROR(L171*LOG(L171,2),0)+IFERROR(L172*LOG(L172,2),0)+IFERROR(L173*LOG(L173,2),0)) -> 1.2243944 | O174: kanan | P174: Entropy | Q174: =-(IFERROR(Q171*LOG(Q171,2),0)+IFERROR(Q172*LOG(Q172,2),0)+IFERROR(Q173*LOG(Q173,2),0)) -> 0 | T174: tengah | U174: Entropy | V174: =-(IFERROR(V171*LOG(V171,2),0)+IFERROR(V172*LOG(V172,2),0)+IFERROR(V173*LOG(V173,2),0)) -> 1.3909619
E175: kiri | G175: =SUM(F171:F173)/163 -> 0.19631902 | J175: kiri | L175: =SUM(K171:K173)/163 -> 0.16564417 | O175: tengah | Q175: =SUM(P171:P173)/163 -> 0.20245399 | T175: tengah | V175: =SUM(U171:U173)/163 -> 0.53374233
E176: tengah | G176: =G174*G175 -> 0.27275696 | J176: kiri | L176: =L174*L175 -> 0.2028138 | O176: tengah | Q176: =Q174*Q175 -> 0 | T176: tengah | V176: =V174*V175 -> 0.74241523
E177: kiri | J177: tengah | O177: tengah | T177: tengah
E178: tengah | J178: tengah | O178: kiri | T178: kanan
E179: kiri | F179: Kiri<17.96 | J179: tengah | K179: Kiri<2.65 | O179: kiri | P179: Kiri<13.35 | T179: tengah | U179: Kiri<0
E180: kanan | F180: =COUNTIFS($E$170:$E$332,"Kiri",$M$2:$M$164,"Tinggi") -> 14 | G180: =F180/41 -> 0.34146341 | J180: kanan | K180: =COUNTIFS($J$170:$J$332,"Kiri",$M$2:$M$164,"Tinggi") -> 14 | L180: =K180/25 -> 0.56 | O180: kanan | P180: =COUNTIFS($O$170:$O$332,"Kiri",$M$2:$M$164,"Tinggi") -> 0 | Q180: =P180/57 -> 0 | T180: kanan | U180: =COUNTIFS($T$170:$T$332,"Kiri",$M$2:$M$164,"Tinggi") -> 0 | V180: =U180/57 -> 0
E181: kiri | F181: =COUNTIFS($E$170:$E$332,"Kiri",$M$2:$M$164,"Sedang") -> 23 | G181: =F181/41 -> 0.56097561 | J181: tengah | K181: =COUNTIFS($J$170:$J$332,"Kiri",$M$2:$M$164,"Sedang") -> 6 | L181: =K181/25 -> 0.24 | O181: kanan | P181: =COUNTIFS($O$170:$O$332,"Kiri",$M$2:$M$164,"Sedang") -> 40 | Q181: =P181/57 -> 0.70175439 | T181: kanan | U181: =COUNTIFS($T$170:$T$332,"Kiri",$M$2:$M$164,"Sedang") -> 0 | V181: =U181/57 -> 0
E182: tengah | F182: =COUNTIFS($E$170:$E$332,"Kiri",$M$2:$M$164,"Rendah") -> 4 | G182: =F182/41 -> 0.097560976 | J182: tengah | K182: =COUNTIFS($J$170:$J$332,"Kiri",$M$2:$M$164,"Rendah") -> 5 | L182: =K182/25 -> 0.2 | O182: kanan | P182: =COUNTIFS($O$170:$O$332,"Kiri",$M$2:$M$164,"Rendah") -> 17 | Q182: =P182/57 -> 0.29824561 | T182: kanan | U182: =COUNTIFS($T$170:$T$332,"Kiri",$M$2:$M$164,"Rendah") -> 0 | V182: =U182/57 -> 0
E183: tengah | F183: Entropy | G183: =-(IFERROR(G180*LOG(G180,2),0)+IFERROR(G181*LOG(G181,2),0)+IFERROR(G182*LOG(G182,2),0)) -> 1.3247497 | J183: kanan | K183: Entropy | L183: =-(IFERROR(L180*LOG(L180,2),0)+IFERROR(L181*LOG(L181,2),0)+IFERROR(L182*LOG(L182,2),0)) -> 1.4269608 | O183: kiri | P183: Entropy | Q183: =-(IFERROR(Q180*LOG(Q180,2),0)+IFERROR(Q181*LOG(Q181,2),0)+IFERROR(Q182*LOG(Q182,2),0)) -> 0.87913577 | T183: tengah | U183: Entropy | V183: =-(IFERROR(V180*LOG(V180,2),0)+IFERROR(V181*LOG(V181,2),0)+IFERROR(V182*LOG(V182,2),0)) -> 0
E184: kanan | G184: =SUM(F180:F182)/163 -> 0.25153374 | J184: tengah | L184: =SUM(K180:K182)/163 -> 0.15337423 | O184: kiri | Q184: =SUM(P180:P182)/163 -> 0.34969325 | T184: tengah | V184: =SUM(U180:U182)/163 -> 0
E185: tengah | G185: =G183*G184 -> 0.33321925 | J185: kiri | L185: =L183*L184 -> 0.21885902 | O185: kanan | Q185: =Q183*Q184 -> 0.30742784 | T185: tengah | V185: =V183*V184 -> 0
E186: kanan | J186: kanan | O186: tengah | T186: kanan
E187: tengah | J187: kiri | O187: kiri | T187: tengah
E188: tengah | F188: Tengah | J188: tengah | K188: Tengah | O188: tengah | P188: Tengah | T188: tengah | U188: Tengah
E189: tengah | F189: =COUNTIFS($E$170:$E$332,"Tengah",$M$2:$M$164,"Tinggi") -> 28 | G189: =F189/90 -> 0.31111111 | J189: tengah | K189: =COUNTIFS($J$170:$J$332,"Tengah",$M$2:$M$164,"Tinggi") -> 33 | L189: =K189/111 -> 0.2972973 | O189: kiri | P189: =COUNTIFS($O$170:$O$332,"Tengah",$M$2:$M$164,"Tinggi") -> 20 | Q189: =P189/73 -> 0.2739726 | T189: kanan | U189: =COUNTIFS($T$170:$T$332,"Tengah",$M$2:$M$164,"Tinggi") -> 19 | V189: =U189/76 -> 0.25
E190: tengah | F190: =COUNTIFS($E$170:$E$332,"Tengah",$M$2:$M$164,"Sedang") -> 53 | G190: =F190/90 -> 0.58888889 | J190: tengah | K190: =COUNTIFS($J$170:$J$332,"Tengah",$M$2:$M$164,"Sedang") -> 69 | L190: =K190/111 -> 0.62162162 | O190: tengah | P190: =COUNTIFS($O$170:$O$332,"Tengah",$M$2:$M$164,"Sedang") -> 53 | Q190: =P190/73 -> 0.7260274 | T190: kanan | U190: =COUNTIFS($T$170:$T$332,"Tengah",$M$2:$M$164,"Sedang") -> 50 | V190: =U190/76 -> 0.65789474
E191: kanan | F191: =COUNTIFS($E$170:$E$332,"Tengah",$M$2:$M$164,"Rendah") -> 9 | G191: =F191/90 -> 0.1 | J191: tengah | K191: =COUNTIFS($J$170:$J$332,"Tengah",$M$2:$M$164,"Rendah") -> 9 | L191: =K191/111 -> 0.081081081 | O191: tengah | P191: =COUNTIFS($O$170:$O$332,"Tengah",$M$2:$M$164,"Rendah") -> 0 | Q191: =P191/73 -> 0 | T191: tengah | U191: =COUNTIFS($T$170:$T$332,"Tengah",$M$2:$M$164,"Rendah") -> 7 | V191: =U191/76 -> 0.092105263
E192: kiri | F192: Entropy | G192: =-(IFERROR(G189*LOG(G189,2),0)+IFERROR(G190*LOG(G190,2),0)+IFERROR(G191*LOG(G191,2),0)) -> 1.3061304 | J192: tengah | K192: Entropy | L192: =-(IFERROR(L189*LOG(L189,2),0)+IFERROR(L190*LOG(L190,2),0)+IFERROR(L191*LOG(L191,2),0)) -> 1.2405193 | O192: kiri | P192: Entropy | Q192: =-(IFERROR(Q189*LOG(Q189,2),0)+IFERROR(Q190*LOG(Q190,2),0)+IFERROR(Q191*LOG(Q191,2),0)) -> 0.84710749 | T192: tengah | U192: Entropy | V192: =-(IFERROR(V189*LOG(V189,2),0)+IFERROR(V190*LOG(V190,2),0)+IFERROR(V191*LOG(V191,2),0)) -> 1.2143102
E193: tengah | G193: =SUM(F189:F191)/163 -> 0.55214724 | J193: kiri | L193: =SUM(K189:K191)/163 -> 0.6809816 | O193: kanan | Q193: =SUM(P189:P191)/163 -> 0.44785276 | T193: tengah | V193: =SUM(U189:U191)/163 -> 0.46625767
E194: kanan | G194: =G192*G193 -> 0.72117627 | J194: tengah | L194: =L192*L193 -> 0.84477081 | O194: tengah | Q194: =Q192*Q193 -> 0.37937943 | T194: kanan | V194: =V192*V193 -> 0.56618144
E195: tengah | J195: tengah | O195: tengah | T195: tengah
E196: kiri | F196: IG | J196: tengah | K196: IG | O196: tengah | P196: IG | T196: tengah | U196: IG
E197: tengah | F197: =P5-(G176+G185+G194) -> 0.0018921066 | J197: kanan | K197: =P5-(L176+L185+L194) -> 0.062600946 | O197: tengah | P197: =P5-(Q176+Q185+Q194) -> 0.64223731 | T197: tengah | U197: =P5-(V176+V185+V194) -> 0.020447919
E198: tengah | J198: tengah | O198: tengah | T198: kanan
E199: kanan | J199: kanan | O199: kanan | T199: kanan
E200: kiri | J200: tengah | O200: tengah | T200: tengah
E201: kiri | J201: kanan | O201: tengah | T201: kanan
E202: tengah | J202: tengah | O202: tengah | T202: kanan
E203: tengah | J203: tengah | O203: kiri | T203: kanan
E204: tengah | J204: tengah | O204: kiri | T204: tengah
E205: tengah | J205: tengah | O205: tengah | T205: kanan
E206: kiri | J206: kanan | O206: kiri | T206: tengah
E207: kiri | J207: tengah | O207: tengah | T207: tengah
E208: kanan | J208: tengah | O208: tengah | T208: kanan
E209: kiri | J209: kiri | O209: kanan | T209: tengah
... E332: tengah | J332: tengah | O332: kiri | T332: kanan

Sheet Pohon 2
A1: No | B1: Usia | C1: Lama Rawat Inap | D1: Jenis Kelamin | E1: Tingkat Resiko | H1: No | I1: Usia | J1: Lama Rawat Inap | K1: Jenis Kelamin | L1: Tingkat Resiko | O1: Perhitungan root
A2: =RANDBETWEEN(2,164) -> 160 | B2: {=INDEX(Data_DBD!$B:$B,$A2)} -> 16 | C2: {=INDEX(Data_DBD!$C:$C,$A2)} -> 3 | D2: {=INDEX(Data_DBD!$E:$E,$A2)} -> 0 | E2: {=INDEX(Data_DBD!$F:$F,$A2)} -> Tinggi | H2: 95 | I2: 11 | J2: 3 | K2: 1 | L2: Tinggi | O2: Tinggi | P2: =COUNTIF(L2:L164,"Tinggi") -> 65 | Q2: =P2/163 -> 0.39877301
A3: =RANDBETWEEN(2,164) -> 119 | B3: {=INDEX(Data_DBD!$B:$B,$A3)} -> 30 | C3: {=INDEX(Data_DBD!$C:$C,$A3)} -> 7 | D3: {=INDEX(Data_DBD!$E:$E,$A3)} -> 0 | E3: {=INDEX(Data_DBD!$F:$F,$A3)} -> Tinggi | H3: 12 | I3: 23 | J3: 3 | K3: 0 | L3: Sedang | O3: Sedang | P3: =COUNTIF(L2:L164,"Sedang") -> 83 | Q3: =P3/163 -> 0.50920245
A4: =RANDBETWEEN(2,164) -> 144 | B4: {=INDEX(Data_DBD!$B:$B,$A4)} -> 61 | C4: {=INDEX(Data_DBD!$C:$C,$A4)} -> 4 | D4: {=INDEX(Data_DBD!$E:$E,$A4)} -> 1 | E4: {=INDEX(Data_DBD!$F:$F,$A4)} -> Tinggi | H4: 30 | I4: 3 | J4: 2 | K4: 1 | L4: Sedang | O4: Rendah | P4: =COUNTIF(L2:L164,"Rendah") -> 15 | Q4: =P4/163 -> 0.09202454
A5: =RANDBETWEEN(2,164) -> 57 | B5: {=INDEX(Data_DBD!$B:$B,$A5)} -> 2 | C5: {=INDEX(Data_DBD!$C:$C,$A5)} -> 2 | D5: {=INDEX(Data_DBD!$E:$E,$A5)} -> 1 | E5: {=INDEX(Data_DBD!$F:$F,$A5)} -> Sedang | H5: 76 | I5: 70 | J5: 2 | K5: 0 | L5: Sedang | O5: Entropy Root | P5: =-(IFERROR(Q2*LOG(Q2,2),0)+IFERROR(Q3*LOG(Q3,2),0)+IFERROR(Q4*LOG(Q4,2),0)) -> 1.3414549
A6: =RANDBETWEEN(2,164) -> 114 | B6: {=INDEX(Data_DBD!$B:$B,$A6)} -> 14 | C6: {=INDEX(Data_DBD!$C:$C,$A6)} -> 2 | D6: {=INDEX(Data_DBD!$E:$E,$A6)} -> 1 | E6: {=INDEX(Data_DBD!$F:$F,$A6)} -> Tinggi | H6: 85 | I6: 27 | J6: 9 | K6: 0 | L6: Sedang
A7: =RANDBETWEEN(2,164) -> 137 | B7: {=INDEX(Data_DBD!$B:$B,$A7)} -> 3 | C7: {=INDEX(Data_DBD!$C:$C,$A7)} -> 1 | D7: {=INDEX(Data_DBD!$E:$E,$A7)} -> 1 | E7: {=INDEX(Data_DBD!$F:$F,$A7)} -> Tinggi | H7: 55 | I7: 7 | J7: 4 | K7: 1 | L7: Sedang
A8: =RANDBETWEEN(2,164) -> 55 | B8: {=INDEX(Data_DBD!$B:$B,$A8)} -> 7 | C8: {=INDEX(Data_DBD!$C:$C,$A8)} -> 4 | D8: {=INDEX(Data_DBD!$E:$E,$A8)} -> 1 | E8: {=INDEX(Data_DBD!$F:$F,$A8)} -> Sedang | H8: 51 | I8: 48 | J8: 4 | K8: 0 | L8: Sedang
A9: =RANDBETWEEN(2,164) -> 115 | B9: {=INDEX(Data_DBD!$B:$B,$A9)} -> 52 | C9: {=INDEX(Data_DBD!$C:$C,$A9)} -> 3 | D9: {=INDEX(Data_DBD!$E:$E,$A9)} -> 1 | E9: {=INDEX(Data_DBD!$F:$F,$A9)} -> Tinggi | H9: 108 | I9: 69 | J9: 7 | K9: 1 | L9: Tinggi
A10: =RANDBETWEEN(2,164) -> 58 | B10: {=INDEX(Data_DBD!$B:$B,$A10)} -> 17 | C10: {=INDEX(Data_DBD!$C:$C,$A10)} -> 3 | D10: {=INDEX(Data_DBD!$E:$E,$A10)} -> 0 | E10: {=INDEX(Data_DBD!$F:$F,$A10)} -> Sedang | H10: 72 | I10: 3 | J10: 5 | K10: 1 | L10: Sedang
A11: =RANDBETWEEN(2,164) -> 68 | B11: {=INDEX(Data_DBD!$B:$B,$A11)} -> 44 | C11: {=INDEX(Data_DBD!$C:$C,$A11)} -> 5 | D11: {=INDEX(Data_DBD!$E:$E,$A11)} -> 0 | E11: {=INDEX(Data_DBD!$F:$F,$A11)} -> Rendah | H11: 147 | I11: 66 | J11: 10 | K11: 1 | L11: Tinggi
A12: =RANDBETWEEN(2,164) -> 149 | B12: {=INDEX(Data_DBD!$B:$B,$A12)} -> 19 | C12: {=INDEX(Data_DBD!$C:$C,$A12)} -> 5 | D12: {=INDEX(Data_DBD!$E:$E,$A12)} -> 0 | E12: {=INDEX(Data_DBD!$F:$F,$A12)} -> Tinggi | H12: 69 | I12: 24 | J12: 4 | K12: 1 | L12: Sedang
A13: =RANDBETWEEN(2,164) -> 148 | B13: {=INDEX(Data_DBD!$B:$B,$A13)} -> 55 | C13: {=INDEX(Data_DBD!$C:$C,$A13)} -> 3 | D13: {=INDEX(Data_DBD!$E:$E,$A13)} -> 1 | E13: {=INDEX(Data_DBD!$F:$F,$A13)} -> Tinggi | H13: 4 | I13: 23 | J13: 5 | K13: 0 | L13: Sedang
A14: =RANDBETWEEN(2,164) -> 150 | B14: {=INDEX(Data_DBD!$B:$B,$A14)} -> 61 | C14: {=INDEX(Data_DBD!$C:$C,$A14)} -> 5 | D14: {=INDEX(Data_DBD!$E:$E,$A14)} -> 1 | E14: {=INDEX(Data_DBD!$F:$F,$A14)} -> Tinggi | H14: 6 | I14: 14 | J14: 4 | K14: 0 | L14: Sedang
A15: =RANDBETWEEN(2,164) -> 51 | B15: {=INDEX(Data_DBD!$B:$B,$A15)} -> 48 | C15: {=INDEX(Data_DBD!$C:$C,$A15)} -> 4 | D15: {=INDEX(Data_DBD!$E:$E,$A15)} -> 0 | E15: {=INDEX(Data_DBD!$F:$F,$A15)} -> Sedang | H15: 13 | I15: 47 | J15: 2 | K15: 0 | L15: Sedang
A16: =RANDBETWEEN(2,164) -> 88 | B16: {=INDEX(Data_DBD!$B:$B,$A16)} -> 20 | C16: {=INDEX(Data_DBD!$C:$C,$A16)} -> 4 | D16: {=INDEX(Data_DBD!$E:$E,$A16)} -> 1 | E16: {=INDEX(Data_DBD!$F:$F,$A16)} -> Sedang | H16: 142 | I16: 39 | J16: 2 | K16: 1 | L16: Tinggi
A17: =RANDBETWEEN(2,164) -> 16 | B17: {=INDEX(Data_DBD!$B:$B,$A17)} -> 66 | C17: {=INDEX(Data_DBD!$C:$C,$A17)} -> 5 | D17: {=INDEX(Data_DBD!$E:$E,$A17)} -> 1 | E17: {=INDEX(Data_DBD!$F:$F,$A17)} -> Rendah | H17: 159 | I17: 17 | J17: 2 | K17: 0 | L17: Tinggi
... A153: =RANDBETWEEN(2,164) -> 147 | B153: {=INDEX(Data_DBD!$B:$B,$A153)} -> 66 | C153: {=INDEX(Data_DBD!$C:$C,$A153)} -> 10 | D153: {=INDEX(Data_DBD!$E:$E,$A153)} -> 1 | E153: {=INDEX(Data_DBD!$F:$F,$A153)} -> Tinggi | H153: 35 | I153: 40 | J153: 3 | K153: 1 | L153: Rendah
A154: =RANDBETWEEN(2,164) -> 118 | B154: {=INDEX(Data_DBD!$B:$B,$A154)} -> 67 | C154: {=INDEX(Data_DBD!$C:$C,$A154)} -> 4 | D154: {=INDEX(Data_DBD!$E:$E,$A154)} -> 1 | E154: {=INDEX(Data_DBD!$F:$F,$A154)} -> Tinggi | H154: 161 | I154: 12 | J154: 3 | K154: 1 | L154: Tinggi | V154: Pohon 2:
A155: =RANDBETWEEN(2,164) -> 117 | B155: {=INDEX(Data_DBD!$B:$B,$A155)} -> 49 | C155: {=INDEX(Data_DBD!$C:$C,$A155)} -> 4 | D155: {=INDEX(Data_DBD!$E:$E,$A155)} -> 1 | E155: {=INDEX(Data_DBD!$F:$F,$A155)} -> Tinggi | H155: 31 | I155: 64 | J155: 4 | K155: 1 | L155: Sedang | V155: Rule 1.1
A156: =RANDBETWEEN(2,164) -> 136 | B156: {=INDEX(Data_DBD!$B:$B,$A156)} -> 6 | C156: {=INDEX(Data_DBD!$C:$C,$A156)} -> 2 | D156: {=INDEX(Data_DBD!$E:$E,$A156)} -> 0 | E156: {=INDEX(Data_DBD!$F:$F,$A156)} -> Tinggi | H156: 144 | I156: 61 | J156: 4 | K156: 1 | L156: Tinggi | V156: IF Usia < 16,61
A157: =RANDBETWEEN(2,164) -> 154 | B157: {=INDEX(Data_DBD!$B:$B,$A157)} -> 18 | C157: {=INDEX(Data_DBD!$C:$C,$A157)} -> 5 | D157: {=INDEX(Data_DBD!$E:$E,$A157)} -> 1 | E157: {=INDEX(Data_DBD!$F:$F,$A157)} -> Tinggi | H157: 77 | I157: 16 | J157: 4 | K157: 1 | L157: Sedang | V157: THEN Kategori Usia = Anak-anak
A158: =RANDBETWEEN(2,164) -> 104 | B158: {=INDEX(Data_DBD!$B:$B,$A158)} -> 37 | C158: {=INDEX(Data_DBD!$C:$C,$A158)} -> 4 | D158: {=INDEX(Data_DBD!$E:$E,$A158)} -> 1 | E158: {=INDEX(Data_DBD!$F:$F,$A158)} -> Sedang | H158: 79 | I158: 29 | J158: 3 | K158: 0 | L158: Sedang | V158: Rule 1.2
A159: =RANDBETWEEN(2,164) -> 22 | B159: {=INDEX(Data_DBD!$B:$B,$A159)} -> 6 | C159: {=INDEX(Data_DBD!$C:$C,$A159)} -> 3 | D159: {=INDEX(Data_DBD!$E:$E,$A159)} -> 0 | E159: {=INDEX(Data_DBD!$F:$F,$A159)} -> Sedang | H159: 103 | I159: 22 | J159: 5 | K159: 0 | L159: Tinggi | V159: IF Usia ≤ 16,61 AND Usia > 54,4
A160: =RANDBETWEEN(2,164) -> 111 | B160: {=INDEX(Data_DBD!$B:$B,$A160)} -> 25 | C160: {=INDEX(Data_DBD!$C:$C,$A160)} -> 4 | D160: {=INDEX(Data_DBD!$E:$E,$A160)} -> 0 | E160: {=INDEX(Data_DBD!$F:$F,$A160)} -> Tinggi | H160: 94 | I160: 12 | J160: 4 | K160: 0 | L160: Tinggi | V160: THEN Kategori Usia = Anak-anak
A161: =RANDBETWEEN(2,164) -> 84 | B161: {=INDEX(Data_DBD!$B:$B,$A161)} -> 42 | C161: {=INDEX(Data_DBD!$C:$C,$A161)} -> 4 | D161: {=INDEX(Data_DBD!$E:$E,$A161)} -> 1 | E161: {=INDEX(Data_DBD!$F:$F,$A161)} -> Sedang | H161: 81 | I161: 23 | J161: 5 | K161: 1 | L161: Sedang | V161: Rule 1.3
A162: =RANDBETWEEN(2,164) -> 155 | B162: {=INDEX(Data_DBD!$B:$B,$A162)} -> 19 | C162: {=INDEX(Data_DBD!$C:$C,$A162)} -> 5 | D162: {=INDEX(Data_DBD!$E:$E,$A162)} -> 1 | E162: {=INDEX(Data_DBD!$F:$F,$A162)} -> Tinggi | H162: 17 | I162: 2 | J162: 3 | K162: 0 | L162: Rendah | V162: IF Usia > 54,4 THEN Kategori Usia = Anak-anak
A163: =RANDBETWEEN(2,164) -> 51 | B163: {=INDEX(Data_DBD!$B:$B,$A163)} -> 48 | C163: {=INDEX(Data_DBD!$C:$C,$A163)} -> 4 | D163: {=INDEX(Data_DBD!$E:$E,$A163)} -> 0 | E163: {=INDEX(Data_DBD!$F:$F,$A163)} -> Sedang | H163: 2 | I163: 34 | J163: 3 | K163: 0 | L163: Sedang
A164: =RANDBETWEEN(2,164) -> 117 | B164: {=INDEX(Data_DBD!$B:$B,$A164)} -> 49 | C164: {=INDEX(Data_DBD!$C:$C,$A164)} -> 4 | D164: {=INDEX(Data_DBD!$E:$E,$A164)} -> 1 | E164: {=INDEX(Data_DBD!$F:$F,$A164)} -> Tinggi | H164: 138 | I164: 13 | J164: 3 | K164: 1 | L164: Tinggi
I165: =AVERAGE(I2:I164) -> 31.484663 | J165: =AVERAGE(J2:J164) -> 3.595092 | K165: =AVERAGE(K2:K164) -> 0.52147239
B167: 2
E168: USIA | J168: LAMA RAWAT INAP | T168: JENIS KELAMIN
E169: Usia | F169: =AVERAGEIF($I$2:$I$164,"<="&$I$165) -> 16.616162 | G169: =AVERAGEIF($I$2:$I$164,">"&$I$165) -> 54.484375 | J169: Lama rawat inap | K169: =AVERAGEIF($J$2:$J$164,"<="&$J$165) -> 2.6136364 | L169: =AVERAGEIF($J$2:$J$164,">"&$J$165) -> 4.7466667 | T169: Jenis kelamin | U169: =AVERAGEIF($K$2:$K$164,"<="&$K$165) -> 0 | V169: =AVERAGEIF($K$2:$K$164,">"&$K$165) -> 1
E170: {=IF($I$2:$I$164<$F$169,"kiri",IF($I$2:$I$164<$G$169,"tengah","kanan"))} -> kiri | F170: Kanan > 54.4 | J170: {=IF($J$2:$J$164<$K$169,"kiri",IF($J$2:$J$164<$L$169,"tengah","kanan"))} -> tengah | K170: Kanan > 4.74 | T170: {=IF($K$2:$K$164<$U$169,"kiri",IF($K$2:$K$164<$V$169,"tengah","kanan"))} -> kanan | U170: Kanan > 1
E171: tengah | F171: =COUNTIFS($E$170:$E$332,"Kanan",$L$2:$L$164,"Tinggi") -> 14 | G171: =F171/30 -> 0.46666667 | J171: tengah | K171: =COUNTIFS($J$170:$J$332,"Kanan",$L$2:$L$164,"Tinggi") -> 12 | L171: =K171/27 -> 0.44444444 | T171: tengah | U171: =COUNTIFS($T$170:$T$332,"Kanan",$L$2:$L$164,"Tinggi") -> 40 | V171: =U171/85 -> 0.47058824
E172: kiri | F172: =COUNTIFS($E$170:$E$332,"Kanan",$L$2:$L$164,"Sedang") -> 16 | G172: =F172/30 -> 0.53333333 | J172: kiri | K172: =COUNTIFS($J$170:$J$332,"Kanan",$L$2:$L$164,"Sedang") -> 14 | L172: =K172/27 -> 0.51851852 | T172: kanan | U172: =COUNTIFS($T$170:$T$332,"Kanan",$L$2:$L$164,"Sedang") -> 36 | V172: =U172/85 -> 0.42352941
E173: kanan | F173: =COUNTIFS($E$170:$E$332,"Kanan",$L$2:$L$164,"Rendah") -> 0 | G173: =F173/30 -> 0 | J173: kiri | K173: =COUNTIFS($J$170:$J$332,"Kanan",$L$2:$L$164,"Rendah") -> 1 | L173: =K173/27 -> 0.037037037 | T173: tengah | U173: =COUNTIFS($T$170:$T$332,"Kanan",$L$2:$L$164,"Rendah") -> 9 | V173: =U173/85 -> 0.10588235
E174: tengah | F174: Entropy | G174: =-(IFERROR(G171*LOG(G171,2),0)+IFERROR(G172*LOG(G172,2),0)+IFERROR(G173*LOG(G173,2),0)) -> 0.99679163 | J174: kanan | K174: Entropy | L174: =-(IFERROR(L171*LOG(L171,2),0)+IFERROR(L172*LOG(L172,2),0)+IFERROR(L173*LOG(L173,2),0)) -> 1.1873868 | T174: tengah | U174: Entropy | V174: =-(IFERROR(V171*LOG(V171,2),0)+IFERROR(V172*LOG(V172,2),0)+IFERROR(V173*LOG(V173,2),0)) -> 1.3796998
E175: kiri | G175: =SUM(F171:F173)/163 -> 0.18404908 | J175: tengah | L175: =SUM(K171:K173)/163 -> 0.16564417 | T175: kanan | V175: =SUM(U171:U173)/163 -> 0.52147239
E176: tengah | G176: =G174*G175 -> 0.18345858 | J176: tengah | L176: =L174*L175 -> 0.1966837 | T176: tengah | V176: =V174*V175 -> 0.71947534
E177: kanan | J177: kanan | T177: kanan
E178: kiri | J178: kanan | T178: kanan
E179: kanan | F179: Kiri<16.61 | J179: kanan | K179: Kiri<2.61 | T179: kanan | U179: Kiri<0
E180: tengah | F180: =COUNTIFS($E$170:$E$332,"Kiri",$L$2:$L$164,"Tinggi") -> 21 | G180: =F180/48 -> 0.4375 | J180: tengah | K180: =COUNTIFS($J$170:$J$332,"Kiri",$L$2:$L$164,"Tinggi") -> 13 | L180: =K180/27 -> 0.48148148 | T180: kanan | U180: =COUNTIFS($T$170:$T$332,"Kiri",$L$2:$L$164,"Tinggi") -> 0 | V180: =U180/57 -> 0
E181: tengah | F181: =COUNTIFS($E$170:$E$332,"Kiri",$L$2:$L$164,"Sedang") -> 23 | G181: =F181/48 -> 0.47916667 | J181: kanan | K181: =COUNTIFS($J$170:$J$332,"Kiri",$L$2:$L$164,"Sedang") -> 12 | L181: =K181/27 -> 0.44444444 | T181: tengah | U181: =COUNTIFS($T$170:$T$332,"Kiri",$L$2:$L$164,"Sedang") -> 0 | V181: =U181/57 -> 0
E182: kiri | F182: =COUNTIFS($E$170:$E$332,"Kiri",$L$2:$L$164,"Rendah") -> 4 | G182: =F182/48 -> 0.083333333 | J182: tengah | K182: =COUNTIFS($J$170:$J$332,"Kiri",$L$2:$L$164,"Rendah") -> 2 | L182: =K182/27 -> 0.074074074 | T182: tengah | U182: =COUNTIFS($T$170:$T$332,"Kiri",$L$2:$L$164,"Rendah") -> 0 | V182: =U182/57 -> 0
E183: tengah | F183: Entropy | G183: =-(IFERROR(G180*LOG(G180,2),0)+IFERROR(G181*LOG(G181,2),0)+IFERROR(G182*LOG(G182,2),0)) -> 1.3291169 | J183: kiri | K183: Entropy | L183: =-(IFERROR(L180*LOG(L180,2),0)+IFERROR(L181*LOG(L181,2),0)+IFERROR(L182*LOG(L182,2),0)) -> 1.3058036 | T183: tengah | U183: Entropy | V183: =-(IFERROR(V180*LOG(V180,2),0)+IFERROR(V181*LOG(V181,2),0)+IFERROR(V182*LOG(V182,2),0)) -> 0
E184: tengah | G184: =SUM(F180:F182)/163 -> 0.29447853 | J184: kiri | L184: =SUM(K180:K182)/163 -> 0.16564417 | T184: kanan | V184: =SUM(U180:U182)/163 -> 0
E185: tengah | G185: =G183*G184 -> 0.39139638 | J185: kiri | L185: =L183*L184 -> 0.21629875 | T185: tengah | V185: =V183*V184 -> 0
E186: kiri | J186: kiri | T186: tengah
E187: kanan | J187: tengah | T187: kanan
E188: tengah | F188: Tengah | J188: tengah | K188: Tengah | T188: kanan | U188: Tengah
E189: kiri | F189: =COUNTIFS($E$170:$E$332,"Tengah",$L$2:$L$164,"Tinggi") -> 30 | G189: =F189/85 -> 0.35294118 | J189: tengah | K189: =COUNTIFS($J$170:$J$332,"Tengah",$L$2:$L$164,"Tinggi") -> 40 | L189: =K189/109 -> 0.36697248 | T189: kanan | U189: =COUNTIFS($T$170:$T$332,"Tengah",$L$2:$L$164,"Tinggi") -> 25 | V189: =U189/78 -> 0.32051282
E190: kiri | F190: =COUNTIFS($E$170:$E$332,"Tengah",$L$2:$L$164,"Sedang") -> 44 | G190: =F190/85 -> 0.51764706 | J190: tengah | K190: =COUNTIFS($J$170:$J$332,"Tengah",$L$2:$L$164,"Sedang") -> 57 | L190: =K190/109 -> 0.52293578 | T190: kanan | U190: =COUNTIFS($T$170:$T$332,"Tengah",$L$2:$L$164,"Sedang") -> 47 | V190: =U190/78 -> 0.6025641
E191: kanan | F191: =COUNTIFS($E$170:$E$332,"Tengah",$L$2:$L$164,"Rendah") -> 11 | G191: =F191/85 -> 0.12941176 | J191: tengah | K191: =COUNTIFS($J$170:$J$332,"Tengah",$L$2:$L$164,"Rendah") -> 12 | L191: =K191/109 -> 0.11009174 | T191: tengah | U191: =COUNTIFS($T$170:$T$332,"Tengah",$L$2:$L$164,"Rendah") -> 6 | V191: =U191/78 -> 0.076923077
E192: kiri | F192: Entropy | G192: =-(IFERROR(G189*LOG(G189,2),0)+IFERROR(G190*LOG(G190,2),0)+IFERROR(G191*LOG(G191,2),0)) -> 1.4037973 | J192: tengah | K192: Entropy | L192: =-(IFERROR(L189*LOG(L189,2),0)+IFERROR(L190*LOG(L190,2),0)+IFERROR(L191*LOG(L191,2),0)) -> 1.3702815 | T192: tengah | U192: Entropy | V192: =-(IFERROR(V189*LOG(V189,2),0)+IFERROR(V190*LOG(V190,2),0)+IFERROR(V191*LOG(V191,2),0)) -> 1.2511477
E193: tengah | G193: =SUM(F189:F191)/163 -> 0.52147239 | J193: tengah | L193: =SUM(K189:K191)/163 -> 0.66871166 | T193: kanan | V193: =SUM(U189:U191)/163 -> 0.47852761
E194: kanan | G194: =G192*G193 -> 0.73204155 | J194: tengah | L194: =L192*L193 -> 0.91632323 | T194: tengah | V194: =V192*V193 -> 0.5987087
E195: tengah | J195: kiri | T195: tengah
E196: tengah | F196: IG | J196: tengah | K196: IG | T196: tengah | U196: IG
E197: kanan | F197: =P5-(G176+G185+$G$194) -> 0.034558397 | J197: tengah | K197: =P5-(L176+L185+L194) -> 0.01214922 | T197: tengah | U197: =P5-(V176+V185+V194) -> 0.023270868
E198: kiri | J198: kiri | T198: kanan
E199: tengah | J199: tengah | T199: kanan
E200: tengah | J200: kiri | T200: kanan
E201: tengah | J201: kiri | T201: kanan
E202: kiri | J202: kiri | T202: kanan
E203: tengah | J203: tengah | T203: tengah
E204: tengah | J204: tengah | T204: kanan
E205: tengah | J205: tengah | T205: kanan
E206: tengah | J206: tengah | T206: kanan
E207: kiri | J207: tengah | T207: tengah
E208: tengah | J208: tengah | T208: kanan
E209: tengah | J209: tengah | T209: kanan
... E332: kiri | J332: tengah | T332: kanan

Sheet Pohon 3
A1: No | B1: Lama Rawat Inap | C1: Jenis Kelamin | D1: Tingkat Resiko | H1: No | I1: Lama Rawat Inap | J1: Jenis Kelamin | K1: Tingkat Resiko | O1: Perhitungan root
A2: =RANDBETWEEN(2,164) -> 53 | B2: {=INDEX(Data_DBD!$C:$C,$A2)} -> 4 | C2: {=INDEX(Data_DBD!$E:$E,$A2)} -> 1 | D2: {=INDEX(Data_DBD!$F:$F,$A2)} -> Sedang | H2: 98 | I2: 2 | J2: 1 | K2: Tinggi | O2: Tinggi | P2: =COUNTIF(K2:K164,"Tinggi") -> 70 | Q2: =P2/163 -> 0.42944785
A3: =RANDBETWEEN(2,164) -> 108 | B3: {=INDEX(Data_DBD!$C:$C,$A3)} -> 7 | C3: {=INDEX(Data_DBD!$E:$E,$A3)} -> 1 | D3: {=INDEX(Data_DBD!$F:$F,$A3)} -> Tinggi | H3: 126 | I3: 3 | J3: 1 | K3: Tinggi | O3: Sedang | P3: =COUNTIF(K2:K164,"Sedang") -> 81 | Q3: =P3/163 -> 0.49693252
A4: =RANDBETWEEN(2,164) -> 55 | B4: {=INDEX(Data_DBD!$C:$C,$A4)} -> 4 | C4: {=INDEX(Data_DBD!$E:$E,$A4)} -> 1 | D4: {=INDEX(Data_DBD!$F:$F,$A4)} -> Sedang | H4: 49 | I4: 5 | J4: 0 | K4: Sedang | O4: Rendah | P4: =COUNTIF(K2:K164,"Rendah") -> 12 | Q4: =P4/163 -> 0.073619632
A5: =RANDBETWEEN(2,164) -> 95 | B5: {=INDEX(Data_DBD!$C:$C,$A5)} -> 3 | C5: {=INDEX(Data_DBD!$E:$E,$A5)} -> 1 | D5: {=INDEX(Data_DBD!$F:$F,$A5)} -> Sedang | H5: 14 | I5: 4 | J5: 1 | K5: Rendah | O5: Entropy Root | P5: =-(IFERROR(Q2*LOG(Q2,2),0)+IFERROR(Q3*LOG(Q3,2),0)+IFERROR(Q4*LOG(Q4,2),0)) -> 1.3021195
A6: =RANDBETWEEN(2,164) -> 70 | B6: {=INDEX(Data_DBD!$C:$C,$A6)} -> 3 | C6: {=INDEX(Data_DBD!$E:$E,$A6)} -> 1 | D6: {=INDEX(Data_DBD!$F:$F,$A6)} -> Rendah | H6: 54 | I6: 3 | J6: 0 | K6: Sedang
A7: =RANDBETWEEN(2,164) -> 38 | B7: {=INDEX(Data_DBD!$C:$C,$A7)} -> 3 | C7: {=INDEX(Data_DBD!$E:$E,$A7)} -> 1 | D7: {=INDEX(Data_DBD!$F:$F,$A7)} -> Rendah | H7: 80 | I7: 3 | J7: 1 | K7: Sedang
A8: =RANDBETWEEN(2,164) -> 127 | B8: {=INDEX(Data_DBD!$C:$C,$A8)} -> 2 | C8: {=INDEX(Data_DBD!$E:$E,$A8)} -> 0 | D8: {=INDEX(Data_DBD!$F:$F,$A8)} -> Tinggi | H8: 36 | I8: 1 | J8: 1 | K8: Rendah
A9: =RANDBETWEEN(2,164) -> 143 | B9: {=INDEX(Data_DBD!$C:$C,$A9)} -> 4 | C9: {=INDEX(Data_DBD!$E:$E,$A9)} -> 1 | D9: {=INDEX(Data_DBD!$F:$F,$A9)} -> Tinggi | H9: 105 | I9: 3 | J9: 1 | K9: Tinggi
A10: =RANDBETWEEN(2,164) -> 141 | B10: {=INDEX(Data_DBD!$C:$C,$A10)} -> 2 | C10: {=INDEX(Data_DBD!$E:$E,$A10)} -> 0 | D10: {=INDEX(Data_DBD!$F:$F,$A10)} -> Tinggi | H10: 26 | I10: 4 | J10: 1 | K10: Sedang
A11: =RANDBETWEEN(2,164) -> 108 | B11: {=INDEX(Data_DBD!$C:$C,$A11)} -> 7 | C11: {=INDEX(Data_DBD!$E:$E,$A11)} -> 1 | D11: {=INDEX(Data_DBD!$F:$F,$A11)} -> Tinggi | H11: 63 | I11: 3 | J11: 0 | K11: Sedang
A12: =RANDBETWEEN(2,164) -> 17 | B12: {=INDEX(Data_DBD!$C:$C,$A12)} -> 3 | C12: {=INDEX(Data_DBD!$E:$E,$A12)} -> 0 | D12: {=INDEX(Data_DBD!$F:$F,$A12)} -> Rendah | H12: 107 | I12: 5 | J12: 0 | K12: Tinggi
A13: =RANDBETWEEN(2,164) -> 126 | B13: {=INDEX(Data_DBD!$C:$C,$A13)} -> 3 | C13: {=INDEX(Data_DBD!$E:$E,$A13)} -> 1 | D13: {=INDEX(Data_DBD!$F:$F,$A13)} -> Tinggi | H13: 50 | I13: 5 | J13: 0 | K13: Sedang
A14: =RANDBETWEEN(2,164) -> 106 | B14: {=INDEX(Data_DBD!$C:$C,$A14)} -> 3 | C14: {=INDEX(Data_DBD!$E:$E,$A14)} -> 1 | D14: {=INDEX(Data_DBD!$F:$F,$A14)} -> Sedang | H14: 99 | I14: 2 | J14: 1 | K14: Tinggi
A15: =RANDBETWEEN(2,164) -> 130 | B15: {=INDEX(Data_DBD!$C:$C,$A15)} -> 4 | C15: {=INDEX(Data_DBD!$E:$E,$A15)} -> 0 | D15: {=INDEX(Data_DBD!$F:$F,$A15)} -> Tinggi | H15: 149 | I15: 5 | J15: 0 | K15: Tinggi
A16: =RANDBETWEEN(2,164) -> 43 | B16: {=INDEX(Data_DBD!$C:$C,$A16)} -> 4 | C16: {=INDEX(Data_DBD!$E:$E,$A16)} -> 0 | D16: {=INDEX(Data_DBD!$F:$F,$A16)} -> Sedang | H16: 72 | I16: 5 | J16: 1 | K16: Sedang
A17: =RANDBETWEEN(2,164) -> 139 | B17: {=INDEX(Data_DBD!$C:$C,$A17)} -> 7 | C17: {=INDEX(Data_DBD!$E:$E,$A17)} -> 0 | D17: {=INDEX(Data_DBD!$F:$F,$A17)} -> Tinggi | H17: 109 | I17: 3 | J17: 1 | K17: Tinggi
... A153: =RANDBETWEEN(2,164) -> 121 | B153: {=INDEX(Data_DBD!$C:$C,$A153)} -> 5 | C153: {=INDEX(Data_DBD!$E:$E,$A153)} -> 1 | D153: {=INDEX(Data_DBD!$F:$F,$A153)} -> Tinggi | H153: 76 | I153: 2 | J153: 0 | K153: Sedang
A154: =RANDBETWEEN(2,164) -> 75 | B154: {=INDEX(Data_DBD!$C:$C,$A154)} -> 2 | C154: {=INDEX(Data_DBD!$E:$E,$A154)} -> 1 | D154: {=INDEX(Data_DBD!$F:$F,$A154)} -> Rendah | H154: 91 | I154: 1 | J154: 1 | K154: Tinggi | U154: Pohon 3:
A155: =RANDBETWEEN(2,164) -> 29 | B155: {=INDEX(Data_DBD!$C:$C,$A155)} -> 2 | C155: {=INDEX(Data_DBD!$E:$E,$A155)} -> 1 | D155: {=INDEX(Data_DBD!$F:$F,$A155)} -> Sedang | H155: 150 | I155: 5 | J155: 1 | K155: Tinggi | U155: Rule 1.1
A156: =RANDBETWEEN(2,164) -> 54 | B156: {=INDEX(Data_DBD!$C:$C,$A156)} -> 3 | C156: {=INDEX(Data_DBD!$E:$E,$A156)} -> 0 | D156: {=INDEX(Data_DBD!$F:$F,$A156)} -> Sedang | H156: 74 | I156: 4 | J156: 0 | K156: Sedang | U156: IF Lama Rawat Inap < 2,44
A157: =RANDBETWEEN(2,164) -> 114 | B157: {=INDEX(Data_DBD!$C:$C,$A157)} -> 2 | C157: {=INDEX(Data_DBD!$E:$E,$A157)} -> 1 | D157: {=INDEX(Data_DBD!$F:$F,$A157)} -> Tinggi | H157: 41 | I157: 4 | J157: 0 | K157: Sedang | U157: THEN Kelas = Sedang
A158: =RANDBETWEEN(2,164) -> 141 | B158: {=INDEX(Data_DBD!$C:$C,$A158)} -> 2 | C158: {=INDEX(Data_DBD!$E:$E,$A158)} -> 0 | D158: {=INDEX(Data_DBD!$F:$F,$A158)} -> Tinggi | H158: 142 | I158: 2 | J158: 1 | K158: Tinggi | U158: Rule 1.2
A159: =RANDBETWEEN(2,164) -> 87 | B159: {=INDEX(Data_DBD!$C:$C,$A159)} -> 3 | C159: {=INDEX(Data_DBD!$E:$E,$A159)} -> 0 | D159: {=INDEX(Data_DBD!$F:$F,$A159)} -> Sedang | H159: 155 | I159: 5 | J159: 1 | K159: Tinggi | U159: IF Lama Rawat Inap ≤ 2,44 AND Lama Rawat Inap > 4,68
A160: =RANDBETWEEN(2,164) -> 44 | B160: {=INDEX(Data_DBD!$C:$C,$A160)} -> 5 | C160: {=INDEX(Data_DBD!$E:$E,$A160)} -> 1 | D160: {=INDEX(Data_DBD!$F:$F,$A160)} -> Sedang | H160: 98 | I160: 2 | J160: 1 | K160: Tinggi | U160: THEN Kelas = Lama
A161: =RANDBETWEEN(2,164) -> 161 | B161: {=INDEX(Data_DBD!$C:$C,$A161)} -> 3 | C161: {=INDEX(Data_DBD!$E:$E,$A161)} -> 1 | D161: {=INDEX(Data_DBD!$F:$F,$A161)} -> Tinggi | H161: 28 | I161: 2 | J161: 1 | K161: Sedang | U161: Rule 1.3
A162: =RANDBETWEEN(2,164) -> 38 | B162: {=INDEX(Data_DBD!$C:$C,$A162)} -> 3 | C162: {=INDEX(Data_DBD!$E:$E,$A162)} -> 1 | D162: {=INDEX(Data_DBD!$F:$F,$A162)} -> Rendah | H162: 87 | I162: 3 | J162: 0 | K162: Sedang | U162: IF Lama Rawat Inap > 4,68 THEN Kelas = Sedang
A163: =RANDBETWEEN(2,164) -> 148 | B163: {=INDEX(Data_DBD!$C:$C,$A163)} -> 3 | C163: {=INDEX(Data_DBD!$E:$E,$A163)} -> 1 | D163: {=INDEX(Data_DBD!$F:$F,$A163)} -> Tinggi | H163: 120 | I163: 4 | J163: 1 | K163: Tinggi
A164: =RANDBETWEEN(2,164) -> 28 | B164: {=INDEX(Data_DBD!$C:$C,$A164)} -> 2 | C164: {=INDEX(Data_DBD!$E:$E,$A164)} -> 1 | D164: {=INDEX(Data_DBD!$F:$F,$A164)} -> Sedang | H164: 137 | I164: 1 | J164: 1 | K164: Tinggi
I165: =AVERAGE(I2:I164) -> 3.5460123 | J165: =AVERAGE(J2:J164) -> 0.56441718
B167: 6
I168: LAMA RAWAT INAP | N168: JENIS KELAMIN
I169: Lama rawat inap | J169: =AVERAGEIF($I$2:$I$164,"<="&$I$165) -> 2.4457831 | K169: =AVERAGEIF($I$2:$I$164,">"&$I$165) -> 4.6875 | N169: Jenis kelamin | O169: =AVERAGEIF($J$2:$J$164,"<="&$J$165) -> 0 | P169: =AVERAGEIF($J$2:$J$164,">"&$J$165) -> 1
I170: {=IF($I$2:$I$164<$J$169,"kiri",IF($I$2:$I$164<$K$169,"tengah","kanan"))} -> kiri | J170: Kanan > 4.68 | N170: {=IF($J$2:$J$164<$O$169,"kiri",IF($J$2:$J$164<$P$169,"tengah","kanan"))} -> kanan | O170: Kanan > 1
I171: tengah | J171: =COUNTIFS($I$170:$I$332,"Kanan",$K$2:$K$164,"Tinggi") -> 19 | K171: =J171/40 -> 0.475 | N171: kanan | O171: =COUNTIFS($N$170:$N$332,"Kanan",$K$2:$K$164,"Tinggi") -> 45 | P171: =O171/92 -> 0.48913043
I172: kanan | J172: =COUNTIFS($I$170:$I$332,"Kanan",$K$2:$K$164,"Sedang") -> 18 | K172: =J172/40 -> 0.45 | N172: tengah | O172: =COUNTIFS($N$170:$N$332,"Kanan",$K$2:$K$164,"Sedang") -> 40 | P172: =O172/92 -> 0.43478261
I173: tengah | J173: =COUNTIFS($I$170:$I$332,"Kanan",$K$2:$K$164,"Rendah") -> 3 | K173: =J173/40 -> 0.075 | N173: kanan | O173: =COUNTIFS($N$170:$N$332,"Kanan",$K$2:$K$164,"Rendah") -> 7 | P173: =O173/92 -> 0.076086957
I174: tengah | J174: Entropy | K174: =-(IFERROR(K171*LOG(K171,2),0)+IFERROR(K172*LOG(K172,2),0)+IFERROR(K173*LOG(K173,2),0)) -> 1.3088241 | N174: tengah | O174: Entropy | P174: =-(IFERROR(P171*LOG(P171,2),0)+IFERROR(P172*LOG(P172,2),0)+IFERROR(P173*LOG(P173,2),0)) -> 1.3098446
I175: tengah | K175: =SUM(J171:J173)/163 -> 0.24539877 | N175: kanan | P175: =SUM(O171:O173)/163 -> 0.56441718
I176: kiri | K176: =K174*K175 -> 0.32118383 | N176: kanan | P176: =P174*P175 -> 0.73929879
I177: tengah | N177: kanan
I178: tengah | N178: kanan
I179: tengah | J179: Kiri<2.44 | N179: tengah | O179: Kiri<0
I180: kanan | J180: =COUNTIFS($I$170:$I$332,"Kiri",$K$2:$K$164,"Tinggi") -> 23 | K180: =J180/36 -> 0.63888889 | N180: tengah | O180: =COUNTIFS($N$170:$N$332,"Kiri",$K$2:$K$164,"Tinggi") -> 0 | P180: =O180/57 -> 0
I181: kanan | J181: =COUNTIFS($I$170:$I$332,"Kiri",$K$2:$K$164,"Sedang") -> 9 | K181: =J181/36 -> 0.25 | N181: tengah | O181: =COUNTIFS($N$170:$N$332,"Kiri",$K$2:$K$164,"Sedang") -> 0 | P181: =O181/57 -> 0
I182: kiri | J182: =COUNTIFS($I$170:$I$332,"Kiri",$K$2:$K$164,"Rendah") -> 4 | K182: =J182/36 -> 0.11111111 | N182: kanan | O182: =COUNTIFS($N$170:$N$332,"Kiri",$K$2:$K$164,"Rendah") -> 0 | P182: =O182/57 -> 0
I183: kanan | J183: Entropy | K183: =-(IFERROR(K180*LOG(K180,2),0)+IFERROR(K181*LOG(K181,2),0)+IFERROR(K182*LOG(K182,2),0)) -> 1.2651681 | N183: tengah | O183: Entropy | P183: =-(IFERROR(P180*LOG(P180,2),0)+IFERROR(P181*LOG(P181,2),0)+IFERROR(P182*LOG(P182,2),0)) -> 0
I184: kanan | K184: =SUM(J180:J182)/163 -> 0.2208589 | N184: kanan | P184: =SUM(O180:O182)/163 -> 0
I185: tengah | K185: =K183*K184 -> 0.27942362 | N185: kanan | P185: =P183*P184 -> 0
I186: tengah | N186: kanan
I187: tengah | N187: tengah
I188: kanan | J188: Tengah | N188: kanan | O188: Tengah
I189: kanan | J189: =COUNTIFS($I$170:$I$332,"Tengah",$K$2:$K$164,"Tinggi") -> 28 | K189: =J189/87 -> 0.32183908 | N189: kanan | O189: =COUNTIFS($N$170:$N$332,"Tengah",$K$2:$K$164,"Tinggi") -> 25 | P189: =O189/71 -> 0.35211268
I190: kiri | J190: =COUNTIFS($I$170:$I$332,"Tengah",$K$2:$K$164,"Sedang") -> 54 | K190: =J190/87 -> 0.62068966 | N190: tengah | O190: =COUNTIFS($N$170:$N$332,"Tengah",$K$2:$K$164,"Sedang") -> 41 | P190: =O190/71 -> 0.57746479
I191: tengah | J191: =COUNTIFS($I$170:$I$332,"Tengah",$K$2:$K$164,"Rendah") -> 5 | K191: =J191/87 -> 0.057471264 | N191: kanan | O191: =COUNTIFS($N$170:$N$332,"Tengah",$K$2:$K$164,"Rendah") -> 5 | P191: =O191/71 -> 0.070422535
I192: kiri | J192: Entropy | K192: =-(IFERROR(K189*LOG(K189,2),0)+IFERROR(K190*LOG(K190,2),0)+IFERROR(K191*LOG(K191,2),0)) -> 1.1903055 | N192: kanan | O192: Entropy | P192: =-(IFERROR(P189*LOG(P189,2),0)+IFERROR(P190*LOG(P190,2),0)+IFERROR(P191*LOG(P191,2),0)) -> 1.2572728
I193: tengah | K193: =SUM(J189:J191)/163 -> 0.53374233 | N193: tengah | P193: =SUM(O189:O191)/163 -> 0.43558282
I194: kiri | K194: =K192*K193 -> 0.63531645 | N194: kanan | P194: =P192*P193 -> 0.54764643
I195: tengah | N195: tengah
I196: tengah | J196: IG | N196: tengah | O196: IG
I197: tengah | J197: =P5-(K176+K185+K194) -> 0.066195604 | N197: kanan | O197: =P5-(P176+P185+P194) -> 0.015174278
I198: tengah | N198: kanan
I199: tengah | N199: kanan
I200: tengah | N200: tengah
I201: kiri | N201: kanan
I202: kanan | N202: tengah
I203: kiri | N203: kanan
I204: kiri | N204: tengah
I205: tengah | N205: kanan
I206: tengah | N206: kanan
I207: tengah | N207: tengah
I208: kanan | N208: tengah
I209: kanan | N209: kanan
... I332: kiri | N332: kanan

Sheet Pohon 4
A1: No | B1: Jenis Kelamin | C1: Tingkat Resiko | H1: No | I1: Jenis Kelamin | J1: Tingkat Resiko | O1: Perhitungan root
A2: =RANDBETWEEN(2,164) -> 154 | B2: {=INDEX(Data_DBD!$E:$E,$A2)} -> 1 | C2: {=INDEX(Data_DBD!$F:$F,$A2)} -> Tinggi | H2: 150 | I2: 1 | J2: Tinggi | O2: Tinggi | P2: =COUNTIF(J2:J164,"Tinggi") -> 83 | Q2: =P2/163 -> 0.50920245
A3: =RANDBETWEEN(2,164) -> 86 | B3: {=INDEX(Data_DBD!$E:$E,$A3)} -> 0 | C3: {=INDEX(Data_DBD!$F:$F,$A3)} -> Sedang | H3: 88 | I3: 1 | J3: Sedang | O3: Sedang | P3: =COUNTIF(J2:J164,"Sedang") -> 69 | Q3: =P3/163 -> 0.42331288
A4: =RANDBETWEEN(2,164) -> 14 | B4: {=INDEX(Data_DBD!$E:$E,$A4)} -> 1 | C4: {=INDEX(Data_DBD!$F:$F,$A4)} -> Rendah | H4: 120 | I4: 1 | J4: Tinggi | O4: Rendah | P4: =COUNTIF(J2:J164,"Rendah") -> 11 | Q4: =P4/163 -> 0.067484663
A5: =RANDBETWEEN(2,164) -> 77 | B5: {=INDEX(Data_DBD!$E:$E,$A5)} -> 1 | C5: {=INDEX(Data_DBD!$F:$F,$A5)} -> Sedang | H5: 62 | I5: 1 | J5: Sedang | O5: Entropy Root | P5: =-(IFERROR(Q2*LOG(Q2,2),0)+IFERROR(Q3*LOG(Q3,2),0)+IFERROR(Q4*LOG(Q4,2),0)) -> 1.2832668
A6: =RANDBETWEEN(2,164) -> 92 | B6: {=INDEX(Data_DBD!$E:$E,$A6)} -> 0 | C6: {=INDEX(Data_DBD!$F:$F,$A6)} -> Sedang | H6: 153 | I6: 1 | J6: Tinggi
A7: =RANDBETWEEN(2,164) -> 31 | B7: {=INDEX(Data_DBD!$E:$E,$A7)} -> 1 | C7: {=INDEX(Data_DBD!$F:$F,$A7)} -> Sedang | H7: 6 | I7: 0 | J7: Sedang
A8: =RANDBETWEEN(2,164) -> 99 | B8: {=INDEX(Data_DBD!$E:$E,$A8)} -> 1 | C8: {=INDEX(Data_DBD!$F:$F,$A8)} -> Sedang | H8: 95 | I8: 1 | J8: Tinggi
A9: =RANDBETWEEN(2,164) -> 110 | B9: {=INDEX(Data_DBD!$E:$E,$A9)} -> 1 | C9: {=INDEX(Data_DBD!$F:$F,$A9)} -> Tinggi | H9: 69 | I9: 1 | J9: Sedang
A10: =RANDBETWEEN(2,164) -> 134 | B10: {=INDEX(Data_DBD!$E:$E,$A10)} -> 1 | C10: {=INDEX(Data_DBD!$F:$F,$A10)} -> Tinggi | H10: 138 | I10: 1 | J10: Tinggi
A11: =RANDBETWEEN(2,164) -> 55 | B11: {=INDEX(Data_DBD!$E:$E,$A11)} -> 1 | C11: {=INDEX(Data_DBD!$F:$F,$A11)} -> Sedang | H11: 81 | I11: 1 | J11: Sedang
A12: =RANDBETWEEN(2,164) -> 15 | B12: {=INDEX(Data_DBD!$E:$E,$A12)} -> 0 | C12: {=INDEX(Data_DBD!$F:$F,$A12)} -> Rendah | H12: 88 | I12: 1 | J12: Sedang
A13: =RANDBETWEEN(2,164) -> 98 | B13: {=INDEX(Data_DBD!$E:$E,$A13)} -> 1 | C13: {=INDEX(Data_DBD!$F:$F,$A13)} -> Sedang | H13: 56 | I13: 0 | J13: Sedang
A14: =RANDBETWEEN(2,164) -> 110 | B14: {=INDEX(Data_DBD!$E:$E,$A14)} -> 1 | C14: {=INDEX(Data_DBD!$F:$F,$A14)} -> Tinggi | H14: 58 | I14: 0 | J14: Sedang
A15: =RANDBETWEEN(2,164) -> 113 | B15: {=INDEX(Data_DBD!$E:$E,$A15)} -> 1 | C15: {=INDEX(Data_DBD!$F:$F,$A15)} -> Tinggi | H15: 138 | I15: 1 | J15: Tinggi
A16: =RANDBETWEEN(2,164) -> 68 | B16: {=INDEX(Data_DBD!$E:$E,$A16)} -> 0 | C16: {=INDEX(Data_DBD!$F:$F,$A16)} -> Rendah | H16: 25 | I16: 0 | J16: Sedang
A17: =RANDBETWEEN(2,164) -> 118 | B17: {=INDEX(Data_DBD!$E:$E,$A17)} -> 1 | C17: {=INDEX(Data_DBD!$F:$F,$A17)} -> Tinggi | H17: 9 | I17: 1 | J17: Sedang
... A157: =RANDBETWEEN(2,164) -> 8 | B157: {=INDEX(Data_DBD!$E:$E,$A157)} -> 0 | C157: {=INDEX(Data_DBD!$F:$F,$A157)} -> Sedang | H157: 10 | I157: 0 | J157: Sedang
A158: =RANDBETWEEN(2,164) -> 128 | B158: {=INDEX(Data_DBD!$E:$E,$A158)} -> 0 | C158: {=INDEX(Data_DBD!$F:$F,$A158)} -> Tinggi | H158: 98 | I158: 1 | J158: Tinggi | R158: Pohon 4:
A159: =RANDBETWEEN(2,164) -> 53 | B159: {=INDEX(Data_DBD!$E:$E,$A159)} -> 1 | C159: {=INDEX(Data_DBD!$F:$F,$A159)} -> Sedang | H159: 129 | I159: 0 | J159: Tinggi | R159: Rule 1.1
A160: =RANDBETWEEN(2,164) -> 64 | B160: {=INDEX(Data_DBD!$E:$E,$A160)} -> 0 | C160: {=INDEX(Data_DBD!$F:$F,$A160)} -> Sedang | H160: 127 | I160: 0 | J160: Tinggi | R160: IF Jenis Kelamin ≤ 0 AND Jenis Kelamin > 1
A161: =RANDBETWEEN(2,164) -> 146 | B161: {=INDEX(Data_DBD!$E:$E,$A161)} -> 1 | C161: {=INDEX(Data_DBD!$F:$F,$A161)} -> Tinggi | H161: 80 | I161: 1 | J161: Sedang | R161: THEN Kelas = Tinggi
A162: =RANDBETWEEN(2,164) -> 49 | B162: {=INDEX(Data_DBD!$E:$E,$A162)} -> 0 | C162: {=INDEX(Data_DBD!$F:$F,$A162)} -> Sedang | H162: 164 | I162: 0 | J162: Rendah | R162: Rule 1.2
A163: =RANDBETWEEN(2,164) -> 123 | B163: {=INDEX(Data_DBD!$E:$E,$A163)} -> 0 | C163: {=INDEX(Data_DBD!$F:$F,$A163)} -> Tinggi | H163: 61 | I163: 1 | J163: Sedang | R163: IF Jenis Kelamin > 1 THEN Kelas = Tinggi
A164: =RANDBETWEEN(2,164) -> 42 | B164: {=INDEX(Data_DBD!$E:$E,$A164)} -> 1 | C164: {=INDEX(Data_DBD!$F:$F,$A164)} -> Sedang | H164: 56 | I164: 0 | J164: Sedang
I165: =AVERAGE(I2:I164) -> 0.49079755
B166: 10
H168: JENIS KELAMIN
H169: Jenis kelamin | I169: =AVERAGEIF($I$2:$I$164,"<="&$I$165) -> 0 | J169: =AVERAGEIF($I$2:$I$164,">"&$I$165) -> 1
H170: {=IF($I$2:$I$164<$I$169,"kiri",IF($I$2:$I$164<$J$169,"tengah","kanan"))} -> kanan | I170: Kanan > 1
H171: kanan | I171: =COUNTIFS($H$170:$H$332,"Kanan",$J$2:$J$164,"Tinggi") -> 41 | J171: =I171/80 -> 0.5125
H172: kanan | I172: =COUNTIFS($H$170:$H$332,"Kanan",$J$2:$J$164,"Sedang") -> 33 | J172: =I172/80 -> 0.4125
H173: kanan | I173: =COUNTIFS($H$170:$H$332,"Kanan",$J$2:$J$164,"Rendah") -> 6 | J173: =I173/80 -> 0.075
H174: kanan | I174: Entropy | J174: =-(IFERROR(J171*LOG(J171,2),0)+IFERROR(J172*LOG(J172,2),0)+IFERROR(J173*LOG(J173,2),0)) -> 1.3014979
H175: tengah | J175: =SUM(I171:I173)/163 -> 0.49079755
H176: kanan | J176: =J174*J175 -> 0.63877199
H177: kanan
H178: kanan
H179: kanan | I179: Kiri<0
H180: kanan | I180: =COUNTIFS($H$170:$H$332,"Kiri",$J$2:$J$164,"Tinggi") -> 0 | J180: =I180/57 -> 0
H181: tengah | I181: =COUNTIFS($H$170:$H$332,"Kiri",$J$2:$J$164,"Sedang") -> 0 | J181: =I181/57 -> 0
H182: tengah | I182: =COUNTIFS($H$170:$H$332,"Kiri",$J$2:$J$164,"Rendah") -> 0 | J182: =I182/57 -> 0
H183: kanan | I183: Entropy | J183: =-(IFERROR(J180*LOG(J180,2),0)+IFERROR(J181*LOG(J181,2),0)+IFERROR(J182*LOG(J182,2),0)) -> 0
H184: tengah | J184: =SUM(I180:I182)/163 -> 0
H185: kanan | J185: =J183*J184 -> 0
H186: tengah
H187: kanan
H188: tengah | I188: Tengah
H189: tengah | I189: =COUNTIFS($H$170:$H$332,"Tengah",$J$2:$J$164,"Tinggi") -> 42 | J189: =I189/86 -> 0.48837209
H190: tengah | I190: =COUNTIFS($H$170:$H$332,"Tengah",$J$2:$J$164,"Sedang") -> 36 | J190: =I190/86 -> 0.41860465
H191: tengah | I191: =COUNTIFS($H$170:$H$332,"Tengah",$J$2:$J$164,"Rendah") -> 5 | J191: =I191/86 -> 0.058139535
H192: kanan | I192: Entropy | J192: =-(IFERROR(J189*LOG(J189,2),0)+IFERROR(J190*LOG(J190,2),0)+IFERROR(J191*LOG(J191,2),0)) -> 1.2694849
H193: tengah | J193: =SUM(I189:I191)/163 -> 0.50920245
H194: tengah | J194: =J192*J193 -> 0.64642483
H195: tengah
H196: kanan | I196: IG
H197: kanan | I197: =P5-(J176+J185+J194) -> -0.0019300679
H198: kanan
H199: kanan
H200: kanan
H201: kanan
H202: tengah
H203: tengah
H204: kanan
H205: kanan
H206: tengah
H207: tengah
H208: tengah
H209: kanan
... H332: tengah

Sheet Pohon 5
A1: No | B1: Usia | C1: Lama Rawat Inap | D1: Jumlah Kasus Per Bulan | E1: Jenis Kelamin | F1: Tingkat Resiko | H1: No | I1: Usia | J1: Lama Rawat Inap | K1: Jumlah Kasus Per Bulan | L1: Jenis Kelamin | M1: Tingkat Resiko | O1: Perhitungan root
A2: =RANDBETWEEN(2,164) -> 18 | B2: {=INDEX(Data_DBD!$B:$B,$A2)} -> 49 | C2: {=INDEX(Data_DBD!$C:$C,$A2)} -> 4 | D2: {=INDEX(Data_DBD!$D:$D,$A2)} -> 7 | E2: {=INDEX(Data_DBD!$E:$E,$A2)} -> 1 | F2: {=INDEX(Data_DBD!$F:$F,$A2)} -> Rendah | H2: 14 | I2: 49 | J2: 4 | K2: 7 | L2: 1 | M2: Rendah | O2: Tinggi | P2: =COUNTIF(M2:M164,"Tinggi") -> 57 | Q2: =P2/163 -> 0.34969325
A3: =RANDBETWEEN(2,164) -> 17 | B3: {=INDEX(Data_DBD!$B:$B,$A3)} -> 2 | C3: {=INDEX(Data_DBD!$C:$C,$A3)} -> 3 | D3: {=INDEX(Data_DBD!$D:$D,$A3)} -> 7 | E3: {=INDEX(Data_DBD!$E:$E,$A3)} -> 0 | F3: {=INDEX(Data_DBD!$F:$F,$A3)} -> Rendah | H3: 127 | I3: 21 | J3: 2 | K3: 33 | L3: 0 | M3: Tinggi | O3: Sedang | P3: =COUNTIF(M2:M164,"Sedang") -> 82 | Q3: =P3/163 -> 0.50306748
A4: =RANDBETWEEN(2,164) -> 159 | B4: {=INDEX(Data_DBD!$B:$B,$A4)} -> 17 | C4: {=INDEX(Data_DBD!$C:$C,$A4)} -> 2 | D4: {=INDEX(Data_DBD!$D:$D,$A4)} -> 21 | E4: {=INDEX(Data_DBD!$E:$E,$A4)} -> 0 | F4: {=INDEX(Data_DBD!$F:$F,$A4)} -> Tinggi | H4: 62 | I4: 43 | J4: 4 | K4: 15 | L4: 1 | M4: Sedang | O4: Rendah | P4: =COUNTIF(M2:M164,"Rendah") -> 24 | Q4: =P4/163 -> 0.14723926
A5: =RANDBETWEEN(2,164) -> 55 | B5: {=INDEX(Data_DBD!$B:$B,$A5)} -> 7 | C5: {=INDEX(Data_DBD!$C:$C,$A5)} -> 4 | D5: {=INDEX(Data_DBD!$D:$D,$A5)} -> 15 | E5: {=INDEX(Data_DBD!$E:$E,$A5)} -> 1 | F5: {=INDEX(Data_DBD!$F:$F,$A5)} -> Sedang | H5: 137 | I5: 3 | J5: 1 | K5: 33 | L5: 1 | M5: Tinggi | O5: Entropy Root | P5: =-(IFERROR(Q2*LOG(Q2,2),0)+IFERROR(Q3*LOG(Q3,2),0)+IFERROR(Q4*LOG(Q4,2),0)) -> 1.4356417
A6: =RANDBETWEEN(2,164) -> 80 | B6: {=INDEX(Data_DBD!$B:$B,$A6)} -> 27 | C6: {=INDEX(Data_DBD!$C:$C,$A6)} -> 3 | D6: {=INDEX(Data_DBD!$D:$D,$A6)} -> 13 | E6: {=INDEX(Data_DBD!$E:$E,$A6)} -> 1 | F6: {=INDEX(Data_DBD!$F:$F,$A6)} -> Sedang | H6: 25 | I6: 81 | J6: 5 | K6: 14 | L6: 0 | M6: Sedang
A7: =RANDBETWEEN(2,164) -> 118 | B7: {=INDEX(Data_DBD!$B:$B,$A7)} -> 67 | C7: {=INDEX(Data_DBD!$C:$C,$A7)} -> 4 | D7: {=INDEX(Data_DBD!$D:$D,$A7)} -> 33 | E7: {=INDEX(Data_DBD!$E:$E,$A7)} -> 1 | F7: {=INDEX(Data_DBD!$F:$F,$A7)} -> Tinggi | H7: 151 | I7: 24 | J7: 3 | K7: 21 | L7: 0 | M7: Tinggi
A8: =RANDBETWEEN(2,164) -> 132 | B8: {=INDEX(Data_DBD!$B:$B,$A8)} -> 10 | C8: {=INDEX(Data_DBD!$C:$C,$A8)} -> 3 | D8: {=INDEX(Data_DBD!$D:$D,$A8)} -> 33 | E8: {=INDEX(Data_DBD!$E:$E,$A8)} -> 1 | F8: {=INDEX(Data_DBD!$F:$F,$A8)} -> Tinggi | H8: 138 | I8: 13 | J8: 3 | K8: 33 | L8: 1 | M8: Tinggi
A9: =RANDBETWEEN(2,164) -> 79 | B9: {=INDEX(Data_DBD!$B:$B,$A9)} -> 29 | C9: {=INDEX(Data_DBD!$C:$C,$A9)} -> 3 | D9: {=INDEX(Data_DBD!$D:$D,$A9)} -> 13 | E9: {=INDEX(Data_DBD!$E:$E,$A9)} -> 0 | F9: {=INDEX(Data_DBD!$F:$F,$A9)} -> Sedang | H9: 69 | I9: 24 | J9: 4 | K9: 10 | L9: 1 | M9: Rendah
A10: =RANDBETWEEN(2,164) -> 70 | B10: {=INDEX(Data_DBD!$B:$B,$A10)} -> 26 | C10: {=INDEX(Data_DBD!$C:$C,$A10)} -> 3 | D10: {=INDEX(Data_DBD!$D:$D,$A10)} -> 10 | E10: {=INDEX(Data_DBD!$E:$E,$A10)} -> 1 | F10: {=INDEX(Data_DBD!$F:$F,$A10)} -> Rendah | H10: 23 | I10: 28 | J10: 4 | K10: 14 | L10: 1 | M10: Sedang
A11: =RANDBETWEEN(2,164) -> 87 | B11: {=INDEX(Data_DBD!$B:$B,$A11)} -> 21 | C11: {=INDEX(Data_DBD!$C:$C,$A11)} -> 3 | D11: {=INDEX(Data_DBD!$D:$D,$A11)} -> 13 | E11: {=INDEX(Data_DBD!$E:$E,$A11)} -> 0 | F11: {=INDEX(Data_DBD!$F:$F,$A11)} -> Sedang | H11: 87 | I11: 21 | J11: 3 | K11: 13 | L11: 0 | M11: Sedang
A12: =RANDBETWEEN(2,164) -> 89 | B12: {=INDEX(Data_DBD!$B:$B,$A12)} -> 32 | C12: {=INDEX(Data_DBD!$C:$C,$A12)} -> 4 | D12: {=INDEX(Data_DBD!$D:$D,$A12)} -> 13 | E12: {=INDEX(Data_DBD!$E:$E,$A12)} -> 0 | F12: {=INDEX(Data_DBD!$F:$F,$A12)} -> Sedang | H12: 34 | I12: 55 | J12: 3 | K12: 14 | L12: 0 | M12: Sedang
A13: =RANDBETWEEN(2,164) -> 46 | B13: {=INDEX(Data_DBD!$B:$B,$A13)} -> 62 | C13: {=INDEX(Data_DBD!$C:$C,$A13)} -> 2 | D13: {=INDEX(Data_DBD!$D:$D,$A13)} -> 13 | E13: {=INDEX(Data_DBD!$E:$E,$A13)} -> 0 | F13: {=INDEX(Data_DBD!$F:$F,$A13)} -> Sedang | H13: 29 | I13: 19 | J13: 2 | K13: 14 | L13: 1 | M13: Sedang | U13: Pohon 5:
A14: =RANDBETWEEN(2,164) -> 143 | B14: {=INDEX(Data_DBD!$B:$B,$A14)} -> 20 | C14: {=INDEX(Data_DBD!$C:$C,$A14)} -> 4 | D14: {=INDEX(Data_DBD!$D:$D,$A14)} -> 21 | E14: {=INDEX(Data_DBD!$E:$E,$A14)} -> 1 | F14: {=INDEX(Data_DBD!$F:$F,$A14)} -> Tinggi | H14: 154 | I14: 18 | J14: 5 | K14: 21 | L14: 1 | M14: Tinggi | U14: Rule 1.1
A15: =RANDBETWEEN(2,164) -> 162 | B15: {=INDEX(Data_DBD!$B:$B,$A15)} -> 22 | C15: {=INDEX(Data_DBD!$C:$C,$A15)} -> 3 | D15: {=INDEX(Data_DBD!$D:$D,$A15)} -> 3 | E15: {=INDEX(Data_DBD!$E:$E,$A15)} -> 1 | F15: {=INDEX(Data_DBD!$F:$F,$A15)} -> Rendah | H15: 136 | I15: 6 | J15: 2 | K15: 33 | L15: 0 | M15: Tinggi | U15: IF Jumlah Kasus Per Bulan < 12,60
A16: =RANDBETWEEN(2,164) -> 155 | B16: {=INDEX(Data_DBD!$B:$B,$A16)} -> 19 | C16: {=INDEX(Data_DBD!$C:$C,$A16)} -> 5 | D16: {=INDEX(Data_DBD!$D:$D,$A16)} -> 21 | E16: {=INDEX(Data_DBD!$E:$E,$A16)} -> 1 | F16: {=INDEX(Data_DBD!$F:$F,$A16)} -> Tinggi | H16: 111 | I16: 25 | J16: 4 | K16: 33 | L16: 0 | M16: Tinggi | U16: THEN Risiko = Rendah
A17: =RANDBETWEEN(2,164) -> 121 | B17: {=INDEX(Data_DBD!$B:$B,$A17)} -> 82 | C17: {=INDEX(Data_DBD!$C:$C,$A17)} -> 5 | D17: {=INDEX(Data_DBD!$D:$D,$A17)} -> 33 | E17: {=INDEX(Data_DBD!$E:$E,$A17)} -> 1 | F17: {=INDEX(Data_DBD!$F:$F,$A17)} -> Tinggi | H17: 163 | I17: 34 | J17: 4 | K17: 3 | L17: 1 | M17: Rendah | U17: Rule 1.2
A18: =RANDBETWEEN(2,164) -> 80 | B18: {=INDEX(Data_DBD!$B:$B,$A18)} -> 27 | C18: {=INDEX(Data_DBD!$C:$C,$A18)} -> 3 | D18: {=INDEX(Data_DBD!$D:$D,$A18)} -> 13 | E18: {=INDEX(Data_DBD!$E:$E,$A18)} -> 1 | F18: {=INDEX(Data_DBD!$F:$F,$A18)} -> Sedang | H18: 17 | I18: 2 | J18: 3 | K18: 7 | L18: 0 | M18: Rendah | U18: IF Jumlah Kasus Per Bulan ≤ 12,60 AND Jumlah Kasus Per Bulan > 29,21
A19: =RANDBETWEEN(2,164) -> 17 | B19: {=INDEX(Data_DBD!$B:$B,$A19)} -> 2 | C19: {=INDEX(Data_DBD!$C:$C,$A19)} -> 3 | D19: {=INDEX(Data_DBD!$D:$D,$A19)} -> 7 | E19: {=INDEX(Data_DBD!$E:$E,$A19)} -> 0 | F19: {=INDEX(Data_DBD!$F:$F,$A19)} -> Rendah | H19: 138 | I19: 13 | J19: 3 | K19: 33 | L19: 1 | M19: Tinggi | U19: THEN Risiko = Sedang
A20: =RANDBETWEEN(2,164) -> 156 | B20: {=INDEX(Data_DBD!$B:$B,$A20)} -> 5 | C20: {=INDEX(Data_DBD!$C:$C,$A20)} -> 2 | D20: {=INDEX(Data_DBD!$D:$D,$A20)} -> 21 | E20: {=INDEX(Data_DBD!$E:$E,$A20)} -> 0 | F20: {=INDEX(Data_DBD!$F:$F,$A20)} -> Tinggi | H20: 143 | I20: 20 | J20: 4 | K20: 21 | L20: 1 | M20: Tinggi | U20: Rule 1.3
A21: =RANDBETWEEN(2,164) -> 104 | B21: {=INDEX(Data_DBD!$B:$B,$A21)} -> 37 | C21: {=INDEX(Data_DBD!$C:$C,$A21)} -> 4 | D21: {=INDEX(Data_DBD!$D:$D,$A21)} -> 18 | E21: {=INDEX(Data_DBD!$E:$E,$A21)} -> 1 | F21: {=INDEX(Data_DBD!$F:$F,$A21)} -> Sedang | H21: 15 | I21: 21 | J21: 2 | K21: 7 | L21: 0 | M21: Rendah | U21: IF Jumlah Kasus Per Bulan > 29,21 THEN Risiko = Tinggi
A22: =RANDBETWEEN(2,164) -> 137 | B22: {=INDEX(Data_DBD!$B:$B,$A22)} -> 3 | C22: {=INDEX(Data_DBD!$C:$C,$A22)} -> 1 | D22: {=INDEX(Data_DBD!$D:$D,$A22)} -> 33 | E22: {=INDEX(Data_DBD!$E:$E,$A22)} -> 1 | F22: {=INDEX(Data_DBD!$F:$F,$A22)} -> Tinggi | H22: 101 | I22: 42 | J22: 5 | K22: 18 | L22: 0 | M22: Sedang
A23: =RANDBETWEEN(2,164) -> 129 | B23: {=INDEX(Data_DBD!$B:$B,$A23)} -> 4 | C23: {=INDEX(Data_DBD!$C:$C,$A23)} -> 3 | D23: {=INDEX(Data_DBD!$D:$D,$A23)} -> 33 | E23: {=INDEX(Data_DBD!$E:$E,$A23)} -> 0 | F23: {=INDEX(Data_DBD!$F:$F,$A23)} -> Tinggi | H23: 13 | I23: 47 | J23: 2 | K23: 12 | L23: 0 | M23: Sedang
A24: =RANDBETWEEN(2,164) -> 110 | B24: {=INDEX(Data_DBD!$B:$B,$A24)} -> 42 | C24: {=INDEX(Data_DBD!$C:$C,$A24)} -> 2 | D24: {=INDEX(Data_DBD!$D:$D,$A24)} -> 33 | E24: {=INDEX(Data_DBD!$E:$E,$A24)} -> 1 | F24: {=INDEX(Data_DBD!$F:$F,$A24)} -> Tinggi | H24: 99 | I24: 4 | J24: 2 | K24: 18 | L24: 1 | M24: Sedang
A25: =RANDBETWEEN(2,164) -> 40 | B25: {=INDEX(Data_DBD!$B:$B,$A25)} -> 65 | C25: {=INDEX(Data_DBD!$C:$C,$A25)} -> 3 | D25: {=INDEX(Data_DBD!$D:$D,$A25)} -> 13 | E25: {=INDEX(Data_DBD!$E:$E,$A25)} -> 1 | F25: {=INDEX(Data_DBD!$F:$F,$A25)} -> Sedang | H25: 56 | I25: 4 | J25: 3 | K25: 15 | L25: 0 | M25: Sedang
A26: =RANDBETWEEN(2,164) -> 84 | B26: {=INDEX(Data_DBD!$B:$B,$A26)} -> 42 | C26: {=INDEX(Data_DBD!$C:$C,$A26)} -> 4 | D26: {=INDEX(Data_DBD!$D:$D,$A26)} -> 13 | E26: {=INDEX(Data_DBD!$E:$E,$A26)} -> 1 | F26: {=INDEX(Data_DBD!$F:$F,$A26)} -> Sedang | H26: 151 | I26: 24 | J26: 3 | K26: 21 | L26: 0 | M26: Tinggi
A27: =RANDBETWEEN(2,164) -> 148 | B27: {=INDEX(Data_DBD!$B:$B,$A27)} -> 55 | C27: {=INDEX(Data_DBD!$C:$C,$A27)} -> 3 | D27: {=INDEX(Data_DBD!$D:$D,$A27)} -> 21 | E27: {=INDEX(Data_DBD!$E:$E,$A27)} -> 1 | F27: {=INDEX(Data_DBD!$F:$F,$A27)} -> Tinggi | H27: 35 | I27: 40 | J27: 3 | K27: 4 | L27: 1 | M27: Rendah
A28: =RANDBETWEEN(2,164) -> 127 | B28: {=INDEX(Data_DBD!$B:$B,$A28)} -> 21 | C28: {=INDEX(Data_DBD!$C:$C,$A28)} -> 2 | D28: {=INDEX(Data_DBD!$D:$D,$A28)} -> 33 | E28: {=INDEX(Data_DBD!$E:$E,$A28)} -> 0 | F28: {=INDEX(Data_DBD!$F:$F,$A28)} -> Tinggi | H28: 100 | I28: 19 | J28: 6 | K28: 18 | L28: 0 | M28: Sedang
A29: =RANDBETWEEN(2,164) -> 111 | B29: {=INDEX(Data_DBD!$B:$B,$A29)} -> 25 | C29: {=INDEX(Data_DBD!$C:$C,$A29)} -> 4 | D29: {=INDEX(Data_DBD!$D:$D,$A29)} -> 33 | E29: {=INDEX(Data_DBD!$E:$E,$A29)} -> 0 | F29: {=INDEX(Data_DBD!$F:$F,$A29)} -> Tinggi | H29: 23 | I29: 28 | J29: 4 | K29: 14 | L29: 1 | M29: Sedang
A30: =RANDBETWEEN(2,164) -> 58 | B30: {=INDEX(Data_DBD!$B:$B,$A30)} -> 17 | C30: {=INDEX(Data_DBD!$C:$C,$A30)} -> 3 | D30: {=INDEX(Data_DBD!$D:$D,$A30)} -> 15 | E30: {=INDEX(Data_DBD!$E:$E,$A30)} -> 0 | F30: {=INDEX(Data_DBD!$F:$F,$A30)} -> Sedang | H30: 59 | I30: 28 | J30: 4 | K30: 15 | L30: 0 | M30: Sedang
A31: =RANDBETWEEN(2,164) -> 115 | B31: {=INDEX(Data_DBD!$B:$B,$A31)} -> 52 | C31: {=INDEX(Data_DBD!$C:$C,$A31)} -> 3 | D31: {=INDEX(Data_DBD!$D:$D,$A31)} -> 33 | E31: {=INDEX(Data_DBD!$E:$E,$A31)} -> 1 | F31: {=INDEX(Data_DBD!$F:$F,$A31)} -> Tinggi | H31: 63 | I31: 25 | J31: 3 | K31: 15 | L31: 0 | M31: Sedang
A32: =RANDBETWEEN(2,164) -> 44 | B32: {=INDEX(Data_DBD!$B:$B,$A32)} -> 28 | C32: {=INDEX(Data_DBD!$C:$C,$A32)} -> 5 | D32: {=INDEX(Data_DBD!$D:$D,$A32)} -> 13 | E32: {=INDEX(Data_DBD!$E:$E,$A32)} -> 1 | F32: {=INDEX(Data_DBD!$F:$F,$A32)} -> Sedang | H32: 113 | I32: 69 | J32: 1 | K32: 33 | L32: 1 | M32: Tinggi
A33: =RANDBETWEEN(2,164) -> 10 | B33: {=INDEX(Data_DBD!$B:$B,$A33)} -> 18 | C33: {=INDEX(Data_DBD!$C:$C,$A33)} -> 5 | D33: {=INDEX(Data_DBD!$D:$D,$A33)} -> 12 | E33: {=INDEX(Data_DBD!$E:$E,$A33)} -> 0 | F33: {=INDEX(Data_DBD!$F:$F,$A33)} -> Sedang | H33: 106 | I33: 23 | J33: 3 | K33: 18 | L33: 1 | M33: Sedang
... A164: =RANDBETWEEN(2,164) -> 66 | B164: {=INDEX(Data_DBD!$B:$B,$A164)} -> 21 | C164: {=INDEX(Data_DBD!$C:$C,$A164)} -> 5 | D164: {=INDEX(Data_DBD!$D:$D,$A164)} -> 15 | E164: {=INDEX(Data_DBD!$E:$E,$A164)} -> 1 | F164: {=INDEX(Data_DBD!$F:$F,$A164)} -> Sedang | H164: 57 | I164: 2 | J164: 2 | K164: 15 | L164: 1 | M164: Sedang
I165: =AVERAGE(I2:I164) -> 32.159509 | J165: =AVERAGE(J2:J164) -> 3.6625767 | K165: =AVERAGE(K2:K164) -> 18.411043 | L165: =AVERAGE(L2:L164) -> 0.58282209
B167: 18
E168: USIA | J168: LAMA RAWAT INAP | O168: JUMLAH KASUS PER BULAN | T168: JENIS KELAMIN
E169: Usia | F169: =AVERAGEIF($I$2:$I$164,"<="&$I$165) -> 17.153061 | G169: =AVERAGEIF($I$2:$I$164,">"&$I$165) -> 54.784615 | J169: Lama rawat inap | K169: =AVERAGEIF($J$2:$J$164,"<="&$J$165) -> 2.4805195 | L169: =AVERAGEIF($J$2:$J$164,">"&$J$165) -> 4.7209302 | O169: Jumlah kasus perbulan | P169: =AVERAGEIF($K$2:$K$164,"<="&$K$165) -> 12.603774 | Q169: =AVERAGEIF($K$2:$K$164,">"&$K$165) -> 29.210526 | T169: Jenis kelamin | U169: =AVERAGEIF($L$2:$L$164,"<="&$L$165) -> 0 | V169: =AVERAGEIF($L$2:$L$164,">"&$L$165) -> 1
E170: {=IF($I$2:$I$164<$F$169,"kiri",IF($I$2:$I$164<$G$169,"tengah","kanan"))} -> tengah | F170: Kanan > 54.7 | J170: {=IF($J$2:$J$164<$K$169,"kiri",IF($J$2:$J$164<$L$169,"tengah","kanan"))} -> tengah | K170: Kanan > 4.72 | O170: {=IF($K$2:$K$164<$P$169,"kiri",IF($K$2:$K$164<$Q$169,"tengah","kanan"))} -> kiri | P170: Kanan > 29.21 | T170: {=IF($L$2:$L$164<$U$169,"kiri",IF($L$2:$L$164<$V$169,"tengah","kanan"))} -> kanan | U170: Kanan > 1
E171: tengah | F171: =COUNTIFS($E$170:$E$332,"Kanan",$M$2:$M$164,"Tinggi") -> 13 | G171: =F171/34 -> 0.38235294 | J171: kiri | K171: =COUNTIFS($J$170:$J$332,"Kanan",$M$2:$M$164,"Tinggi") -> 10 | L171: =K171/33 -> 0.3030303 | O171: kanan | P171: =COUNTIFS($O$170:$O$332,"Kanan",$M$2:$M$164,"Tinggi") -> 39 | Q171: =P171/39 -> 1 | T171: tengah | U171: =COUNTIFS($T$170:$T$332,"Kanan",$M$2:$M$164,"Tinggi") -> 37 | V171: =U171/95 -> 0.38947368
E172: tengah | F172: =COUNTIFS($E$170:$E$332,"Kanan",$M$2:$M$164,"Sedang") -> 21 | G172: =F172/34 -> 0.61764706 | J172: tengah | K172: =COUNTIFS($J$170:$J$332,"Kanan",$M$2:$M$164,"Sedang") -> 16 | L172: =K172/33 -> 0.48484848 | O172: tengah | P172: =COUNTIFS($O$170:$O$332,"Kanan",$M$2:$M$164,"Sedang") -> 0 | Q172: =P172/39 -> 0 | T172: kanan | U172: =COUNTIFS($T$170:$T$332,"Kanan",$M$2:$M$164,"Sedang") -> 42 | V172: =U172/95 -> 0.44210526
E173: kiri | F173: =COUNTIFS($E$170:$E$332,"Kanan",$M$2:$M$164,"Rendah") -> 0 | G173: =F173/34 -> 0 | J173: kiri | K173: =COUNTIFS($J$170:$J$332,"Kanan",$M$2:$M$164,"Rendah") -> 7 | L173: =K173/33 -> 0.21212121 | O173: kanan | P173: =COUNTIFS($O$170:$O$332,"Kanan",$M$2:$M$164,"Rendah") -> 0 | Q173: =P173/29 -> 0 | T173: kanan | U173: =COUNTIFS($T$170:$T$332,"Kanan",$M$2:$M$164,"Rendah") -> 16 | V173: =U173/95 -> 0.16842105
E174: kanan | F174: Entropy | G174: =-(IFERROR(G171*LOG(G171,2),0)+IFERROR(G172*LOG(G172,2),0)+IFERROR(G173*LOG(G173,2),0)) -> 0.95968689 | J174: kanan | K174: Entropy | L174: =-(IFERROR(L171*LOG(L171,2),0)+IFERROR(L172*LOG(L172,2),0)+IFERROR(L173*LOG(L173,2),0)) -> 1.5028558 | O174: tengah | P174: Entropy | Q174: =-(IFERROR(Q171*LOG(Q171,2),0)+IFERROR(Q172*LOG(Q172,2),0)+IFERROR(Q173*LOG(Q173,2),0)) -> 0 | T174: tengah | U174: Entropy | V174: =-(IFERROR(V171*LOG(V171,2),0)+IFERROR(V172*LOG(V172,2),0)+IFERROR(V173*LOG(V173,2),0)) -> 1.4832545
E175: tengah | G175: =SUM(F171:F173)/163 -> 0.20858896 | J175: tengah | L175: =SUM(K171:K173)/163 -> 0.20245399 | O175: tengah | Q175: =SUM(P171:P173)/163 -> 0.2392638 | T175: tengah | V175: =SUM(U171:U173)/163 -> 0.58282209
E176: kiri | G176: =G174*G175 -> 0.20018009 | J176: tengah | L176: =L174*L175 -> 0.30425914 | O176: kanan | Q176: =Q174*Q175 -> 0 | T176: kanan | V176: =V174*V175 -> 0.86447348
E177: tengah | J177: tengah | O177: kiri | T177: kanan
E178: tengah | J178: tengah | O178: tengah | T178: kanan
E179: tengah | F179: Kiri<17.15 | J179: tengah | K179: Kiri<2.48 | O179: tengah | P179: Kiri<12.60 | T179: tengah | U179: Kiri<0
E180: kanan | F180: =COUNTIFS($E$170:$E$332,"Kiri",$M$2:$M$164,"Tinggi") -> 17 | G180: =F180/44 -> 0.38636364 | J180: tengah | K180: =COUNTIFS($J$170:$J$332,"Kiri",$M$2:$M$164,"Tinggi") -> 16 | L180: =K180/31 -> 0.51612903 | O180: tengah | P180: =COUNTIFS($O$170:$O$332,"Kiri",$M$2:$M$164,"Tinggi") -> 0 | Q180: =P180/57 -> 0 | T180: tengah | U180: =COUNTIFS($T$170:$T$332,"Kiri",$M$2:$M$164,"Tinggi") -> 0 | V180: =U180/95 -> 0
E181: tengah | F181: =COUNTIFS($E$170:$E$332,"Kiri",$M$2:$M$164,"Sedang") -> 19 | G181: =F181/44 -> 0.43181818 | J181: kiri | K181: =COUNTIFS($J$170:$J$332,"Kiri",$M$2:$M$164,"Sedang") -> 13 | L181: =K181/31 -> 0.41935484 | O181: tengah | P181: =COUNTIFS($O$170:$O$332,"Kiri",$M$2:$M$164,"Sedang") -> 7 | Q181: =P181/31 -> 0.22580645 | T181: kanan | U181: =COUNTIFS($T$170:$T$332,"Kiri",$M$2:$M$164,"Sedang") -> 0 | V181: =U181/95 -> 0
E182: tengah | F182: =COUNTIFS($E$170:$E$332,"Kiri",$M$2:$M$164,"Rendah") -> 8 | G182: =F182/44 -> 0.18181818 | J182: kanan | K182: =COUNTIFS($J$170:$J$332,"Kiri",$M$2:$M$164,"Rendah") -> 2 | L182: =K182/31 -> 0.064516129 | O182: tengah | P182: =COUNTIFS($O$170:$O$332,"Kiri",$M$2:$M$164,"Rendah") -> 24 | Q182: =P182/31 -> 0.77419355 | T182: kanan | U182: =COUNTIFS($T$170:$T$332,"Kiri",$M$2:$M$164,"Rendah") -> 0 | V182: =U182/95 -> 0
E183: kiri | F183: Entropy | G183: =-(IFERROR(G180*LOG(G180,2),0)+IFERROR(G181*LOG(G181,2),0)+IFERROR(G182*LOG(G182,2),0)) -> 1.5003977 | J183: kiri | K183: Entropy | L183: =-(IFERROR(L180*LOG(L180,2),0)+IFERROR(L181*LOG(L181,2),0)+IFERROR(L182*LOG(L182,2),0)) -> 1.2733668 | O183: kanan | P183: Entropy | Q183: =-(IFERROR(Q180*LOG(Q180,2),0)+IFERROR(Q181*LOG(Q181,2),0)+IFERROR(Q182*LOG(Q182,2),0)) -> 0.77062907 | T183: tengah | U183: Entropy | V183: =-(IFERROR(V180*LOG(V180,2),0)+IFERROR(V181*LOG(V181,2),0)+IFERROR(V182*LOG(V182,2),0)) -> 0
E184: tengah | G184: =SUM(F180:F182)/163 -> 0.26993865 | J184: tengah | L184: =SUM(K180:K182)/163 -> 0.19018405 | O184: kanan | Q184: =SUM(P180:P182)/163 -> 0.19018405 | T184: tengah | V184: =SUM(U180:U182)/163 -> 0
E185: tengah | G185: =G183*G184 -> 0.40501534 | J185: tengah | L185: =L183*L184 -> 0.24217404 | O185: kiri | Q185: =Q183*Q184 -> 0.14656136 | T185: kanan | V185: =V183*V184 -> 0
E186: kiri | J186: tengah | O186: kiri | T186: tengah
E187: kiri | J187: tengah | O187: kanan | T187: kanan
E188: tengah | F188: Tengah | J188: tengah | K188: Tengah | O188: tengah | P188: Tengah | T188: kanan | U188: Tengah
E189: tengah | F189: =COUNTIFS($E$170:$E$332,"Tengah",$M$2:$M$164,"Tinggi") -> 27 | G189: =F189/85 -> 0.31764706 | J189: kiri | K189: =COUNTIFS($J$170:$J$332,"Tengah",$M$2:$M$164,"Tinggi") -> 31 | L189: =K189/99 -> 0.31313131 | O189: kiri | P189: =COUNTIFS($O$170:$O$332,"Tengah",$M$2:$M$164,"Tinggi") -> 18 | Q189: =P189/93 -> 0.19354839 | T189: tengah | U189: =COUNTIFS($T$170:$T$332,"Tengah",$M$2:$M$164,"Tinggi") -> 20 | V189: =U189/68 -> 0.29411765
E190: tengah | F190: =COUNTIFS($E$170:$E$332,"Tengah",$M$2:$M$164,"Sedang") -> 42 | G190: =F190/85 -> 0.49411765 | J190: kanan | K190: =COUNTIFS($J$170:$J$332,"Tengah",$M$2:$M$164,"Sedang") -> 53 | L190: =K190/99 -> 0.53535354 | O190: tengah | P190: =COUNTIFS($O$170:$O$332,"Tengah",$M$2:$M$164,"Sedang") -> 75 | Q190: =P190/93 -> 0.80645161 | T190: tengah | U190: =COUNTIFS($T$170:$T$332,"Tengah",$M$2:$M$164,"Sedang") -> 40 | V190: =U190/68 -> 0.58823529
E191: tengah | F191: =COUNTIFS($E$170:$E$332,"Tengah",$M$2:$M$164,"Rendah") -> 16 | G191: =F191/85 -> 0.18823529 | J191: kiri | K191: =COUNTIFS($J$170:$J$332,"Tengah",$M$2:$M$164,"Rendah") -> 15 | L191: =K191/99 -> 0.15151515 | O191: kiri | P191: =COUNTIFS($O$170:$O$332,"Tengah",$M$2:$M$164,"Rendah") -> 0 | Q191: =P191/93 -> 0 | T191: tengah | U191: =COUNTIFS($T$170:$T$332,"Tengah",$M$2:$M$164,"Rendah") -> 8 | V191: =U191/68 -> 0.11764706
E192: kiri | F192: Entropy | G192: =-(IFERROR(G189*LOG(G189,2),0)+IFERROR(G190*LOG(G190,2),0)+IFERROR(G191*LOG(G191,2),0)) -> 1.4816345 | J192: kiri | K192: Entropy | L192: =-(IFERROR(L189*LOG(L189,2),0)+IFERROR(L190*LOG(L190,2),0)+IFERROR(L191*LOG(L191,2),0)) -> 1.419627 | O192: tengah | P192: Entropy | Q192: =-(IFERROR(Q189*LOG(Q189,2),0)+IFERROR(Q190*LOG(Q190,2),0)+IFERROR(Q191*LOG(Q191,2),0)) -> 0.70883567 | T192: kanan | U192: Entropy | V192: =-(IFERROR(V189*LOG(V189,2),0)+IFERROR(V190*LOG(V190,2),0)+IFERROR(V191*LOG(V191,2),0)) -> 1.3328204
E193: kiri | G193: =SUM(F189:F191)/163 -> 0.52147239 | J193: tengah | L193: =SUM(K189:K191)/163 -> 0.60736196 | O193: tengah | Q193: =SUM(P189:P191)/163 -> 0.57055215 | T193: tengah | V193: =SUM(U189:U191)/163 -> 0.41717791
E194: tengah | G194: =G192*G193 -> 0.7726315 | J194: tengah | L194: =L192*L193 -> 0.86222746 | O194: tengah | Q194: =Q192*Q193 -> 0.40442772 | T194: tengah | V194: =V192*V193 -> 0.55602324
E195: tengah | J195: tengah | O195: kiri | T195: kanan
E196: tengah | F196: IG | J196: kanan | K196: IG | O196: tengah | P196: IG | T196: tengah | U196: IG
E197: tengah | F197: =P5-(G176+G185+G194) -> 0.057814749 | J197: tengah | K197: =P5-(L176+L185+L194) -> 0.026981027 | O197: tengah | P197: =P5-(Q176+Q185+Q194) -> 0.88465261 | T197: kanan | U197: =P5-(V176+V185+V194) -> 0.015144969
E198: tengah | J198: tengah | O198: tengah | T198: tengah
E199: tengah | J199: tengah | O199: tengah | T199: tengah
E200: kanan | J200: kiri | O200: kanan | T200: kanan
E201: tengah | J201: tengah | O201: tengah | T201: kanan
E202: kiri | J202: tengah | O202: tengah | T202: kanan
E203: kiri | J203: kiri | O203: kanan | T203: tengah
E204: tengah | J204: kiri | O204: tengah | T204: kanan
E205: kanan | J205: kiri | O205: tengah | T205: tengah
E206: kanan | J206: kiri | O206: tengah | T206: tengah
E207: kiri | J207: kanan | O207: tengah | T207: kanan
E208: tengah | J208: kiri | O208: kanan | T208: tengah
E209: kiri | J209: kiri | O209: tengah | T209: tengah
... E332: kiri | J332: kiri | O332: tengah | T332: kanan

Sheet Pohon 6
A1: No | B1: Usia | C1: Lama Rawat Inap | D1: Jenis Kelamin | E1: Tingkat Resiko | H1: No | I1: Usia | J1: Lama Rawat Inap | K1: Jenis Kelamin | L1: Tingkat Resiko | O1: Perhitungan root
A2: =RANDBETWEEN(2,164) -> 120 | B2: {=INDEX([1]data_dbd!$b:$b,$A2)} -> #NAME? | C2: {=INDEX([1]data_dbd!$c:$c,$A2)} -> #NAME? | D2: {=INDEX([1]data_dbd!$e:$e,$A2)} -> #NAME? | E2: {=INDEX([1]data_dbd!$f:$f,$A2)} -> #NAME? | H2: 42 | I2: 21 | J2: 5 | K2: 1 | L2: Sedang | O2: Tinggi | P2: =COUNTIF(L2:L164,"Tinggi") -> 74 | Q2: =P2/163 -> 0.45398773
A3: =RANDBETWEEN(2,164) -> 145 | B3: {=INDEX([1]data_dbd!$b:$b,$A3)} -> #NAME? | C3: {=INDEX([1]data_dbd!$c:$c,$A3)} -> #NAME? | D3: {=INDEX([1]data_dbd!$e:$e,$A3)} -> #NAME? | E3: {=INDEX([1]data_dbd!$f:$f,$A3)} -> #NAME? | H3: 30 | I3: 3 | J3: 2 | K3: 1 | L3: Sedang | O3: Sedang | P3: =COUNTIF(L2:L164,"Sedang") -> 74 | Q3: =P3/163 -> 0.45398773
A4: =RANDBETWEEN(2,164) -> 26 | B4: {=INDEX([1]data_dbd!$b:$b,$A4)} -> #NAME? | C4: {=INDEX([1]data_dbd!$c:$c,$A4)} -> #NAME? | D4: {=INDEX([1]data_dbd!$e:$e,$A4)} -> #NAME? | E4: {=INDEX([1]data_dbd!$f:$f,$A4)} -> #NAME? | H4: 139 | I4: 52 | J4: 7 | K4: 0 | L4: Tinggi | O4: Rendah | P4: =COUNTIF(L2:L164,"Rendah") -> 15 | Q4: =P4/163 -> 0.09202454
A5: =RANDBETWEEN(2,164) -> 16 | B5: {=INDEX([1]data_dbd!$b:$b,$A5)} -> #NAME? | C5: {=INDEX([1]data_dbd!$c:$c,$A5)} -> #NAME? | D5: {=INDEX([1]data_dbd!$e:$e,$A5)} -> #NAME? | E5: {=INDEX([1]data_dbd!$f:$f,$A5)} -> #NAME? | H5: 60 | I5: 68 | J5: 4 | K5: 0 | L5: Sedang | O5: Entropy Root | P5: =-(IFERROR(Q2*LOG(Q2,2),0)+IFERROR(Q3*LOG(Q3,2),0)+IFERROR(Q4*LOG(Q4,2),0)) -> 1.3511671
A6: =RANDBETWEEN(2,164) -> 65 | B6: {=INDEX([1]data_dbd!$b:$b,$A6)} -> #NAME? | C6: {=INDEX([1]data_dbd!$c:$c,$A6)} -> #NAME? | D6: {=INDEX([1]data_dbd!$e:$e,$A6)} -> #NAME? | E6: {=INDEX([1]data_dbd!$f:$f,$A6)} -> #NAME? | H6: 76 | I6: 70 | J6: 2 | K6: 0 | L6: Sedang
A7: =RANDBETWEEN(2,164) -> 7 | B7: {=INDEX([1]data_dbd!$b:$b,$A7)} -> #NAME? | C7: {=INDEX([1]data_dbd!$c:$c,$A7)} -> #NAME? | D7: {=INDEX([1]data_dbd!$e:$e,$A7)} -> #NAME? | E7: {=INDEX([1]data_dbd!$f:$f,$A7)} -> #NAME? | H7: 157 | I7: 15 | J7: 4 | K7: 1 | L7: Tinggi
A8: =RANDBETWEEN(2,164) -> 90 | B8: {=INDEX([1]data_dbd!$b:$b,$A8)} -> #NAME? | C8: {=INDEX([1]data_dbd!$c:$c,$A8)} -> #NAME? | D8: {=INDEX([1]data_dbd!$e:$e,$A8)} -> #NAME? | E8: {=INDEX([1]data_dbd!$f:$f,$A8)} -> #NAME? | H8: 48 | I8: 50 | J8: 5 | K8: 1 | L8: Sedang
A9: =RANDBETWEEN(2,164) -> 37 | B9: {=INDEX([1]data_dbd!$b:$b,$A9)} -> #NAME? | C9: {=INDEX([1]data_dbd!$c:$c,$A9)} -> #NAME? | D9: {=INDEX([1]data_dbd!$e:$e,$A9)} -> #NAME? | E9: {=INDEX([1]data_dbd!$f:$f,$A9)} -> #NAME? | H9: 60 | I9: 68 | J9: 4 | K9: 0 | L9: Sedang
A10: =RANDBETWEEN(2,164) -> 87 | B10: {=INDEX([1]data_dbd!$b:$b,$A10)} -> #NAME? | C10: {=INDEX([1]data_dbd!$c:$c,$A10)} -> #NAME? | D10: {=INDEX([1]data_dbd!$e:$e,$A10)} -> #NAME? | E10: {=INDEX([1]data_dbd!$f:$f,$A10)} -> #NAME? | H10: 8 | I10: 4 | J10: 2 | K10: 0 | L10: Sedang
A11: =RANDBETWEEN(2,164) -> 21 | B11: {=INDEX([1]data_dbd!$b:$b,$A11)} -> #NAME? | C11: {=INDEX([1]data_dbd!$c:$c,$A11)} -> #NAME? | D11: {=INDEX([1]data_dbd!$e:$e,$A11)} -> #NAME? | E11: {=INDEX([1]data_dbd!$f:$f,$A11)} -> #NAME? | H11: 149 | I11: 19 | J11: 5 | K11: 0 | L11: Tinggi
A12: =RANDBETWEEN(2,164) -> 119 | B12: {=INDEX([1]data_dbd!$b:$b,$A12)} -> #NAME? | C12: {=INDEX([1]data_dbd!$c:$c,$A12)} -> #NAME? | D12: {=INDEX([1]data_dbd!$e:$e,$A12)} -> #NAME? | E12: {=INDEX([1]data_dbd!$f:$f,$A12)} -> #NAME? | H12: 141 | I12: 36 | J12: 2 | K12: 0 | L12: Tinggi
A13: =RANDBETWEEN(2,164) -> 82 | B13: {=INDEX([1]data_dbd!$b:$b,$A13)} -> #NAME? | C13: {=INDEX([1]data_dbd!$c:$c,$A13)} -> #NAME? | D13: {=INDEX([1]data_dbd!$e:$e,$A13)} -> #NAME? | E13: {=INDEX([1]data_dbd!$f:$f,$A13)} -> #NAME? | H13: 6 | I13: 14 | J13: 4 | K13: 0 | L13: Sedang
A14: =RANDBETWEEN(2,164) -> 69 | B14: {=INDEX([1]data_dbd!$b:$b,$A14)} -> #NAME? | C14: {=INDEX([1]data_dbd!$c:$c,$A14)} -> #NAME? | D14: {=INDEX([1]data_dbd!$e:$e,$A14)} -> #NAME? | E14: {=INDEX([1]data_dbd!$f:$f,$A14)} -> #NAME? | H14: 39 | I14: 12 | J14: 5 | K14: 1 | L14: Sedang
A15: =RANDBETWEEN(2,164) -> 146 | B15: {=INDEX([1]data_dbd!$b:$b,$A15)} -> #NAME? | C15: {=INDEX([1]data_dbd!$c:$c,$A15)} -> #NAME? | D15: {=INDEX([1]data_dbd!$e:$e,$A15)} -> #NAME? | E15: {=INDEX([1]data_dbd!$f:$f,$A15)} -> #NAME? | H15: 54 | I15: 7 | J15: 3 | K15: 0 | L15: Sedang
A16: =RANDBETWEEN(2,164) -> 92 | B16: {=INDEX([1]data_dbd!$b:$b,$A16)} -> #NAME? | C16: {=INDEX([1]data_dbd!$c:$c,$A16)} -> #NAME? | D16: {=INDEX([1]data_dbd!$e:$e,$A16)} -> #NAME? | E16: {=INDEX([1]data_dbd!$f:$f,$A16)} -> #NAME? | H16: 8 | I16: 4 | J16: 2 | K16: 0 | L16: Sedang
A17: =RANDBETWEEN(2,164) -> 157 | B17: {=INDEX([1]data_dbd!$b:$b,$A17)} -> #NAME? | C17: {=INDEX([1]data_dbd!$c:$c,$A17)} -> #NAME? | D17: {=INDEX([1]data_dbd!$e:$e,$A17)} -> #NAME? | E17: {=INDEX([1]data_dbd!$f:$f,$A17)} -> #NAME? | H17: 44 | I17: 28 | J17: 5 | K17: 1 | L17: Sedang
... A138: =RANDBETWEEN(2,164) -> 32 | B138: {=INDEX([1]data_dbd!$b:$b,$A138)} -> #NAME? | C138: {=INDEX([1]data_dbd!$c:$c,$A138)} -> #NAME? | D138: {=INDEX([1]data_dbd!$e:$e,$A138)} -> #NAME? | E138: {=INDEX([1]data_dbd!$f:$f,$A138)} -> #NAME? | H138: 21 | I138: 10 | J138: 5 | K138: 1 | L138: Sedang
A139: =RANDBETWEEN(2,164) -> 10 | B139: {=INDEX([1]data_dbd!$b:$b,$A139)} -> #NAME? | C139: {=INDEX([1]data_dbd!$c:$c,$A139)} -> #NAME? | D139: {=INDEX([1]data_dbd!$e:$e,$A139)} -> #NAME? | E139: {=INDEX([1]data_dbd!$f:$f,$A139)} -> #NAME? | H139: 95 | I139: 11 | J139: 3 | K139: 1 | L139: Tinggi | W139: Pohon 6:
A140: =RANDBETWEEN(2,164) -> 143 | B140: {=INDEX([1]data_dbd!$b:$b,$A140)} -> #NAME? | C140: {=INDEX([1]data_dbd!$c:$c,$A140)} -> #NAME? | D140: {=INDEX([1]data_dbd!$e:$e,$A140)} -> #NAME? | E140: {=INDEX([1]data_dbd!$f:$f,$A140)} -> #NAME? | H140: 68 | I140: 44 | J140: 5 | K140: 0 | L140: Sedang | W140: Rule 1.1
A141: =RANDBETWEEN(2,164) -> 93 | B141: {=INDEX([1]data_dbd!$b:$b,$A141)} -> #NAME? | C141: {=INDEX([1]data_dbd!$c:$c,$A141)} -> #NAME? | D141: {=INDEX([1]data_dbd!$e:$e,$A141)} -> #NAME? | E141: {=INDEX([1]data_dbd!$f:$f,$A141)} -> #NAME? | H141: 14 | I141: 49 | J141: 4 | K141: 1 | L141: Rendah | W141: IF Lama Rawat Inap < 2,5
A142: =RANDBETWEEN(2,164) -> 93 | B142: {=INDEX([1]data_dbd!$b:$b,$A142)} -> #NAME? | C142: {=INDEX([1]data_dbd!$c:$c,$A142)} -> #NAME? | D142: {=INDEX([1]data_dbd!$e:$e,$A142)} -> #NAME? | E142: {=INDEX([1]data_dbd!$f:$f,$A142)} -> #NAME? | H142: 102 | I142: 41 | J142: 4 | K142: 0 | L142: Tinggi | W142: THEN Kelas = Sedang
A143: =RANDBETWEEN(2,164) -> 118 | B143: {=INDEX([1]data_dbd!$b:$b,$A143)} -> #NAME? | C143: {=INDEX([1]data_dbd!$c:$c,$A143)} -> #NAME? | D143: {=INDEX([1]data_dbd!$e:$e,$A143)} -> #NAME? | E143: {=INDEX([1]data_dbd!$f:$f,$A143)} -> #NAME? | H143: 30 | I143: 3 | J143: 2 | K143: 1 | L143: Sedang | W143: Rule 1.2
A144: =RANDBETWEEN(2,164) -> 49 | B144: {=INDEX([1]data_dbd!$b:$b,$A144)} -> #NAME? | C144: {=INDEX([1]data_dbd!$c:$c,$A144)} -> #NAME? | D144: {=INDEX([1]data_dbd!$e:$e,$A144)} -> #NAME? | E144: {=INDEX([1]data_dbd!$f:$f,$A144)} -> #NAME? | H144: 51 | I144: 48 | J144: 4 | K144: 0 | L144: Sedang | W144: IF Lama Rawat Inap ≤ 2,5 AND Lama Rawat Inap > 4,67
A145: =RANDBETWEEN(2,164) -> 44 | B145: {=INDEX([1]data_dbd!$b:$b,$A145)} -> #NAME? | C145: {=INDEX([1]data_dbd!$c:$c,$A145)} -> #NAME? | D145: {=INDEX([1]data_dbd!$e:$e,$A145)} -> #NAME? | E145: {=INDEX([1]data_dbd!$f:$f,$A145)} -> #NAME? | H145: 74 | I145: 9 | J145: 4 | K145: 0 | L145: Sedang | W145: THEN Kelas = Lama
A146: =RANDBETWEEN(2,164) -> 11 | B146: {=INDEX([1]data_dbd!$b:$b,$A146)} -> #NAME? | C146: {=INDEX([1]data_dbd!$c:$c,$A146)} -> #NAME? | D146: {=INDEX([1]data_dbd!$e:$e,$A146)} -> #NAME? | E146: {=INDEX([1]data_dbd!$f:$f,$A146)} -> #NAME? | H146: 26 | I146: 75 | J146: 4 | K146: 1 | L146: Sedang | W146: Rule 1.3
A147: =RANDBETWEEN(2,164) -> 159 | B147: {=INDEX([1]data_dbd!$b:$b,$A147)} -> #NAME? | C147: {=INDEX([1]data_dbd!$c:$c,$A147)} -> #NAME? | D147: {=INDEX([1]data_dbd!$e:$e,$A147)} -> #NAME? | E147: {=INDEX([1]data_dbd!$f:$f,$A147)} -> #NAME? | H147: 23 | I147: 28 | J147: 4 | K147: 1 | L147: Sedang | W147: IF Lama Rawat Inap > 4,67 THEN Kelas = Lama
A148: =RANDBETWEEN(2,164) -> 107 | B148: {=INDEX([1]data_dbd!$b:$b,$A148)} -> #NAME? | C148: {=INDEX([1]data_dbd!$c:$c,$A148)} -> #NAME? | D148: {=INDEX([1]data_dbd!$e:$e,$A148)} -> #NAME? | E148: {=INDEX([1]data_dbd!$f:$f,$A148)} -> #NAME? | H148: 125 | I148: 39 | J148: 4 | K148: 0 | L148: Tinggi
A149: =RANDBETWEEN(2,164) -> 62 | B149: {=INDEX([1]data_dbd!$b:$b,$A149)} -> #NAME? | C149: {=INDEX([1]data_dbd!$c:$c,$A149)} -> #NAME? | D149: {=INDEX([1]data_dbd!$e:$e,$A149)} -> #NAME? | E149: {=INDEX([1]data_dbd!$f:$f,$A149)} -> #NAME? | H149: 74 | I149: 9 | J149: 4 | K149: 0 | L149: Sedang
A150: =RANDBETWEEN(2,164) -> 70 | B150: {=INDEX([1]data_dbd!$b:$b,$A150)} -> #NAME? | C150: {=INDEX([1]data_dbd!$c:$c,$A150)} -> #NAME? | D150: {=INDEX([1]data_dbd!$e:$e,$A150)} -> #NAME? | E150: {=INDEX([1]data_dbd!$f:$f,$A150)} -> #NAME? | H150: 22 | I150: 6 | J150: 3 | K150: 0 | L150: Sedang
A151: =RANDBETWEEN(2,164) -> 22 | B151: {=INDEX([1]data_dbd!$b:$b,$A151)} -> #NAME? | C151: {=INDEX([1]data_dbd!$c:$c,$A151)} -> #NAME? | D151: {=INDEX([1]data_dbd!$e:$e,$A151)} -> #NAME? | E151: {=INDEX([1]data_dbd!$f:$f,$A151)} -> #NAME? | H151: 69 | I151: 24 | J151: 4 | K151: 1 | L151: Sedang
A152: =RANDBETWEEN(2,164) -> 8 | B152: {=INDEX([1]data_dbd!$b:$b,$A152)} -> #NAME? | C152: {=INDEX([1]data_dbd!$c:$c,$A152)} -> #NAME? | D152: {=INDEX([1]data_dbd!$e:$e,$A152)} -> #NAME? | E152: {=INDEX([1]data_dbd!$f:$f,$A152)} -> #NAME? | H152: 11 | I152: 24 | J152: 5 | K152: 1 | L152: Sedang
A153: =RANDBETWEEN(2,164) -> 12 | B153: {=INDEX([1]data_dbd!$b:$b,$A153)} -> #NAME? | C153: {=INDEX([1]data_dbd!$c:$c,$A153)} -> #NAME? | D153: {=INDEX([1]data_dbd!$e:$e,$A153)} -> #NAME? | E153: {=INDEX([1]data_dbd!$f:$f,$A153)} -> #NAME? | H153: 94 | I153: 12 | J153: 4 | K153: 0 | L153: Tinggi
A154: =RANDBETWEEN(2,164) -> 121 | B154: {=INDEX([1]data_dbd!$b:$b,$A154)} -> #NAME? | C154: {=INDEX([1]data_dbd!$c:$c,$A154)} -> #NAME? | D154: {=INDEX([1]data_dbd!$e:$e,$A154)} -> #NAME? | E154: {=INDEX([1]data_dbd!$f:$f,$A154)} -> #NAME? | H154: 100 | I154: 19 | J154: 6 | K154: 0 | L154: Tinggi
A155: =RANDBETWEEN(2,164) -> 139 | B155: {=INDEX([1]data_dbd!$b:$b,$A155)} -> #NAME? | C155: {=INDEX([1]data_dbd!$c:$c,$A155)} -> #NAME? | D155: {=INDEX([1]data_dbd!$e:$e,$A155)} -> #NAME? | E155: {=INDEX([1]data_dbd!$f:$f,$A155)} -> #NAME? | H155: 144 | I155: 61 | J155: 4 | K155: 1 | L155: Tinggi
A156: =RANDBETWEEN(2,164) -> 58 | B156: {=INDEX([1]data_dbd!$b:$b,$A156)} -> #NAME? | C156: {=INDEX([1]data_dbd!$c:$c,$A156)} -> #NAME? | D156: {=INDEX([1]data_dbd!$e:$e,$A156)} -> #NAME? | E156: {=INDEX([1]data_dbd!$f:$f,$A156)} -> #NAME? | H156: 6 | I156: 14 | J156: 4 | K156: 0 | L156: Sedang
A157: =RANDBETWEEN(2,164) -> 75 | B157: {=INDEX([1]data_dbd!$b:$b,$A157)} -> #NAME? | C157: {=INDEX([1]data_dbd!$c:$c,$A157)} -> #NAME? | D157: {=INDEX([1]data_dbd!$e:$e,$A157)} -> #NAME? | E157: {=INDEX([1]data_dbd!$f:$f,$A157)} -> #NAME? | H157: 57 | I157: 2 | J157: 2 | K157: 1 | L157: Sedang
A158: =RANDBETWEEN(2,164) -> 54 | B158: {=INDEX([1]data_dbd!$b:$b,$A158)} -> #NAME? | C158: {=INDEX([1]data_dbd!$c:$c,$A158)} -> #NAME? | D158: {=INDEX([1]data_dbd!$e:$e,$A158)} -> #NAME? | E158: {=INDEX([1]data_dbd!$f:$f,$A158)} -> #NAME? | H158: 7 | I158: 12 | J158: 1 | K158: 1 | L158: Sedang
A159: =RANDBETWEEN(2,164) -> 155 | B159: {=INDEX([1]data_dbd!$b:$b,$A159)} -> #NAME? | C159: {=INDEX([1]data_dbd!$c:$c,$A159)} -> #NAME? | D159: {=INDEX([1]data_dbd!$e:$e,$A159)} -> #NAME? | E159: {=INDEX([1]data_dbd!$f:$f,$A159)} -> #NAME? | H159: 125 | I159: 39 | J159: 4 | K159: 0 | L159: Tinggi
... A164: =RANDBETWEEN(2,164) -> 80 | B164: {=INDEX([1]data_dbd!$b:$b,$A164)} -> #NAME? | C164: {=INDEX([1]data_dbd!$c:$c,$A164)} -> #NAME? | D164: {=INDEX([1]data_dbd!$e:$e,$A164)} -> #NAME? | E164: {=INDEX([1]data_dbd!$f:$f,$A164)} -> #NAME? | H164: 139 | I164: 52 | J164: 7 | K164: 0 | L164: Tinggi
I165: =AVERAGE(I2:I164) -> 32.760736 | J165: =AVERAGE(J2:J164) -> 3.791411 | K165: =AVERAGE(K2:K164) -> 0.53374233
B166: 60
E168: USIA | J168: LAMA RAWAT INAP | T168: JENIS KELAMIN
E169: Usia | F169: =AVERAGEIF($I$2:$I$164,"<="&$I$165) -> 16.085106 | G169: =AVERAGEIF($I$2:$I$164,">"&$I$165) -> 55.478261 | J169: Lama rawat inap | K169: =AVERAGEIF($J$2:$J$164,"<="&$J$165) -> 2.5 | L169: =AVERAGEIF($J$2:$J$164,">"&$J$165) -> 4.6701031 | T169: Jenis kelamin | U169: =AVERAGEIF($K$2:$K$164,"<="&$K$165) -> 0 | V169: =AVERAGEIF($K$2:$K$164,">"&$K$165) -> 1
E170: {=IF($I$2:$I$164<$F$169,"kiri",IF($I$2:$I$164<$G$169,"tengah","kanan"))} -> tengah | F170: Kanan > 55.47 | J170: {=IF($J$2:$J$164<$K$169,"kiri",IF($J$2:$J$164<$L$169,"tengah","kanan"))} -> kanan | K170: Kanan > 4.67 | T170: {=IF($K$2:$K$164<$U$169,"kiri",IF($K$2:$K$164<$V$169,"tengah","kanan"))} -> kanan | U170: Kanan > 1
E171: kiri | F171: =COUNTIFS($E$170:$E$332,"Kanan",$L$2:$L$164,"Tinggi") -> 12 | G171: =F171/31 -> 0.38709677 | J171: kiri | K171: =COUNTIFS($J$170:$J$332,"Kanan",$L$2:$L$164,"Tinggi") -> 20 | L171: =K171/41 -> 0.48780488 | T171: kanan | U171: =COUNTIFS($T$170:$T$332,"Kanan",$L$2:$L$164,"Tinggi") -> 36 | V171: =U171/87 -> 0.4137931
E172: tengah | F172: =COUNTIFS($E$170:$E$332,"Kanan",$L$2:$L$164,"Sedang") -> 17 | G172: =F172/31 -> 0.5483871 | J172: kanan | K172: =COUNTIFS($J$170:$J$332,"Kanan",$L$2:$L$164,"Sedang") -> 17 | L172: =K172/41 -> 0.41463415 | T172: tengah | U172: =COUNTIFS($T$170:$T$332,"Kanan",$L$2:$L$164,"Sedang") -> 39 | V172: =U172/87 -> 0.44827586
E173: kanan | F173: =COUNTIFS($E$170:$E$332,"Kanan",$L$2:$L$164,"Rendah") -> 2 | G173: =F173/31 -> 0.064516129 | J173: tengah | K173: =COUNTIFS($J$170:$J$332,"Kanan",$L$2:$L$164,"Rendah") -> 4 | L173: =K173/41 -> 0.097560976 | T173: tengah | U173: =COUNTIFS($T$170:$T$332,"Kanan",$L$2:$L$164,"Rendah") -> 12 | V173: =U173/87 -> 0.13793103
E174: kanan | F174: Entropy | G174: =-(IFERROR(G171*LOG(G171,2),0)+IFERROR(G172*LOG(G172,2),0)+IFERROR(G173*LOG(G173,2),0)) -> 1.2604409 | J174: kiri | K174: Entropy | L174: =-(IFERROR(L171*LOG(L171,2),0)+IFERROR(L172*LOG(L172,2),0)+IFERROR(L173*LOG(L173,2),0)) -> 1.3593708 | T174: tengah | U174: Entropy | V174: =-(IFERROR(V171*LOG(V171,2),0)+IFERROR(V172*LOG(V172,2),0)+IFERROR(V173*LOG(V173,2),0)) -> 1.4398684
E175: kiri | G175: =SUM(F171:F173)/163 -> 0.19018405 | J175: tengah | L175: =SUM(K171:K173)/163 -> 0.25153374 | T175: kanan | V175: =SUM(U171:U173)/163 -> 0.53374233
E176: tengah | G176: =G174*G175 -> 0.23971575 | J176: kanan | L176: =L174*L175 -> 0.34192762 | T176: kanan | V176: =V174*V175 -> 0.7685187
E177: kanan | J177: tengah | T177: tengah
E178: kiri | J178: kiri | T178: tengah
E179: tengah | F179: Kiri<16.08 | J179: kanan | K179: Kiri<2.5 | T179: tengah | U179: Kiri<0
E180: tengah | F180: =COUNTIFS($E$170:$E$332,"Kiri",$L$2:$L$164,"Tinggi") -> 23 | G180: =F180/50 -> 0.46 | J180: kiri | K180: =COUNTIFS($J$170:$J$332,"Kiri",$L$2:$L$164,"Tinggi") -> 13 | L180: =K180/28 -> 0.46428571 | T180: tengah | U180: =COUNTIFS($T$170:$T$332,"Kiri",$L$2:$L$164,"Tinggi") -> 0 | V180: =U180/87 -> 0
E181: kiri | F181: =COUNTIFS($E$170:$E$332,"Kiri",$L$2:$L$164,"Sedang") -> 24 | G181: =F181/50 -> 0.48 | J181: tengah | K181: =COUNTIFS($J$170:$J$332,"Kiri",$L$2:$L$164,"Sedang") -> 15 | L181: =K181/28 -> 0.53571429 | T181: tengah | U181: =COUNTIFS($T$170:$T$332,"Kiri",$L$2:$L$164,"Sedang") -> 0 | V181: =U181/87 -> 0
E182: kiri | F182: =COUNTIFS($E$170:$E$332,"Kiri",$L$2:$L$164,"Rendah") -> 3 | G182: =F182/50 -> 0.06 | J182: kanan | K182: =COUNTIFS($J$170:$J$332,"Kiri",$L$2:$L$164,"Rendah") -> 0 | L182: =K182/28 -> 0 | T182: kanan | U182: =COUNTIFS($T$170:$T$332,"Kiri",$L$2:$L$164,"Rendah") -> 0 | V182: =U182/87 -> 0
E183: kiri | F183: Entropy | G183: =-(IFERROR(G180*LOG(G180,2),0)+IFERROR(G181*LOG(G181,2),0)+IFERROR(G182*LOG(G182,2),0)) -> 1.2671379 | J183: tengah | K183: Entropy | L183: =-(IFERROR(L180*LOG(L180,2),0)+IFERROR(L181*LOG(L181,2),0)+IFERROR(L182*LOG(L182,2),0)) -> 0.99631652 | T183: tengah | U183: Entropy | V183: =-(IFERROR(V180*LOG(V180,2),0)+IFERROR(V181*LOG(V181,2),0)+IFERROR(V182*LOG(V182,2),0)) -> 0
E184: kiri | G184: =SUM(F180:F182)/163 -> 0.30674847 | J184: kiri | L184: =SUM(K180:K182)/163 -> 0.17177914 | T184: tengah | V184: =SUM(U180:U182)/163 -> 0
E185: tengah | G185: =G183*G184 -> 0.38869262 | J185: kanan | L185: =L183*L184 -> 0.1711464 | T185: kanan | V185: =V183*V184 -> 0
E186: kanan | J186: tengah | T186: kanan
E187: kanan | J187: tengah | T187: tengah
E188: kiri | F188: Tengah | J188: tengah | K188: Tengah | T188: tengah | U188: Tengah
E189: tengah | F189: =COUNTIFS($E$170:$E$332,"Tengah",$L$2:$L$164,"Tinggi") -> 39 | G189: =F189/82 -> 0.47560976 | J189: tengah | K189: =COUNTIFS($J$170:$J$332,"Tengah",$L$2:$L$164,"Tinggi") -> 41 | L189: =K189/109 -> 0.37614679 | T189: kanan | U189: =COUNTIFS($T$170:$T$332,"Tengah",$L$2:$L$164,"Tinggi") -> 38 | V189: =U189/76 -> 0.5
E190: tengah | F190: =COUNTIFS($E$170:$E$332,"Tengah",$L$2:$L$164,"Sedang") -> 33 | G190: =F190/82 -> 0.40243902 | J190: tengah | K190: =COUNTIFS($J$170:$J$332,"Tengah",$L$2:$L$164,"Sedang") -> 42 | L190: =K190/109 -> 0.3853211 | T190: tengah | U190: =COUNTIFS($T$170:$T$332,"Tengah",$L$2:$L$164,"Sedang") -> 35 | V190: =U190/76 -> 0.46052632
E191: kiri | F191: =COUNTIFS($E$170:$E$332,"Tengah",$L$2:$L$164,"Rendah") -> 10 | G191: =F191/82 -> 0.12195122 | J191: kanan | K191: =COUNTIFS($J$170:$J$332,"Tengah",$L$2:$L$164,"Rendah") -> 11 | L191: =K191/109 -> 0.10091743 | T191: kanan | U191: =COUNTIFS($T$170:$T$332,"Tengah",$L$2:$L$164,"Rendah") -> 3 | V191: =U191/76 -> 0.039473684
E192: kiri | F192: Entropy | G192: =-(IFERROR(G189*LOG(G189,2),0)+IFERROR(G190*LOG(G190,2),0)+IFERROR(G191*LOG(G191,2),0)) -> 1.4085889 | J192: tengah | K192: Entropy | L192: =-(IFERROR(L189*LOG(L189,2),0)+IFERROR(L190*LOG(L190,2),0)+IFERROR(L191*LOG(L191,2),0)) -> 1.3946662 | T192: tengah | U192: Entropy | V192: =-(IFERROR(V189*LOG(V189,2),0)+IFERROR(V190*LOG(V190,2),0)+IFERROR(V191*LOG(V191,2),0)) -> 1.1992296
E193: kanan | G193: =SUM(F189:F191)/163 -> 0.50306748 | J193: kanan | L193: =SUM(K189:K191)/163 -> 0.57668712 | T193: kanan | V193: =SUM(U189:U191)/163 -> 0.46625767
E194: tengah | G194: =G192*G193 -> 0.70861528 | J194: tengah | L194: =L192*L193 -> 0.80428602 | T194: kanan | V194: =V192*V193 -> 0.55915001
E195: kanan | J195: tengah | T195: kanan
E196: kanan | F196: IG | J196: kanan | K196: IG | T196: kanan | U196: IG
E197: tengah | F197: =P5-(G176+G185+G194) -> 0.014143416 | J197: kanan | K197: =P5-(L176+L185+L194) -> 0.033807028 | T197: tengah | U197: =P5-(V176+V185+V194) -> 0.023498357
E198: tengah | J198: kanan | T198: tengah
E199: kiri | J199: tengah | T199: kanan
E200: tengah | J200: tengah | T200: tengah
E201: kiri | J201: kiri | T201: kanan
E202: tengah | J202: tengah | T202: kanan
E203: tengah | J203: tengah | T203: kanan
E204: kiri | J204: tengah | T204: tengah
E205: kiri | J205: kiri | T205: kanan
E206: kiri | J206: tengah | T206: tengah
E207: kanan | J207: kiri | T207: kanan
E208: tengah | J208: tengah | T208: kanan
E209: tengah | J209: tengah | T209: tengah
... E332: tengah | J332: kanan | T332: tengah

Sheet Pohon 7
A1: No | B1: Usia | C1: Jenis Kelamin | D1: Tingkat Resiko | H1: No | I1: Usia | J1: Jenis Kelamin | K1: Tingkat Resiko | O1: Perhitungan root
A2: =RANDBETWEEN(2,164) -> 31 | B2: {=INDEX([1]data_dbd!$b:$b,$A2)} -> #NAME? | C2: {=INDEX([1]data_dbd!$e:$e,$A2)} -> #NAME? | D2: {=INDEX([1]data_dbd!$f:$f,$A2)} -> #NAME? | H2: 105 | I2: 61 | J2: 1 | K2: Tinggi | O2: Tinggi | P2: =COUNTIF(K2:K164,"Tinggi") -> 69 | Q2: =P2/163 -> 0.42331288
A3: =RANDBETWEEN(2,164) -> 58 | B3: {=INDEX([1]data_dbd!$b:$b,$A3)} -> #NAME? | C3: {=INDEX([1]data_dbd!$e:$e,$A3)} -> #NAME? | D3: {=INDEX([1]data_dbd!$f:$f,$A3)} -> #NAME? | H3: 71 | I3: 84 | J3: 0 | K3: Sedang | O3: Sedang | P3: =COUNTIF(K2:K164,"Sedang") -> 74 | Q3: =P3/163 -> 0.45398773
A4: =RANDBETWEEN(2,164) -> 94 | B4: {=INDEX([1]data_dbd!$b:$b,$A4)} -> #NAME? | C4: {=INDEX([1]data_dbd!$e:$e,$A4)} -> #NAME? | D4: {=INDEX([1]data_dbd!$f:$f,$A4)} -> #NAME? | H4: 73 | I4: 15 | J4: 1 | K4: Sedang | O4: Rendah | P4: =COUNTIF(K2:K164,"Rendah") -> 20 | Q4: =P4/163 -> 0.12269939
A5: =RANDBETWEEN(2,164) -> 105 | B5: {=INDEX([1]data_dbd!$b:$b,$A5)} -> #NAME? | C5: {=INDEX([1]data_dbd!$e:$e,$A5)} -> #NAME? | D5: {=INDEX([1]data_dbd!$f:$f,$A5)} -> #NAME? | H5: 36 | I5: 27 | J5: 1 | K5: Rendah | O5: Entropy Root | P5: =-(IFERROR(Q2*LOG(Q2,2),0)+IFERROR(Q3*LOG(Q3,2),0)+IFERROR(Q4*LOG(Q4,2),0)) -> 1.4135975
A6: =RANDBETWEEN(2,164) -> 89 | B6: {=INDEX([1]data_dbd!$b:$b,$A6)} -> #NAME? | C6: {=INDEX([1]data_dbd!$e:$e,$A6)} -> #NAME? | D6: {=INDEX([1]data_dbd!$f:$f,$A6)} -> #NAME? | H6: 15 | I6: 21 | J6: 0 | K6: Rendah
A7: =RANDBETWEEN(2,164) -> 46 | B7: {=INDEX([1]data_dbd!$b:$b,$A7)} -> #NAME? | C7: {=INDEX([1]data_dbd!$e:$e,$A7)} -> #NAME? | D7: {=INDEX([1]data_dbd!$f:$f,$A7)} -> #NAME? | H7: 49 | I7: 64 | J7: 0 | K7: Sedang
A8: =RANDBETWEEN(2,164) -> 114 | B8: {=INDEX([1]data_dbd!$b:$b,$A8)} -> #NAME? | C8: {=INDEX([1]data_dbd!$e:$e,$A8)} -> #NAME? | D8: {=INDEX([1]data_dbd!$f:$f,$A8)} -> #NAME? | H8: 106 | I8: 23 | J8: 1 | K8: Tinggi
A9: =RANDBETWEEN(2,164) -> 148 | B9: {=INDEX([1]data_dbd!$b:$b,$A9)} -> #NAME? | C9: {=INDEX([1]data_dbd!$e:$e,$A9)} -> #NAME? | D9: {=INDEX([1]data_dbd!$f:$f,$A9)} -> #NAME? | H9: 96 | I9: 56 | J9: 0 | K9: Tinggi
A10: =RANDBETWEEN(2,164) -> 155 | B10: {=INDEX([1]data_dbd!$b:$b,$A10)} -> #NAME? | C10: {=INDEX([1]data_dbd!$e:$e,$A10)} -> #NAME? | D10: {=INDEX([1]data_dbd!$f:$f,$A10)} -> #NAME? | H10: 137 | I10: 3 | J10: 1 | K10: Tinggi
A11: =RANDBETWEEN(2,164) -> 85 | B11: {=INDEX([1]data_dbd!$b:$b,$A11)} -> #NAME? | C11: {=INDEX([1]data_dbd!$e:$e,$A11)} -> #NAME? | D11: {=INDEX([1]data_dbd!$f:$f,$A11)} -> #NAME? | H11: 33 | I11: 19 | J11: 1 | K11: Sedang
A12: =RANDBETWEEN(2,164) -> 126 | B12: {=INDEX([1]data_dbd!$b:$b,$A12)} -> #NAME? | C12: {=INDEX([1]data_dbd!$e:$e,$A12)} -> #NAME? | D12: {=INDEX([1]data_dbd!$f:$f,$A12)} -> #NAME? | H12: 74 | I12: 9 | J12: 0 | K12: Sedang
A13: =RANDBETWEEN(2,164) -> 117 | B13: {=INDEX([1]data_dbd!$b:$b,$A13)} -> #NAME? | C13: {=INDEX([1]data_dbd!$e:$e,$A13)} -> #NAME? | D13: {=INDEX([1]data_dbd!$f:$f,$A13)} -> #NAME? | H13: 164 | I13: 10 | J13: 0 | K13: Rendah
A14: =RANDBETWEEN(2,164) -> 159 | B14: {=INDEX([1]data_dbd!$b:$b,$A14)} -> #NAME? | C14: {=INDEX([1]data_dbd!$e:$e,$A14)} -> #NAME? | D14: {=INDEX([1]data_dbd!$f:$f,$A14)} -> #NAME? | H14: 89 | I14: 32 | J14: 0 | K14: Sedang
A15: =RANDBETWEEN(2,164) -> 10 | B15: {=INDEX([1]data_dbd!$b:$b,$A15)} -> #NAME? | C15: {=INDEX([1]data_dbd!$e:$e,$A15)} -> #NAME? | D15: {=INDEX([1]data_dbd!$f:$f,$A15)} -> #NAME? | H15: 15 | I15: 21 | J15: 0 | K15: Rendah
A16: =RANDBETWEEN(2,164) -> 107 | B16: {=INDEX([1]data_dbd!$b:$b,$A16)} -> #NAME? | C16: {=INDEX([1]data_dbd!$e:$e,$A16)} -> #NAME? | D16: {=INDEX([1]data_dbd!$f:$f,$A16)} -> #NAME? | H16: 75 | I16: 2 | J16: 1 | K16: Sedang
A17: =RANDBETWEEN(2,164) -> 130 | B17: {=INDEX([1]data_dbd!$b:$b,$A17)} -> #NAME? | C17: {=INDEX([1]data_dbd!$e:$e,$A17)} -> #NAME? | D17: {=INDEX([1]data_dbd!$f:$f,$A17)} -> #NAME? | H17: 24 | I17: 60 | J17: 0 | K17: Sedang
... A153: =RANDBETWEEN(2,164) -> 71 | B153: {=INDEX([1]data_dbd!$b:$b,$A153)} -> #NAME? | C153: {=INDEX([1]data_dbd!$e:$e,$A153)} -> #NAME? | D153: {=INDEX([1]data_dbd!$f:$f,$A153)} -> #NAME? | H153: 39 | I153: 12 | J153: 1 | K153: Sedang
A154: =RANDBETWEEN(2,164) -> 105 | B154: {=INDEX([1]data_dbd!$b:$b,$A154)} -> #NAME? | C154: {=INDEX([1]data_dbd!$e:$e,$A154)} -> #NAME? | D154: {=INDEX([1]data_dbd!$f:$f,$A154)} -> #NAME? | H154: 110 | I154: 42 | J154: 1 | K154: Tinggi | S154: Pohon 7:
A155: =RANDBETWEEN(2,164) -> 145 | B155: {=INDEX([1]data_dbd!$b:$b,$A155)} -> #NAME? | C155: {=INDEX([1]data_dbd!$e:$e,$A155)} -> #NAME? | D155: {=INDEX([1]data_dbd!$f:$f,$A155)} -> #NAME? | H155: 100 | I155: 19 | J155: 0 | K155: Tinggi | S155: Rule 1.1
A156: =RANDBETWEEN(2,164) -> 89 | B156: {=INDEX([1]data_dbd!$b:$b,$A156)} -> #NAME? | C156: {=INDEX([1]data_dbd!$e:$e,$A156)} -> #NAME? | D156: {=INDEX([1]data_dbd!$f:$f,$A156)} -> #NAME? | H156: 151 | I156: 24 | J156: 0 | K156: Tinggi | S156: IF Jenis Kelamin ≤ 0 AND Jenis Kelamin > 1
A157: =RANDBETWEEN(2,164) -> 38 | B157: {=INDEX([1]data_dbd!$b:$b,$A157)} -> #NAME? | C157: {=INDEX([1]data_dbd!$e:$e,$A157)} -> #NAME? | D157: {=INDEX([1]data_dbd!$f:$f,$A157)} -> #NAME? | H157: 27 | I157: 37 | J157: 1 | K157: Sedang | S157: THEN Kelas = Sedang
A158: =RANDBETWEEN(2,164) -> 113 | B158: {=INDEX([1]data_dbd!$b:$b,$A158)} -> #NAME? | C158: {=INDEX([1]data_dbd!$e:$e,$A158)} -> #NAME? | D158: {=INDEX([1]data_dbd!$f:$f,$A158)} -> #NAME? | H158: 56 | I158: 4 | J158: 0 | K158: Sedang | S158: Rule 1.2
A159: =RANDBETWEEN(2,164) -> 102 | B159: {=INDEX([1]data_dbd!$b:$b,$A159)} -> #NAME? | C159: {=INDEX([1]data_dbd!$e:$e,$A159)} -> #NAME? | D159: {=INDEX([1]data_dbd!$f:$f,$A159)} -> #NAME? | H159: 157 | I159: 15 | J159: 1 | K159: Tinggi | S159: IF Jenis Kelamin > 1 THEN Kelas = Tinggi
A160: =RANDBETWEEN(2,164) -> 84 | B160: {=INDEX([1]data_dbd!$b:$b,$A160)} -> #NAME? | C160: {=INDEX([1]data_dbd!$e:$e,$A160)} -> #NAME? | D160: {=INDEX([1]data_dbd!$f:$f,$A160)} -> #NAME? | H160: 139 | I160: 52 | J160: 0 | K160: Tinggi
A161: =RANDBETWEEN(2,164) -> 154 | B161: {=INDEX([1]data_dbd!$b:$b,$A161)} -> #NAME? | C161: {=INDEX([1]data_dbd!$e:$e,$A161)} -> #NAME? | D161: {=INDEX([1]data_dbd!$f:$f,$A161)} -> #NAME? | H161: 4 | I161: 23 | J161: 0 | K161: Sedang
A162: =RANDBETWEEN(2,164) -> 120 | B162: {=INDEX([1]data_dbd!$b:$b,$A162)} -> #NAME? | C162: {=INDEX([1]data_dbd!$e:$e,$A162)} -> #NAME? | D162: {=INDEX([1]data_dbd!$f:$f,$A162)} -> #NAME? | H162: 76 | I162: 70 | J162: 0 | K162: Sedang
A163: =RANDBETWEEN(2,164) -> 44 | B163: {=INDEX([1]data_dbd!$b:$b,$A163)} -> #NAME? | C163: {=INDEX([1]data_dbd!$e:$e,$A163)} -> #NAME? | D163: {=INDEX([1]data_dbd!$f:$f,$A163)} -> #NAME? | H163: 77 | I163: 16 | J163: 1 | K163: Sedang
A164: =RANDBETWEEN(2,164) -> 130 | B164: {=INDEX([1]data_dbd!$b:$b,$A164)} -> #NAME? | C164: {=INDEX([1]data_dbd!$e:$e,$A164)} -> #NAME? | D164: {=INDEX([1]data_dbd!$f:$f,$A164)} -> #NAME? | H164: 81 | I164: 23 | J164: 1 | K164: Sedang
I165: =AVERAGE(I2:I164) -> 30.343558 | J165: =AVERAGE(J2:J164) -> 0.59509202
B166: 63
E168: USIA | N168: JENIS KELAMIN
E169: Usia | F169: =AVERAGEIF($I$2:$I$164,"<="&$I$165) -> 15.89899 | G169: =AVERAGEIF($I$2:$I$164,">"&$I$165) -> 52.6875 | N169: Jenis kelamin | O169: =AVERAGEIF($J$2:$J$164,"<="&$J$165) -> 0 | P169: =AVERAGEIF($J$2:$J$164,">"&$J$165) -> 1
E170: {=IF($I$2:$I$164<$F$169,"kiri",IF($I$2:$I$164<$G$169,"tengah","kanan"))} -> kanan | F170: Kanan > 52.6 | N170: {=IF($J$2:$J$164<$O$169,"kiri",IF($J$2:$J$164<$P$169,"tengah","kanan"))} -> kanan | O170: Kanan > 1
E171: kanan | F171: =COUNTIFS($E$170:$E$332,"Kanan",$K$2:$K$164,"Tinggi") -> 11 | G171: =F171/29 -> 0.37931034 | N171: tengah | O171: =COUNTIFS($N$170:$N$332,"Kanan",$K$2:$K$164,"Tinggi") -> 45 | P171: =O171/97 -> 0.46391753
E172: kiri | F172: =COUNTIFS($E$170:$E$332,"Kanan",$K$2:$K$164,"Sedang") -> 15 | G172: =F172/29 -> 0.51724138 | N172: kanan | O172: =COUNTIFS($N$170:$N$332,"Kanan",$K$2:$K$164,"Sedang") -> 41 | P172: =O172/97 -> 0.42268041
E173: tengah | F173: =COUNTIFS($E$170:$E$332,"Kanan",$K$2:$K$164,"Rendah") -> 3 | G173: =F173/29 -> 0.10344828 | N173: kanan | O173: =COUNTIFS($N$170:$N$332,"Kanan",$K$2:$K$164,"Rendah") -> 11 | P173: =O173/97 -> 0.11340206
E174: tengah | F174: Entropy | G174: =-(IFERROR(G171*LOG(G171,2),0)+IFERROR(G172*LOG(G172,2),0)+IFERROR(G173*LOG(G173,2),0)) -> 1.3610157 | N174: tengah | O174: Entropy | P174: =-(IFERROR(P171*LOG(P171,2),0)+IFERROR(P172*LOG(P172,2),0)+IFERROR(P173*LOG(P173,2),0)) -> 1.395307
E175: kanan | G175: =SUM(F171:F173)/163 -> 0.17791411 | N175: tengah | P175: =SUM(O171:O173)/163 -> 0.59509202
E176: tengah | G176: =G174*G175 -> 0.24214389 | N176: kanan | P176: =P174*P175 -> 0.83033605
E177: kanan | N177: tengah
E178: kiri | N178: kanan
E179: tengah | F179: Kiri<15.89 | N179: kanan | O179: Kiri<0
E180: kiri | F180: =COUNTIFS($E$170:$E$332,"Kiri",$K$2:$K$164,"Tinggi") -> 21 | G180: =F180/46 -> 0.45652174 | N180: tengah | O180: =COUNTIFS($N$170:$N$332,"Kiri",$K$2:$K$164,"Tinggi") -> 0 | P180: =O180/97 -> 0
E181: kiri | F181: =COUNTIFS($E$170:$E$332,"Kiri",$K$2:$K$164,"Sedang") -> 18 | G181: =F181/46 -> 0.39130435 | N181: tengah | O181: =COUNTIFS($N$170:$N$332,"Kiri",$K$2:$K$164,"Sedang") -> 0 | P181: =O181/97 -> 0
E182: tengah | F182: =COUNTIFS($E$170:$E$332,"Kiri",$K$2:$K$164,"Rendah") -> 7 | G182: =F182/46 -> 0.15217391 | N182: tengah | O182: =COUNTIFS($N$170:$N$332,"Kiri",$K$2:$K$164,"Rendah") -> 0 | P182: =O182/97 -> 0
E183: tengah | F183: Entropy | G183: =-(IFERROR(G180*LOG(G180,2),0)+IFERROR(G181*LOG(G181,2),0)+IFERROR(G182*LOG(G182,2),0)) -> 1.4594576 | N183: tengah | O183: Entropy | P183: =-(IFERROR(P180*LOG(P180,2),0)+IFERROR(P181*LOG(P181,2),0)+IFERROR(P182*LOG(P182,2),0)) -> 0
E184: kiri | G184: =SUM(F180:F182)/163 -> 0.28220859 | N184: kanan | P184: =SUM(O180:O182)/163 -> 0
E185: kanan | G185: =G183*G184 -> 0.41187147 | N185: tengah | P185: =P183*P184 -> 0
E186: tengah | N186: kanan
E187: tengah | N187: kanan
E188: tengah | F188: Tengah | N188: tengah | O188: Tengah
E189: kiri | F189: =COUNTIFS($E$170:$E$332,"Tengah",$K$2:$K$164,"Tinggi") -> 37 | G189: =F189/88 -> 0.42045455 | N189: tengah | O189: =COUNTIFS($N$170:$N$332,"Tengah",$K$2:$K$164,"Tinggi") -> 24 | P189: =O189/66 -> 0.36363636
E190: kiri | F190: =COUNTIFS($E$170:$E$332,"Tengah",$K$2:$K$164,"Sedang") -> 41 | G190: =F190/88 -> 0.46590909 | N190: tengah | O190: =COUNTIFS($N$170:$N$332,"Tengah",$K$2:$K$164,"Sedang") -> 33 | P190: =O190/66 -> 0.5
E191: tengah | F191: =COUNTIFS($E$170:$E$332,"Tengah",$K$2:$K$164,"Rendah") -> 10 | G191: =F191/88 -> 0.11363636 | N191: kanan | O191: =COUNTIFS($N$170:$N$332,"Tengah",$K$2:$K$164,"Rendah") -> 9 | P191: =O191/66 -> 0.13636364
E192: kanan | F192: Entropy | G192: =-(IFERROR(G189*LOG(G189,2),0)+IFERROR(G190*LOG(G190,2),0)+IFERROR(G191*LOG(G191,2),0)) -> 1.3954693 | N192: kanan | O192: Entropy | P192: =-(IFERROR(P189*LOG(P189,2),0)+IFERROR(P190*LOG(P190,2),0)+IFERROR(P191*LOG(P191,2),0)) -> 1.4226755
E193: kiri | G193: =SUM(F189:F191)/163 -> 0.5398773 | N193: tengah | P193: =SUM(O189:O191)/163 -> 0.40490798
E194: kiri | G194: =G192*G193 -> 0.75338218 | N194: tengah | P194: =P192*P193 -> 0.57605264
E195: tengah | N195: kanan
E196: kanan | F196: IG | N196: tengah | O196: IG
E197: kiri | F197: =P5-(G176+G185+G194) -> 0.0061999488 | N197: kanan | O197: =P5-(P176+P185+P194) -> 0.0072087938
E198: tengah | N198: kanan
E199: kanan | N199: kanan
E200: tengah | N200: kanan
E201: tengah | N201: tengah
E202: kiri | N202: tengah
E203: kanan | N203: kanan
E204: kanan | N204: kanan
E205: kiri | N205: kanan
E206: tengah | N206: kanan
E207: kanan | N207: tengah
E208: kiri | N208: tengah
E209: tengah | N209: tengah
... E332: tengah | N332: kanan

Sheet Pohon 8 
A1: No | B1: Usia | C1: Tingkat Resiko | H1: No | I1: Usia | J1: Tingkat Resiko | O1: Perhitungan root
A2: =RANDBETWEEN(2,164) -> 145 | B2: {=INDEX([1]data_dbd!$b:$b,$A2)} -> #NAME? | C2: {=INDEX([1]data_dbd!$f:$f,$A2)} -> #NAME? | H2: 102 | I2: 41 | J2: Tinggi | O2: Tinggi | P2: =COUNTIF(J2:J164,"Tinggi") -> 74 | Q2: =P2/163 -> 0.45398773
A3: =RANDBETWEEN(2,164) -> 96 | B3: {=INDEX([1]data_dbd!$b:$b,$A3)} -> #NAME? | C3: {=INDEX([1]data_dbd!$f:$f,$A3)} -> #NAME? | H3: 76 | I3: 70 | J3: Sedang | O3: Sedang | P3: =COUNTIF(J2:J164,"Sedang") -> 76 | Q3: =P3/163 -> 0.46625767
A4: =RANDBETWEEN(2,164) -> 114 | B4: {=INDEX([1]data_dbd!$b:$b,$A4)} -> #NAME? | C4: {=INDEX([1]data_dbd!$f:$f,$A4)} -> #NAME? | H4: 163 | I4: 34 | J4: Rendah | O4: Rendah | P4: =COUNTIF(J2:J164,"Rendah") -> 13 | Q4: =P4/163 -> 0.079754601
A5: =RANDBETWEEN(2,164) -> 27 | B5: {=INDEX([1]data_dbd!$b:$b,$A5)} -> #NAME? | C5: {=INDEX([1]data_dbd!$f:$f,$A5)} -> #NAME? | H5: 28 | I5: 22 | J5: Sedang | O5: Entropy Root | P5: =-(IFERROR(Q2*LOG(Q2,2),0)+IFERROR(Q3*LOG(Q3,2),0)+IFERROR(Q4*LOG(Q4,2),0)) -> 1.3214413
A6: =RANDBETWEEN(2,164) -> 13 | B6: {=INDEX([1]data_dbd!$b:$b,$A6)} -> #NAME? | C6: {=INDEX([1]data_dbd!$f:$f,$A6)} -> #NAME? | H6: 161 | I6: 12 | J6: Tinggi
A7: =RANDBETWEEN(2,164) -> 117 | B7: {=INDEX([1]data_dbd!$b:$b,$A7)} -> #NAME? | C7: {=INDEX([1]data_dbd!$f:$f,$A7)} -> #NAME? | H7: 148 | I7: 55 | J7: Tinggi
A8: =RANDBETWEEN(2,164) -> 47 | B8: {=INDEX([1]data_dbd!$b:$b,$A8)} -> #NAME? | C8: {=INDEX([1]data_dbd!$f:$f,$A8)} -> #NAME? | H8: 81 | I8: 23 | J8: Sedang
A9: =RANDBETWEEN(2,164) -> 84 | B9: {=INDEX([1]data_dbd!$b:$b,$A9)} -> #NAME? | C9: {=INDEX([1]data_dbd!$f:$f,$A9)} -> #NAME? | H9: 8 | I9: 4 | J9: Sedang
A10: =RANDBETWEEN(2,164) -> 127 | B10: {=INDEX([1]data_dbd!$b:$b,$A10)} -> #NAME? | C10: {=INDEX([1]data_dbd!$f:$f,$A10)} -> #NAME? | H10: 116 | I10: 32 | J10: Tinggi
A11: =RANDBETWEEN(2,164) -> 149 | B11: {=INDEX([1]data_dbd!$b:$b,$A11)} -> #NAME? | C11: {=INDEX([1]data_dbd!$f:$f,$A11)} -> #NAME? | H11: 17 | I11: 2 | J11: Rendah
A12: =RANDBETWEEN(2,164) -> 74 | B12: {=INDEX([1]data_dbd!$b:$b,$A12)} -> #NAME? | C12: {=INDEX([1]data_dbd!$f:$f,$A12)} -> #NAME? | H12: 162 | I12: 22 | J12: Rendah
A13: =RANDBETWEEN(2,164) -> 121 | B13: {=INDEX([1]data_dbd!$b:$b,$A13)} -> #NAME? | C13: {=INDEX([1]data_dbd!$f:$f,$A13)} -> #NAME? | H13: 7 | I13: 12 | J13: Sedang
A14: =RANDBETWEEN(2,164) -> 143 | B14: {=INDEX([1]data_dbd!$b:$b,$A14)} -> #NAME? | C14: {=INDEX([1]data_dbd!$f:$f,$A14)} -> #NAME? | H14: 25 | I14: 81 | J14: Sedang
A15: =RANDBETWEEN(2,164) -> 155 | B15: {=INDEX([1]data_dbd!$b:$b,$A15)} -> #NAME? | C15: {=INDEX([1]data_dbd!$f:$f,$A15)} -> #NAME? | H15: 143 | I15: 20 | J15: Tinggi
A16: =RANDBETWEEN(2,164) -> 82 | B16: {=INDEX([1]data_dbd!$b:$b,$A16)} -> #NAME? | C16: {=INDEX([1]data_dbd!$f:$f,$A16)} -> #NAME? | H16: 22 | I16: 6 | J16: Sedang
A17: =RANDBETWEEN(2,164) -> 131 | B17: {=INDEX([1]data_dbd!$b:$b,$A17)} -> #NAME? | C17: {=INDEX([1]data_dbd!$f:$f,$A17)} -> #NAME? | H17: 86 | I17: 23 | J17: Sedang
... A164: =RANDBETWEEN(2,164) -> 41 | B164: {=INDEX([1]data_dbd!$b:$b,$A164)} -> #NAME? | C164: {=INDEX([1]data_dbd!$f:$f,$A164)} -> #NAME? | H164: 60 | I164: 68 | J164: Sedang
I165: =AVERAGE(I2:I164) -> 32.030675
B166: 99
E168: USIA
E169: Usia | F169: =AVERAGEIF($I$2:$I$164,"<="&$I$165) -> 15.702128 | G169: =AVERAGEIF($I$2:$I$164,">"&$I$165) -> 54.275362
E170: {=IF($I$2:$I$164<$F$169,"kiri",IF($I$2:$I$164<$G$169,"tengah","kanan"))} -> tengah | F170: Kanan > 54.27
E171: kanan | F171: =COUNTIFS($E$170:$E$332,"Kanan",$J$2:$J$164,"Tinggi") -> 19 | G171: =F171/32 -> 0.59375 | Q171: Pohon 8:
E172: tengah | F172: =COUNTIFS($E$170:$E$332,"Kanan",$J$2:$J$164,"Sedang") -> 13 | G172: =F172/32 -> 0.40625 | Q172: Rule 1.1
E173: tengah | F173: =COUNTIFS($E$170:$E$332,"Kanan",$J$2:$J$164,"Rendah") -> 0 | G173: =F173/32 -> 0 | Q173: IF Usia < 15,70
E174: kiri | F174: Entropy | G174: =-(IFERROR(G171*LOG(G171,2),0)+IFERROR(G172*LOG(G172,2),0)+IFERROR(G173*LOG(G173,2),0)) -> 0.9744894 | Q174: THEN Kategori Usia = Anak-anak
E175: kanan | G175: =SUM(F171:F173)/163 -> 0.19631902 | Q175: Rule 1.2
E176: tengah | G176: =G174*G175 -> 0.1913108 | Q176: IF Usia ≤ 15,70 AND Usia > 54,27
E177: kiri | Q177: THEN Kategori Usia = Anak-anak
E178: tengah | Q178: Rule 1.3
E179: kiri | F179: Kiri<15.70 | Q179: IF Usia > 54,27 THEN Kategori Usia = Dewasa
E180: tengah | F180: =COUNTIFS($E$170:$E$332,"Kiri",$J$2:$J$164,"Tinggi") -> 19 | G180: =F180/46 -> 0.41304348
E181: kiri | F181: =COUNTIFS($E$170:$E$332,"Kiri",$J$2:$J$164,"Sedang") -> 21 | G181: =F181/46 -> 0.45652174
E182: kanan | F182: =COUNTIFS($E$170:$E$332,"Kiri",$J$2:$J$164,"Rendah") -> 6 | G182: =F182/46 -> 0.13043478
E183: tengah | F183: Entropy | G183: =-(IFERROR(G180*LOG(G180,2),0)+IFERROR(G181*LOG(G181,2),0)+IFERROR(G182*LOG(G182,2),0)) -> 1.4266258
E184: kiri | G184: =SUM(F180:F182)/163 -> 0.28220859
E185: tengah | G185: =G183*G184 -> 0.40260605
E186: kanan
E187: kiri
E188: tengah | F188: Tengah
E189: kanan | F189: =COUNTIFS($E$170:$E$332,"Tengah",$J$2:$J$164,"Tinggi") -> 36 | G189: =F189/85 -> 0.42352941
E190: tengah | F190: =COUNTIFS($E$170:$E$332,"Tengah",$J$2:$J$164,"Sedang") -> 42 | G190: =F190/85 -> 0.49411765
E191: tengah | F191: =COUNTIFS($E$170:$E$332,"Tengah",$J$2:$J$164,"Rendah") -> 7 | G191: =F191/85 -> 0.082352941
E192: kanan | F192: Entropy | G192: =-(IFERROR(G189*LOG(G189,2),0)+IFERROR(G190*LOG(G190,2),0)+IFERROR(G191*LOG(G191,2),0)) -> 1.3241425
E193: tengah | G193: =SUM(F189:F191)/163 -> 0.52147239
E194: tengah | G194: =G192*G193 -> 0.69050376
E195: tengah
E196: tengah | F196: IG
E197: kiri | F197: =P5-(G176+G185+G194) -> 0.037020688
E198: tengah
E199: tengah
E200: tengah
E201: tengah
E202: kiri
E203: kiri
E204: kanan
E205: tengah
E206: tengah
E207: kiri
E208: kiri
E209: tengah
... E332: kanan

Sheet Pohon 9
A1: No | B1: Usia | C1: Lama Rawat Inap | D1: Jumlah Kasus Per Bulan | E1: Jenis Kelamin | F1: Tingkat Resiko | H1: No | I1: Usia | J1: Lama Rawat Inap | K1: Jumlah Kasus Per Bulan | L1: Jenis Kelamin | M1: Tingkat Resiko | O1: Perhitungan root
A2: =RANDBETWEEN(2,164) -> 153 | B2: {=INDEX(Data_DBD!$B:$B,$A2)} -> 73 | C2: {=INDEX(Data_DBD!$C:$C,$A2)} -> 7 | D2: {=INDEX(Data_DBD!$D:$D,$A2)} -> 21 | E2: {=INDEX(Data_DBD!$E:$E,$A2)} -> 1 | F2: {=INDEX(Data_DBD!$F:$F,$A2)} -> Tinggi | H2: 76 | I2: 70 | J2: 2 | K2: 10 | L2: 0 | M2: Rendah | O2: Tinggi | P2: =COUNTIF(M2:M164,"Tinggi") -> 53 | Q2: =P2/163 -> 0.32515337
A3: =RANDBETWEEN(2,164) -> 68 | B3: {=INDEX(Data_DBD!$B:$B,$A3)} -> 44 | C3: {=INDEX(Data_DBD!$C:$C,$A3)} -> 5 | D3: {=INDEX(Data_DBD!$D:$D,$A3)} -> 10 | E3: {=INDEX(Data_DBD!$E:$E,$A3)} -> 0 | F3: {=INDEX(Data_DBD!$F:$F,$A3)} -> Rendah | H3: 125 | I3: 39 | J3: 4 | K3: 33 | L3: 0 | M3: Tinggi | O3: Sedang | P3: =COUNTIF(M2:M164,"Sedang") -> 82 | Q3: =P3/163 -> 0.50306748
A4: =RANDBETWEEN(2,164) -> 123 | B4: {=INDEX(Data_DBD!$B:$B,$A4)} -> 22 | C4: {=INDEX(Data_DBD!$C:$C,$A4)} -> 4 | D4: {=INDEX(Data_DBD!$D:$D,$A4)} -> 33 | E4: {=INDEX(Data_DBD!$E:$E,$A4)} -> 0 | F4: {=INDEX(Data_DBD!$F:$F,$A4)} -> Tinggi | H4: 126 | I4: 51 | J4: 3 | K4: 33 | L4: 1 | M4: Tinggi | O4: Rendah | P4: =COUNTIF(M2:M164,"Rendah") -> 28 | Q4: =P4/163 -> 0.17177914
A5: =RANDBETWEEN(2,164) -> 58 | B5: {=INDEX(Data_DBD!$B:$B,$A5)} -> 17 | C5: {=INDEX(Data_DBD!$C:$C,$A5)} -> 3 | D5: {=INDEX(Data_DBD!$D:$D,$A5)} -> 15 | E5: {=INDEX(Data_DBD!$E:$E,$A5)} -> 0 | F5: {=INDEX(Data_DBD!$F:$F,$A5)} -> Sedang | H5: 140 | I5: 74 | J5: 5 | K5: 21 | L5: 1 | M5: Tinggi | O5: Entropy Root | P5: =-(IFERROR(Q2*LOG(Q2,2),0)+IFERROR(Q3*LOG(Q3,2),0)+IFERROR(Q4*LOG(Q4,2),0)) -> 1.4621945
A6: =RANDBETWEEN(2,164) -> 8 | B6: {=INDEX(Data_DBD!$B:$B,$A6)} -> 4 | C6: {=INDEX(Data_DBD!$C:$C,$A6)} -> 2 | D6: {=INDEX(Data_DBD!$D:$D,$A6)} -> 12 | E6: {=INDEX(Data_DBD!$E:$E,$A6)} -> 0 | F6: {=INDEX(Data_DBD!$F:$F,$A6)} -> Sedang | H6: 73 | I6: 15 | J6: 3 | K6: 10 | L6: 1 | M6: Rendah
A7: =RANDBETWEEN(2,164) -> 82 | B7: {=INDEX(Data_DBD!$B:$B,$A7)} -> 28 | C7: {=INDEX(Data_DBD!$C:$C,$A7)} -> 3 | D7: {=INDEX(Data_DBD!$D:$D,$A7)} -> 13 | E7: {=INDEX(Data_DBD!$E:$E,$A7)} -> 1 | F7: {=INDEX(Data_DBD!$F:$F,$A7)} -> Sedang | H7: 125 | I7: 39 | J7: 4 | K7: 33 | L7: 0 | M7: Tinggi
A8: =RANDBETWEEN(2,164) -> 106 | B8: {=INDEX(Data_DBD!$B:$B,$A8)} -> 23 | C8: {=INDEX(Data_DBD!$C:$C,$A8)} -> 3 | D8: {=INDEX(Data_DBD!$D:$D,$A8)} -> 18 | E8: {=INDEX(Data_DBD!$E:$E,$A8)} -> 1 | F8: {=INDEX(Data_DBD!$F:$F,$A8)} -> Sedang | H8: 119 | I8: 30 | J8: 7 | K8: 33 | L8: 0 | M8: Tinggi
A9: =RANDBETWEEN(2,164) -> 36 | B9: {=INDEX(Data_DBD!$B:$B,$A9)} -> 27 | C9: {=INDEX(Data_DBD!$C:$C,$A9)} -> 1 | D9: {=INDEX(Data_DBD!$D:$D,$A9)} -> 4 | E9: {=INDEX(Data_DBD!$E:$E,$A9)} -> 1 | F9: {=INDEX(Data_DBD!$F:$F,$A9)} -> Rendah | H9: 11 | I9: 24 | J9: 5 | K9: 12 | L9: 1 | M9: Sedang
A10: =RANDBETWEEN(2,164) -> 29 | B10: {=INDEX(Data_DBD!$B:$B,$A10)} -> 19 | C10: {=INDEX(Data_DBD!$C:$C,$A10)} -> 2 | D10: {=INDEX(Data_DBD!$D:$D,$A10)} -> 14 | E10: {=INDEX(Data_DBD!$E:$E,$A10)} -> 1 | F10: {=INDEX(Data_DBD!$F:$F,$A10)} -> Sedang | H10: 125 | I10: 39 | J10: 4 | K10: 33 | L10: 0 | M10: Tinggi
A11: =RANDBETWEEN(2,164) -> 56 | B11: {=INDEX(Data_DBD!$B:$B,$A11)} -> 4 | C11: {=INDEX(Data_DBD!$C:$C,$A11)} -> 3 | D11: {=INDEX(Data_DBD!$D:$D,$A11)} -> 15 | E11: {=INDEX(Data_DBD!$E:$E,$A11)} -> 0 | F11: {=INDEX(Data_DBD!$F:$F,$A11)} -> Sedang | H11: 39 | I11: 12 | J11: 5 | K11: 13 | L11: 1 | M11: Sedang
A12: =RANDBETWEEN(2,164) -> 133 | B12: {=INDEX(Data_DBD!$B:$B,$A12)} -> 6 | C12: {=INDEX(Data_DBD!$C:$C,$A12)} -> 4 | D12: {=INDEX(Data_DBD!$D:$D,$A12)} -> 33 | E12: {=INDEX(Data_DBD!$E:$E,$A12)} -> 0 | F12: {=INDEX(Data_DBD!$F:$F,$A12)} -> Tinggi | H12: 23 | I12: 28 | J12: 4 | K12: 14 | L12: 1 | M12: Sedang
A13: =RANDBETWEEN(2,164) -> 12 | B13: {=INDEX(Data_DBD!$B:$B,$A13)} -> 23 | C13: {=INDEX(Data_DBD!$C:$C,$A13)} -> 3 | D13: {=INDEX(Data_DBD!$D:$D,$A13)} -> 12 | E13: {=INDEX(Data_DBD!$E:$E,$A13)} -> 0 | F13: {=INDEX(Data_DBD!$F:$F,$A13)} -> Sedang | H13: 129 | I13: 4 | J13: 3 | K13: 33 | L13: 0 | M13: Tinggi
A14: =RANDBETWEEN(2,164) -> 54 | B14: {=INDEX(Data_DBD!$B:$B,$A14)} -> 7 | C14: {=INDEX(Data_DBD!$C:$C,$A14)} -> 3 | D14: {=INDEX(Data_DBD!$D:$D,$A14)} -> 15 | E14: {=INDEX(Data_DBD!$E:$E,$A14)} -> 0 | F14: {=INDEX(Data_DBD!$F:$F,$A14)} -> Sedang | H14: 86 | I14: 23 | J14: 3 | K14: 13 | L14: 0 | M14: Sedang
A15: =RANDBETWEEN(2,164) -> 29 | B15: {=INDEX(Data_DBD!$B:$B,$A15)} -> 19 | C15: {=INDEX(Data_DBD!$C:$C,$A15)} -> 2 | D15: {=INDEX(Data_DBD!$D:$D,$A15)} -> 14 | E15: {=INDEX(Data_DBD!$E:$E,$A15)} -> 1 | F15: {=INDEX(Data_DBD!$F:$F,$A15)} -> Sedang | H15: 58 | I15: 17 | J15: 3 | K15: 15 | L15: 0 | M15: Sedang
A16: =RANDBETWEEN(2,164) -> 127 | B16: {=INDEX(Data_DBD!$B:$B,$A16)} -> 21 | C16: {=INDEX(Data_DBD!$C:$C,$A16)} -> 2 | D16: {=INDEX(Data_DBD!$D:$D,$A16)} -> 33 | E16: {=INDEX(Data_DBD!$E:$E,$A16)} -> 0 | F16: {=INDEX(Data_DBD!$F:$F,$A16)} -> Tinggi | H16: 134 | I16: 4 | J16: 2 | K16: 33 | L16: 1 | M16: Tinggi
A17: =RANDBETWEEN(2,164) -> 115 | B17: {=INDEX(Data_DBD!$B:$B,$A17)} -> 52 | C17: {=INDEX(Data_DBD!$C:$C,$A17)} -> 3 | D17: {=INDEX(Data_DBD!$D:$D,$A17)} -> 33 | E17: {=INDEX(Data_DBD!$E:$E,$A17)} -> 1 | F17: {=INDEX(Data_DBD!$F:$F,$A17)} -> Tinggi | H17: 102 | I17: 41 | J17: 4 | K17: 18 | L17: 0 | M17: Sedang
... A153: =RANDBETWEEN(2,164) -> 39 | B153: {=INDEX(Data_DBD!$B:$B,$A153)} -> 12 | C153: {=INDEX(Data_DBD!$C:$C,$A153)} -> 5 | D153: {=INDEX(Data_DBD!$D:$D,$A153)} -> 13 | E153: {=INDEX(Data_DBD!$E:$E,$A153)} -> 1 | F153: {=INDEX(Data_DBD!$F:$F,$A153)} -> Sedang | H153: 4 | I153: 23 | J153: 5 | K153: 12 | L153: 0 | M153: Sedang
A154: =RANDBETWEEN(2,164) -> 93 | B154: {=INDEX(Data_DBD!$B:$B,$A154)} -> 65 | C154: {=INDEX(Data_DBD!$C:$C,$A154)} -> 4 | D154: {=INDEX(Data_DBD!$D:$D,$A154)} -> 18 | E154: {=INDEX(Data_DBD!$E:$E,$A154)} -> 0 | F154: {=INDEX(Data_DBD!$F:$F,$A154)} -> Sedang | H154: 88 | I154: 20 | J154: 4 | K154: 13 | L154: 1 | M154: Sedang | U154: Pohon 9:
A155: =RANDBETWEEN(2,164) -> 62 | B155: {=INDEX(Data_DBD!$B:$B,$A155)} -> 43 | C155: {=INDEX(Data_DBD!$C:$C,$A155)} -> 4 | D155: {=INDEX(Data_DBD!$D:$D,$A155)} -> 15 | E155: {=INDEX(Data_DBD!$E:$E,$A155)} -> 1 | F155: {=INDEX(Data_DBD!$F:$F,$A155)} -> Sedang | H155: 11 | I155: 24 | J155: 5 | K155: 12 | L155: 1 | M155: Sedang | U155: Rule 1.1
A156: =RANDBETWEEN(2,164) -> 88 | B156: {=INDEX(Data_DBD!$B:$B,$A156)} -> 20 | C156: {=INDEX(Data_DBD!$C:$C,$A156)} -> 4 | D156: {=INDEX(Data_DBD!$D:$D,$A156)} -> 13 | E156: {=INDEX(Data_DBD!$E:$E,$A156)} -> 1 | F156: {=INDEX(Data_DBD!$F:$F,$A156)} -> Sedang | H156: 114 | I156: 14 | J156: 2 | K156: 33 | L156: 1 | M156: Tinggi | U156: IF Jumlah Kasus Per Bulan < 11,31
A157: =RANDBETWEEN(2,164) -> 24 | B157: {=INDEX(Data_DBD!$B:$B,$A157)} -> 60 | C157: {=INDEX(Data_DBD!$C:$C,$A157)} -> 4 | D157: {=INDEX(Data_DBD!$D:$D,$A157)} -> 14 | E157: {=INDEX(Data_DBD!$E:$E,$A157)} -> 0 | F157: {=INDEX(Data_DBD!$F:$F,$A157)} -> Sedang | H157: 87 | I157: 21 | J157: 3 | K157: 13 | L157: 0 | M157: Sedang | U157: THEN Risiko = Rendah
A158: =RANDBETWEEN(2,164) -> 95 | B158: {=INDEX(Data_DBD!$B:$B,$A158)} -> 11 | C158: {=INDEX(Data_DBD!$C:$C,$A158)} -> 3 | D158: {=INDEX(Data_DBD!$D:$D,$A158)} -> 18 | E158: {=INDEX(Data_DBD!$E:$E,$A158)} -> 1 | F158: {=INDEX(Data_DBD!$F:$F,$A158)} -> Sedang | H158: 103 | I158: 22 | J158: 5 | K158: 18 | L158: 0 | M158: Sedang | U158: Rule 1.2
A159: =RANDBETWEEN(2,164) -> 30 | B159: {=INDEX(Data_DBD!$B:$B,$A159)} -> 3 | C159: {=INDEX(Data_DBD!$C:$C,$A159)} -> 2 | D159: {=INDEX(Data_DBD!$D:$D,$A159)} -> 14 | E159: {=INDEX(Data_DBD!$E:$E,$A159)} -> 1 | F159: {=INDEX(Data_DBD!$F:$F,$A159)} -> Sedang | H159: 156 | I159: 5 | J159: 2 | K159: 21 | L159: 0 | M159: Tinggi | U159: IF Jumlah Kasus Per Bulan ≤ 11,31 AND Jumlah Kasus Per Bulan > 29,95
A160: =RANDBETWEEN(2,164) -> 133 | B160: {=INDEX(Data_DBD!$B:$B,$A160)} -> 6 | C160: {=INDEX(Data_DBD!$C:$C,$A160)} -> 4 | D160: {=INDEX(Data_DBD!$D:$D,$A160)} -> 33 | E160: {=INDEX(Data_DBD!$E:$E,$A160)} -> 0 | F160: {=INDEX(Data_DBD!$F:$F,$A160)} -> Tinggi | H160: 143 | I160: 20 | J160: 4 | K160: 21 | L160: 1 | M160: Tinggi | U160: THEN Risiko = Sedang
A161: =RANDBETWEEN(2,164) -> 89 | B161: {=INDEX(Data_DBD!$B:$B,$A161)} -> 32 | C161: {=INDEX(Data_DBD!$C:$C,$A161)} -> 4 | D161: {=INDEX(Data_DBD!$D:$D,$A161)} -> 13 | E161: {=INDEX(Data_DBD!$E:$E,$A161)} -> 0 | F161: {=INDEX(Data_DBD!$F:$F,$A161)} -> Sedang | H161: 43 | I161: 15 | J161: 4 | K161: 13 | L161: 0 | M161: Sedang | U161: Rule 1.3
A162: =RANDBETWEEN(2,164) -> 148 | B162: {=INDEX(Data_DBD!$B:$B,$A162)} -> 55 | C162: {=INDEX(Data_DBD!$C:$C,$A162)} -> 3 | D162: {=INDEX(Data_DBD!$D:$D,$A162)} -> 21 | E162: {=INDEX(Data_DBD!$E:$E,$A162)} -> 1 | F162: {=INDEX(Data_DBD!$F:$F,$A162)} -> Tinggi | H162: 95 | I162: 11 | J162: 3 | K162: 18 | L162: 1 | M162: Sedang | U162: IF Jumlah Kasus Per Bulan > 29,95 THEN Risiko = Tinggi
A163: =RANDBETWEEN(2,164) -> 2 | B163: {=INDEX(Data_DBD!$B:$B,$A163)} -> 34 | C163: {=INDEX(Data_DBD!$C:$C,$A163)} -> 3 | D163: {=INDEX(Data_DBD!$D:$D,$A163)} -> 12 | E163: {=INDEX(Data_DBD!$E:$E,$A163)} -> 0 | F163: {=INDEX(Data_DBD!$F:$F,$A163)} -> Sedang | H163: 114 | I163: 14 | J163: 2 | K163: 33 | L163: 1 | M163: Tinggi
A164: =RANDBETWEEN(2,164) -> 11 | B164: {=INDEX(Data_DBD!$B:$B,$A164)} -> 24 | C164: {=INDEX(Data_DBD!$C:$C,$A164)} -> 5 | D164: {=INDEX(Data_DBD!$D:$D,$A164)} -> 12 | E164: {=INDEX(Data_DBD!$E:$E,$A164)} -> 1 | F164: {=INDEX(Data_DBD!$F:$F,$A164)} -> Sedang | H164: 151 | I164: 24 | J164: 3 | K164: 21 | L164: 0 | M164: Tinggi
I165: =AVERAGE(I2:I164) -> 30.104294 | J165: =AVERAGE(J2:J164) -> 3.5030675 | K165: =AVERAGE(K2:K164) -> 17.705521 | L165: =AVERAGE(L2:L164) -> 0.48466258
B166: 66
E168: USIA | J168: LAMA RAWAT INAP | O168: JUMLAH KASUS PER BULAN | T168: JENIS KELAMIN
E169: Usia | F169: =AVERAGEIF($I$2:$I$164,"<="&$I$165) -> 16.82 | G169: =AVERAGEIF($I$2:$I$164,">"&$I$165) -> 51.190476 | J169: Lama rawat inap | K169: =AVERAGEIF($J$2:$J$164,"<="&$J$165) -> 2.3764706 | L169: =AVERAGEIF($J$2:$J$164,">"&$J$165) -> 4.7307692 | O169: Jumlah kasus perbulan | P169: =AVERAGEIF($K$2:$K$164,"<="&$K$165) -> 11.315217 | Q169: =AVERAGEIF($K$2:$K$164,">"&$K$165) -> 25.985915 | T169: Jenis kelamin | U169: =AVERAGEIF($L$2:$L$164,"<="&$L$165) -> 0 | V169: =AVERAGEIF($L$2:$L$164,">"&$L$165) -> 1
E170: {=IF($I$2:$I$164<$F$169,"kiri",IF($I$2:$I$164<$G$169,"tengah","kanan"))} -> kanan | F170: Kanan > 51.19 | J170: {=IF($J$2:$J$164<$K$169,"kiri",IF($J$2:$J$164<$L$169,"tengah","kanan"))} -> kiri | K170: Kanan > 4.73 | O170: {=IF($K$2:$K$164<$P$169,"kiri",IF($K$2:$K$164<$Q$169,"tengah","kanan"))} -> kiri | P170: Kanan > 25.95 | T170: {=IF($L$2:$L$164<$U$169,"kiri",IF($L$2:$L$164<$V$169,"tengah","kanan"))} -> tengah | U170: Kanan > 1
E171: tengah | F171: =COUNTIFS($E$170:$E$332,"Kanan",$M$2:$M$164,"Tinggi") -> 6 | G171: =F171/30 -> 0.2 | J171: tengah | K171: =COUNTIFS($J$170:$J$332,"Kanan",$M$2:$M$164,"Tinggi") -> 9 | L171: =K171/35 -> 0.25714286 | O171: kanan | P171: =COUNTIFS($O$170:$O$332,"Kanan",$M$2:$M$164,"Tinggi") -> 34 | Q171: =P171/34 -> 1 | T171: tengah | U171: =COUNTIFS($T$170:$T$332,"Kanan",$M$2:$M$164,"Tinggi") -> 30 | V171: =U171/79 -> 0.37974684
E172: tengah | F172: =COUNTIFS($E$170:$E$332,"Kanan",$M$2:$M$164,"Sedang") -> 17 | G172: =F172/30 -> 0.56666667 | J172: tengah | K172: =COUNTIFS($J$170:$J$332,"Kanan",$M$2:$M$164,"Sedang") -> 23 | L172: =K172/35 -> 0.65714286 | O172: kanan | P172: =COUNTIFS($O$170:$O$332,"Kanan",$M$2:$M$164,"Sedang") -> 0 | Q172: =P172/27 -> 0 | T172: kanan | U172: =COUNTIFS($T$170:$T$332,"Kanan",$M$2:$M$164,"Sedang") -> 34 | V172: =U172/79 -> 0.43037975
E173: kanan | F173: =COUNTIFS($E$170:$E$332,"Kanan",$M$2:$M$164,"Rendah") -> 7 | G173: =F173/30 -> 0.23333333 | J173: kanan | K173: =COUNTIFS($J$170:$J$332,"Kanan",$M$2:$M$164,"Rendah") -> 3 | L173: =K173/35 -> 0.085714286 | O173: tengah | P173: =COUNTIFS($O$170:$O$332,"Kanan",$M$2:$M$164,"Rendah") -> 0 | Q173: =P173/27 -> 0 | T173: kanan | U173: =COUNTIFS($T$170:$T$332,"Kanan",$M$2:$M$164,"Rendah") -> 15 | V173: =U173/79 -> 0.18987342
E174: kiri | F174: Entropy | G174: =-(IFERROR(G171*LOG(G171,2),0)+IFERROR(G172*LOG(G172,2),0)+IFERROR(G173*LOG(G173,2),0)) -> 1.4186197 | J174: tengah | K174: Entropy | L174: =-(IFERROR(L171*LOG(L171,2),0)+IFERROR(L172*LOG(L172,2),0)+IFERROR(L173*LOG(L173,2),0)) -> 1.2056791 | O174: kiri | P174: Entropy | Q174: =-(IFERROR(Q171*LOG(Q171,2),0)+IFERROR(Q172*LOG(Q172,2),0)+IFERROR(Q173*LOG(Q173,2),0)) -> 0 | T174: kanan | U174: Entropy | V174: =-(IFERROR(V171*LOG(V171,2),0)+IFERROR(V172*LOG(V172,2),0)+IFERROR(V173*LOG(V173,2),0)) -> 1.5090489
E175: tengah | G175: =SUM(F171:F173)/163 -> 0.18404908 | J175: tengah | L175: =SUM(K171:K173)/163 -> 0.21472393 | O175: kanan | Q175: =SUM(P171:P173)/163 -> 0.20858896 | T175: tengah | V175: =SUM(U171:U173)/163 -> 0.48466258
E176: tengah | G176: =G174*G175 -> 0.26109564 | J176: kanan | L176: =L174*L175 -> 0.25888815 | O176: kanan | Q176: =Q174*Q175 -> 0 | T176: tengah | V176: =V174*V175 -> 0.73137954
E177: tengah | J177: kanan | O177: tengah | T177: kanan
E178: tengah | J178: tengah | O178: kanan | T178: tengah
E179: kiri | F179: Kiri<16.82 | J179: kanan | K179: Kiri<2.37 | O179: tengah | P179: Kiri<11.31 | T179: kanan | U179: Kiri<0
E180: tengah | F180: =COUNTIFS($E$170:$E$332,"Kiri",$M$2:$M$164,"Tinggi") -> 18 | G180: =F180/43 -> 0.41860465 | J180: tengah | K180: =COUNTIFS($J$170:$J$332,"Kiri",$M$2:$M$164,"Tinggi") -> 15 | L180: =K180/42 -> 0.35714286 | O180: tengah | P180: =COUNTIFS($O$170:$O$332,"Kiri",$M$2:$M$164,"Tinggi") -> 0 | Q180: =P180/57 -> 0 | T180: kanan | U180: =COUNTIFS($T$170:$T$332,"Kiri",$M$2:$M$164,"Tinggi") -> 0 | V180: =U180/78 -> 0
E181: kiri | F181: =COUNTIFS($E$170:$E$332,"Kiri",$M$2:$M$164,"Sedang") -> 15 | G181: =F181/43 -> 0.34883721 | J181: tengah | K181: =COUNTIFS($J$170:$J$332,"Kiri",$M$2:$M$164,"Sedang") -> 18 | L181: =K181/42 -> 0.42857143 | O181: kanan | P181: =COUNTIFS($O$170:$O$332,"Kiri",$M$2:$M$164,"Sedang") -> 0 | Q181: =P181/28 -> 0 | T181: tengah | U181: =COUNTIFS($T$170:$T$332,"Kiri",$M$2:$M$164,"Sedang") -> 0 | V181: =U181/78 -> 0
E182: tengah | F182: =COUNTIFS($E$170:$E$332,"Kiri",$M$2:$M$164,"Rendah") -> 10 | G182: =F182/43 -> 0.23255814 | J182: tengah | K182: =COUNTIFS($J$170:$J$332,"Kiri",$M$2:$M$164,"Rendah") -> 9 | L182: =K182/42 -> 0.21428571 | O182: tengah | P182: =COUNTIFS($O$170:$O$332,"Kiri",$M$2:$M$164,"Rendah") -> 28 | Q182: =P182/28 -> 1 | T182: tengah | U182: =COUNTIFS($T$170:$T$332,"Kiri",$M$2:$M$164,"Rendah") -> 0 | V182: =U182/78 -> 0
E183: tengah | F183: Entropy | G183: =-(IFERROR(G180*LOG(G180,2),0)+IFERROR(G181*LOG(G181,2),0)+IFERROR(G182*LOG(G182,2),0)) -> 1.5453045 | J183: tengah | K183: Entropy | L183: =-(IFERROR(L180*LOG(L180,2),0)+IFERROR(L181*LOG(L181,2),0)+IFERROR(L182*LOG(L182,2),0)) -> 1.530619 | O183: tengah | P183: Entropy | Q183: =-(IFERROR(Q180*LOG(Q180,2),0)+IFERROR(Q181*LOG(Q181,2),0)+IFERROR(Q182*LOG(Q182,2),0)) -> 0 | T183: tengah | U183: Entropy | V183: =-(IFERROR(V180*LOG(V180,2),0)+IFERROR(V181*LOG(V181,2),0)+IFERROR(V182*LOG(V182,2),0)) -> 0
E184: kiri | G184: =SUM(F180:F182)/163 -> 0.26380368 | J184: kiri | L184: =SUM(K180:K182)/163 -> 0.25766871 | O184: kanan | Q184: =SUM(P180:P182)/163 -> 0.17177914 | T184: kanan | V184: =SUM(U180:U182)/163 -> 0
E185: tengah | G185: =G183*G184 -> 0.40765702 | J185: tengah | L185: =L183*L184 -> 0.39439262 | O185: tengah | Q185: =Q183*Q184 -> 0 | T185: tengah | V185: =V183*V184 -> 0
E186: kanan | J186: tengah | O186: tengah | T186: tengah
E187: tengah | J187: kanan | O187: tengah | T187: tengah
E188: kanan | F188: Tengah | J188: kanan | K188: Tengah | O188: tengah | P188: Tengah | T188: kanan | U188: Tengah
E189: tengah | F189: =COUNTIFS($E$170:$E$332,"Tengah",$M$2:$M$164,"Tinggi") -> 29 | G189: =F189/90 -> 0.32222222 | J189: tengah | K189: =COUNTIFS($J$170:$J$332,"Tengah",$M$2:$M$164,"Tinggi") -> 29 | L189: =K189/86 -> 0.3372093 | O189: tengah | P189: =COUNTIFS($O$170:$O$332,"Tengah",$M$2:$M$164,"Tinggi") -> 19 | Q189: =P189/101 -> 0.18811881 | T189: tengah | U189: =COUNTIFS($T$170:$T$332,"Tengah",$M$2:$M$164,"Tinggi") -> 23 | V189: =U189/84 -> 0.27380952
E190: kiri | F190: =COUNTIFS($E$170:$E$332,"Tengah",$M$2:$M$164,"Sedang") -> 50 | G190: =F190/90 -> 0.55555556 | J190: tengah | K190: =COUNTIFS($J$170:$J$332,"Tengah",$M$2:$M$164,"Sedang") -> 41 | L190: =K190/86 -> 0.47674419 | O190: kanan | P190: =COUNTIFS($O$170:$O$332,"Tengah",$M$2:$M$164,"Sedang") -> 82 | Q190: =P190/101 -> 0.81188119 | T190: kanan | U190: =COUNTIFS($T$170:$T$332,"Tengah",$M$2:$M$164,"Sedang") -> 48 | V190: =U190/84 -> 0.57142857
E191: tengah | F191: =COUNTIFS($E$170:$E$332,"Tengah",$M$2:$M$164,"Rendah") -> 11 | G191: =F191/90 -> 0.12222222 | J191: tengah | K191: =COUNTIFS($J$170:$J$332,"Tengah",$M$2:$M$164,"Rendah") -> 16 | L191: =K191/86 -> 0.18604651 | O191: tengah | P191: =COUNTIFS($O$170:$O$332,"Tengah",$M$2:$M$164,"Rendah") -> 0 | Q191: =P191/101 -> 0 | T191: tengah | U191: =COUNTIFS($T$170:$T$332,"Tengah",$M$2:$M$164,"Rendah") -> 13 | V191: =U191/84 -> 0.1547619
E192: tengah | F192: Entropy | G192: =-(IFERROR(G189*LOG(G189,2),0)+IFERROR(G190*LOG(G190,2),0)+IFERROR(G191*LOG(G191,2),0)) -> 1.3682086 | J192: kiri | K192: Entropy | L192: =-(IFERROR(L189*LOG(L189,2),0)+IFERROR(L190*LOG(L190,2),0)+IFERROR(L191*LOG(L191,2),0)) -> 1.4897406 | O192: tengah | P192: Entropy | Q192: =-(IFERROR(Q189*LOG(Q189,2),0)+IFERROR(Q190*LOG(Q190,2),0)+IFERROR(Q191*LOG(Q191,2),0)) -> 0.69751953 | T192: kanan | U192: Entropy | V192: =-(IFERROR(V189*LOG(V189,2),0)+IFERROR(V190*LOG(V190,2),0)+IFERROR(V191*LOG(V191,2),0)) -> 1.3896288
E193: tengah | G193: =SUM(F189:F191)/163 -> 0.55214724 | J193: tengah | L193: =SUM(K189:K191)/163 -> 0.52760736 | O193: kanan | Q193: =SUM(P189:P191)/163 -> 0.6196319 | T193: kanan | V193: =SUM(U189:U191)/163 -> 0.51533742
E194: tengah | G194: =G192*G193 -> 0.75545259 | J194: tengah | L194: =L192*L193 -> 0.78599809 | O194: tengah | Q194: =Q192*Q193 -> 0.43220535 | T194: kanan | V194: =V192*V193 -> 0.71612774
E195: tengah | J195: kanan | O195: tengah | T195: kanan
E196: tengah | F196: IG | J196: tengah | K196: IG | O196: kiri | P196: IG | T196: kanan | U196: IG
E197: tengah | F197: =P5-(G176+G185+G194) -> 0.037989237 | J197: tengah | K197: =P5-(L176+L185+L194) -> 0.022915639 | O197: kanan | P197: =P5-(Q176+Q185+Q194) -> 1.0299891 | T197: kanan | U197: =P5-(V176+V185+V194) -> 0.014687209
E198: kanan | J198: kanan | O198: tengah | T198: tengah
E199: kiri | J199: kiri | O199: tengah | T199: tengah
E200: kanan | J200: tengah | O200: tengah | T200: kanan
E201: kiri | J201: tengah | O201: tengah | T201: tengah
E202: kiri | J202: tengah | O202: kiri | T202: tengah
E203: kiri | J203: kanan | O203: tengah | T203: kanan
E204: kanan | J204: kiri | O204: kiri | T204: tengah
E205: tengah | J205: kiri | O205: kiri | T205: kanan
E206: kiri | J206: kanan | O206: tengah | T206: kanan
E207: kanan | J207: tengah | O207: kiri | T207: tengah
E208: tengah | J208: tengah | O208: tengah | T208: kanan
E209: tengah | J209: tengah | O209: tengah | T209: tengah
... E332: tengah | J332: tengah | O332: tengah | T332: tengah

Sheet Pohon 10
A1: No | B1: Usia | C1: Lama Rawat Inap | D1: Jenis Kelamin | E1: Tingkat Resiko | H1: No | I1: Usia | J1: Lama Rawat Inap | K1: Jenis Kelamin | L1: Tingkat Resiko | O1: Perhitungan root
A2: =RANDBETWEEN(2,164) -> 63 | B2: {=INDEX(Data_DBD!$B:$B,$A2)} -> 25 | C2: {=INDEX(Data_DBD!$C:$C,$A2)} -> 3 | D2: {=INDEX(Data_DBD!$E:$E,$A2)} -> 0 | E2: {=INDEX(Data_DBD!$F:$F,$A2)} -> Sedang | H2: 144 | I2: 61 | J2: 4 | K2: 1 | L2: Tinggi | O2: Tinggi | P2: =COUNTIF(L2:L164,"Tinggi") -> 75 | Q2: =P2/163 -> 0.4601227
A3: =RANDBETWEEN(2,164) -> 135 | B3: {=INDEX(Data_DBD!$B:$B,$A3)} -> 10 | C3: {=INDEX(Data_DBD!$C:$C,$A3)} -> 2 | D3: {=INDEX(Data_DBD!$E:$E,$A3)} -> 0 | E3: {=INDEX(Data_DBD!$F:$F,$A3)} -> Tinggi | H3: 2 | I3: 34 | J3: 3 | K3: 0 | L3: Sedang | O3: Sedang | P3: =COUNTIF(L2:L164,"Sedang") -> 79 | Q3: =P3/163 -> 0.48466258
A4: =RANDBETWEEN(2,164) -> 149 | B4: {=INDEX(Data_DBD!$B:$B,$A4)} -> 19 | C4: {=INDEX(Data_DBD!$C:$C,$A4)} -> 5 | D4: {=INDEX(Data_DBD!$E:$E,$A4)} -> 0 | E4: {=INDEX(Data_DBD!$F:$F,$A4)} -> Tinggi | H4: 150 | I4: 61 | J4: 5 | K4: 1 | L4: Tinggi | O4: Rendah | P4: =COUNTIF(L2:L164,"Rendah") -> 9 | Q4: =P4/163 -> 0.055214724
A5: =RANDBETWEEN(2,164) -> 18 | B5: {=INDEX(Data_DBD!$B:$B,$A5)} -> 49 | C5: {=INDEX(Data_DBD!$C:$C,$A5)} -> 4 | D5: {=INDEX(Data_DBD!$E:$E,$A5)} -> 1 | E5: {=INDEX(Data_DBD!$F:$F,$A5)} -> Rendah | H5: 22 | I5: 6 | J5: 3 | K5: 0 | L5: Sedang | O5: Entropy Root | P5: =-(IFERROR(Q2*LOG(Q2,2),0)+IFERROR(Q3*LOG(Q3,2),0)+IFERROR(Q4*LOG(Q4,2),0)) -> 1.2524741
A6: =RANDBETWEEN(2,164) -> 154 | B6: {=INDEX(Data_DBD!$B:$B,$A6)} -> 18 | C6: {=INDEX(Data_DBD!$C:$C,$A6)} -> 5 | D6: {=INDEX(Data_DBD!$E:$E,$A6)} -> 1 | E6: {=INDEX(Data_DBD!$F:$F,$A6)} -> Tinggi | H6: 27 | I6: 37 | J6: 4 | K6: 1 | L6: Sedang
A7: =RANDBETWEEN(2,164) -> 129 | B7: {=INDEX(Data_DBD!$B:$B,$A7)} -> 4 | C7: {=INDEX(Data_DBD!$C:$C,$A7)} -> 3 | D7: {=INDEX(Data_DBD!$E:$E,$A7)} -> 0 | E7: {=INDEX(Data_DBD!$F:$F,$A7)} -> Tinggi | H7: 41 | I7: 8 | J7: 4 | K7: 0 | L7: Sedang
A8: =RANDBETWEEN(2,164) -> 46 | B8: {=INDEX(Data_DBD!$B:$B,$A8)} -> 62 | C8: {=INDEX(Data_DBD!$C:$C,$A8)} -> 2 | D8: {=INDEX(Data_DBD!$E:$E,$A8)} -> 0 | E8: {=INDEX(Data_DBD!$F:$F,$A8)} -> Sedang | H8: 97 | I8: 16 | J8: 2 | K8: 1 | L8: Tinggi
A9: =RANDBETWEEN(2,164) -> 141 | B9: {=INDEX(Data_DBD!$B:$B,$A9)} -> 36 | C9: {=INDEX(Data_DBD!$C:$C,$A9)} -> 2 | D9: {=INDEX(Data_DBD!$E:$E,$A9)} -> 0 | E9: {=INDEX(Data_DBD!$F:$F,$A9)} -> Tinggi | H9: 2 | I9: 34 | J9: 3 | K9: 0 | L9: Sedang
A10: =RANDBETWEEN(2,164) -> 97 | B10: {=INDEX(Data_DBD!$B:$B,$A10)} -> 16 | C10: {=INDEX(Data_DBD!$C:$C,$A10)} -> 2 | D10: {=INDEX(Data_DBD!$E:$E,$A10)} -> 1 | E10: {=INDEX(Data_DBD!$F:$F,$A10)} -> Sedang | H10: 69 | I10: 24 | J10: 4 | K10: 1 | L10: Sedang
A11: =RANDBETWEEN(2,164) -> 79 | B11: {=INDEX(Data_DBD!$B:$B,$A11)} -> 29 | C11: {=INDEX(Data_DBD!$C:$C,$A11)} -> 3 | D11: {=INDEX(Data_DBD!$E:$E,$A11)} -> 0 | E11: {=INDEX(Data_DBD!$F:$F,$A11)} -> Sedang | H11: 111 | I11: 25 | J11: 4 | K11: 0 | L11: Tinggi
A12: =RANDBETWEEN(2,164) -> 139 | B12: {=INDEX(Data_DBD!$B:$B,$A12)} -> 52 | C12: {=INDEX(Data_DBD!$C:$C,$A12)} -> 7 | D12: {=INDEX(Data_DBD!$E:$E,$A12)} -> 0 | E12: {=INDEX(Data_DBD!$F:$F,$A12)} -> Tinggi | H12: 93 | I12: 65 | J12: 4 | K12: 0 | L12: Tinggi
A13: =RANDBETWEEN(2,164) -> 148 | B13: {=INDEX(Data_DBD!$B:$B,$A13)} -> 55 | C13: {=INDEX(Data_DBD!$C:$C,$A13)} -> 3 | D13: {=INDEX(Data_DBD!$E:$E,$A13)} -> 1 | E13: {=INDEX(Data_DBD!$F:$F,$A13)} -> Tinggi | H13: 91 | I13: 35 | J13: 1 | K13: 1 | L13: Tinggi
A14: =RANDBETWEEN(2,164) -> 8 | B14: {=INDEX(Data_DBD!$B:$B,$A14)} -> 4 | C14: {=INDEX(Data_DBD!$C:$C,$A14)} -> 2 | D14: {=INDEX(Data_DBD!$E:$E,$A14)} -> 0 | E14: {=INDEX(Data_DBD!$F:$F,$A14)} -> Sedang | H14: 118 | I14: 67 | J14: 4 | K14: 1 | L14: Tinggi
A15: =RANDBETWEEN(2,164) -> 97 | B15: {=INDEX(Data_DBD!$B:$B,$A15)} -> 16 | C15: {=INDEX(Data_DBD!$C:$C,$A15)} -> 2 | D15: {=INDEX(Data_DBD!$E:$E,$A15)} -> 1 | E15: {=INDEX(Data_DBD!$F:$F,$A15)} -> Sedang | H15: 65 | I15: 49 | J15: 3 | K15: 0 | L15: Sedang
A16: =RANDBETWEEN(2,164) -> 19 | B16: {=INDEX(Data_DBD!$B:$B,$A16)} -> 8 | C16: {=INDEX(Data_DBD!$C:$C,$A16)} -> 4 | D16: {=INDEX(Data_DBD!$E:$E,$A16)} -> 0 | E16: {=INDEX(Data_DBD!$F:$F,$A16)} -> Rendah | H16: 93 | I16: 65 | J16: 4 | K16: 0 | L16: Tinggi
A17: =RANDBETWEEN(2,164) -> 65 | B17: {=INDEX(Data_DBD!$B:$B,$A17)} -> 49 | C17: {=INDEX(Data_DBD!$C:$C,$A17)} -> 3 | D17: {=INDEX(Data_DBD!$E:$E,$A17)} -> 0 | E17: {=INDEX(Data_DBD!$F:$F,$A17)} -> Sedang | H17: 121 | I17: 82 | J17: 5 | K17: 1 | L17: Tinggi
... A155: =RANDBETWEEN(2,164) -> 41 | B155: {=INDEX(Data_DBD!$B:$B,$A155)} -> 8 | C155: {=INDEX(Data_DBD!$C:$C,$A155)} -> 4 | D155: {=INDEX(Data_DBD!$E:$E,$A155)} -> 0 | E155: {=INDEX(Data_DBD!$F:$F,$A155)} -> Sedang | H155: 120 | I155: 26 | J155: 4 | K155: 1 | L155: Tinggi
A156: =RANDBETWEEN(2,164) -> 129 | B156: {=INDEX(Data_DBD!$B:$B,$A156)} -> 4 | C156: {=INDEX(Data_DBD!$C:$C,$A156)} -> 3 | D156: {=INDEX(Data_DBD!$E:$E,$A156)} -> 0 | E156: {=INDEX(Data_DBD!$F:$F,$A156)} -> Tinggi | H156: 46 | I156: 62 | J156: 2 | K156: 0 | L156: Sedang | U156: Pohon 10:
A157: =RANDBETWEEN(2,164) -> 142 | B157: {=INDEX(Data_DBD!$B:$B,$A157)} -> 39 | C157: {=INDEX(Data_DBD!$C:$C,$A157)} -> 2 | D157: {=INDEX(Data_DBD!$E:$E,$A157)} -> 1 | E157: {=INDEX(Data_DBD!$F:$F,$A157)} -> Tinggi | H157: 63 | I157: 25 | J157: 3 | K157: 0 | L157: Sedang | U157: Rule 1.1
A158: =RANDBETWEEN(2,164) -> 163 | B158: {=INDEX(Data_DBD!$B:$B,$A158)} -> 34 | C158: {=INDEX(Data_DBD!$C:$C,$A158)} -> 4 | D158: {=INDEX(Data_DBD!$E:$E,$A158)} -> 1 | E158: {=INDEX(Data_DBD!$F:$F,$A158)} -> Rendah | H158: 110 | I158: 42 | J158: 2 | K158: 1 | L158: Tinggi | U158: IF Usia < 17,31
A159: =RANDBETWEEN(2,164) -> 90 | B159: {=INDEX(Data_DBD!$B:$B,$A159)} -> 47 | C159: {=INDEX(Data_DBD!$C:$C,$A159)} -> 3 | D159: {=INDEX(Data_DBD!$E:$E,$A159)} -> 0 | E159: {=INDEX(Data_DBD!$F:$F,$A159)} -> Sedang | H159: 65 | I159: 49 | J159: 3 | K159: 0 | L159: Sedang | U159: THEN Kategori Usia = Dewasa
A160: =RANDBETWEEN(2,164) -> 22 | B160: {=INDEX(Data_DBD!$B:$B,$A160)} -> 6 | C160: {=INDEX(Data_DBD!$C:$C,$A160)} -> 3 | D160: {=INDEX(Data_DBD!$E:$E,$A160)} -> 0 | E160: {=INDEX(Data_DBD!$F:$F,$A160)} -> Sedang | H160: 29 | I160: 19 | J160: 2 | K160: 1 | L160: Sedang | U160: Rule 1.2
A161: =RANDBETWEEN(2,164) -> 10 | B161: {=INDEX(Data_DBD!$B:$B,$A161)} -> 18 | C161: {=INDEX(Data_DBD!$C:$C,$A161)} -> 5 | D161: {=INDEX(Data_DBD!$E:$E,$A161)} -> 0 | E161: {=INDEX(Data_DBD!$F:$F,$A161)} -> Sedang | H161: 72 | I161: 3 | J161: 5 | K161: 1 | L161: Sedang | U161: IF Usia ≤ 17,31 AND Usia > 53,39
A162: =RANDBETWEEN(2,164) -> 32 | B162: {=INDEX(Data_DBD!$B:$B,$A162)} -> 54 | C162: {=INDEX(Data_DBD!$C:$C,$A162)} -> 4 | D162: {=INDEX(Data_DBD!$E:$E,$A162)} -> 0 | E162: {=INDEX(Data_DBD!$F:$F,$A162)} -> Sedang | H162: 107 | I162: 48 | J162: 5 | K162: 0 | L162: Tinggi | U162: THEN Kategori Usia = Anak-anak
A163: =RANDBETWEEN(2,164) -> 56 | B163: {=INDEX(Data_DBD!$B:$B,$A163)} -> 4 | C163: {=INDEX(Data_DBD!$C:$C,$A163)} -> 3 | D163: {=INDEX(Data_DBD!$E:$E,$A163)} -> 0 | E163: {=INDEX(Data_DBD!$F:$F,$A163)} -> Sedang | H163: 13 | I163: 47 | J163: 2 | K163: 0 | L163: Sedang | U163: Rule 1.3
A164: =RANDBETWEEN(2,164) -> 148 | B164: {=INDEX(Data_DBD!$B:$B,$A164)} -> 55 | C164: {=INDEX(Data_DBD!$C:$C,$A164)} -> 3 | D164: {=INDEX(Data_DBD!$E:$E,$A164)} -> 1 | E164: {=INDEX(Data_DBD!$F:$F,$A164)} -> Tinggi | H164: 163 | I164: 34 | J164: 4 | K164: 1 | L164: Rendah | U164: IF Usia > 53,39 THEN Kategori Usia = Dewasa
I165: =AVERAGE(I2:I164) -> 33.030675 | J165: =AVERAGE(J2:J164) -> 3.4478528 | K165: =AVERAGE(K2:K164) -> 0.55828221
B166: 28
E168: USIA | I168: LAMA RAWAT INAP | M168: JENIS KELAMIN
E169: Usia | F169: =AVERAGEIF($I$2:$I$164,"<="&$I$165) -> 17.315217 | G169: =AVERAGEIF($I$2:$I$164,">"&$I$165) -> 53.394366 | I169: Lama rawat inap | J169: =AVERAGEIF($J$2:$J$164,"<="&$J$165) -> 2.4939759 | K169: =AVERAGEIF($J$2:$J$164,">"&$J$165) -> 4.4375 | M169: Jenis kelamin | N169: =AVERAGEIF($K$2:$K$164,"<="&$K$165) -> 0 | O169: =AVERAGEIF($K$2:$K$164,">"&$K$165) -> 1
E170: {=IF($I$2:$I$164<$F$169,"kiri",IF($I$2:$I$164<$G$169,"tengah","kanan"))} -> kanan | F170: Kanan > 53.39 | I170: {=IF($J$2:$J$164<$J$169,"kiri",IF($J$2:$J$164<$K$169,"tengah","kanan"))} -> tengah | J170: Kanan > 4.74 | M170: {=IF($K$2:$K$164<$N$169,"kiri",IF($K$2:$K$164<$O$169,"tengah","kanan"))} -> kanan | N170: Kanan > 1
E171: tengah | F171: =COUNTIFS($E$170:$E$332,"Kanan",$L$2:$L$164,"Tinggi") -> 17 | G171: =F171/32 -> 0.53125 | I171: tengah | J171: =COUNTIFS($I$170:$I$332,"Kanan",$L$2:$L$164,"Tinggi") -> 12 | K171: =J171/29 -> 0.4137931 | M171: tengah | N171: =COUNTIFS($M$170:$M$332,"Kanan",$L$2:$L$164,"Tinggi") -> 47 | O171: =N171/91 -> 0.51648352
E172: kanan | F172: =COUNTIFS($E$170:$E$332,"Kanan",$L$2:$L$164,"Sedang") -> 15 | G172: =F172/32 -> 0.46875 | I172: kanan | J172: =COUNTIFS($I$170:$I$332,"Kanan",$L$2:$L$164,"Sedang") -> 16 | K172: =J172/29 -> 0.55172414 | M172: kanan | N172: =COUNTIFS($M$170:$M$332,"Kanan",$L$2:$L$164,"Sedang") -> 40 | O172: =N172/91 -> 0.43956044
E173: kiri | F173: =COUNTIFS($E$170:$E$332,"Kanan",$L$2:$L$164,"Rendah") -> 0 | G173: =F173/32 -> 0 | I173: tengah | J173: =COUNTIFS($I$170:$I$332,"Kanan",$L$2:$L$164,"Rendah") -> 1 | K173: =J173/29 -> 0.034482759 | M173: tengah | N173: =COUNTIFS($M$170:$M$332,"Kanan",$L$2:$L$164,"Rendah") -> 4 | O173: =N173/91 -> 0.043956044
E174: tengah | F174: Entropy | G174: =-(IFERROR(G171*LOG(G171,2),0)+IFERROR(G172*LOG(G172,2),0)+IFERROR(G173*LOG(G173,2),0)) -> 0.9971804 | I174: tengah | J174: Entropy | K174: =-(IFERROR(K171*LOG(K171,2),0)+IFERROR(K172*LOG(K172,2),0)+IFERROR(K173*LOG(K173,2),0)) -> 1.1676517 | M174: kanan | N174: Entropy | O174: =-(IFERROR(O171*LOG(O171,2),0)+IFERROR(O172*LOG(O172,2),0)+IFERROR(O173*LOG(O173,2),0)) -> 1.2117199
E175: kiri | G175: =SUM(F171:F173)/163 -> 0.19631902 | I175: tengah | K175: =SUM(J171:J173)/163 -> 0.17791411 | M175: tengah | O175: =SUM(N171:N173)/163 -> 0.55828221
E176: kiri | G176: =G174*G175 -> 0.19576548 | I176: kiri | K176: =K174*K175 -> 0.20774171 | M176: kanan | O176: =O174*O175 -> 0.67648167
E177: tengah | I177: tengah | M177: tengah
E178: tengah | I178: tengah | M178: kanan
E179: tengah | F179: Kiri<17.31 | I179: tengah | J179: Kiri<2.49 | M179: tengah | N179: Kiri<0
E180: kanan | F180: =COUNTIFS($E$170:$E$332,"Kiri",$L$2:$L$164,"Tinggi") -> 19 | G180: =F180/38 -> 0.5 | I180: tengah | J180: =COUNTIFS($I$170:$I$332,"Kiri",$L$2:$L$164,"Tinggi") -> 20 | K180: =J180/36 -> 0.55555556 | M180: tengah | N180: =COUNTIFS($M$170:$M$332,"Kiri",$L$2:$L$164,"Tinggi") -> 0 | O180: =N180/78 -> 0
E181: tengah | F181: =COUNTIFS($E$170:$E$332,"Kiri",$L$2:$L$164,"Sedang") -> 16 | G181: =F181/38 -> 0.42105263 | I181: kiri | J181: =COUNTIFS($I$170:$I$332,"Kiri",$L$2:$L$164,"Sedang") -> 14 | K181: =J181/36 -> 0.38888889 | M181: kanan | N181: =COUNTIFS($T$170:$T$332,"Kiri",$M$2:$M$164,"Sedang") -> 0 | O181: =N181/78 -> 0
E182: kanan | F182: =COUNTIFS($E$170:$E$332,"Kiri",$L$2:$L$164,"Rendah") -> 3 | G182: =F182/38 -> 0.078947368 | I182: tengah | J182: =COUNTIFS($I$170:$I$332,"Kiri",$L$2:$L$164,"Rendah") -> 2 | K182: =J182/36 -> 0.055555556 | M182: kanan | N182: =COUNTIFS($T$170:$T$332,"Kiri",$M$2:$M$164,"Rendah") -> 0 | O182: =N182/78 -> 0
E183: tengah | F183: Entropy | G183: =-(IFERROR(G180*LOG(G180,2),0)+IFERROR(G181*LOG(G181,2),0)+IFERROR(G182*LOG(G182,2),0)) -> 1.3146246 | I183: tengah | J183: Entropy | K183: =-(IFERROR(K180*LOG(K180,2),0)+IFERROR(K181*LOG(K181,2),0)+IFERROR(K182*LOG(K182,2),0)) -> 1.2326603 | M183: tengah | N183: Entropy | O183: =-(IFERROR(O180*LOG(O180,2),0)+IFERROR(O181*LOG(O181,2),0)+IFERROR(O182*LOG(O182,2),0)) -> 0
E184: kanan | G184: =SUM(F180:F182)/163 -> 0.23312883 | I184: tengah | K184: =SUM(J180:J182)/163 -> 0.2208589 | M184: tengah | O184: =SUM(N180:N182)/163 -> 0
E185: kanan | G185: =G183*G184 -> 0.3064769 | I185: kanan | K185: =K183*K184 -> 0.27224398 | M185: kanan | O185: =O183*O184 -> 0
E186: kanan | I186: tengah | M186: kanan
E187: tengah | I187: tengah | M187: kanan
E188: tengah | F188: Tengah | I188: kiri | J188: Tengah | M188: kanan | N188: Tengah
E189: kanan | F189: =COUNTIFS($E$170:$E$332,"Tengah",$L$2:$L$164,"Tinggi") -> 39 | G189: =F189/93 -> 0.41935484 | I189: tengah | J189: =COUNTIFS($I$170:$I$332,"Tengah",$L$2:$L$164,"Tinggi") -> 43 | K189: =J189/98 -> 0.43877551 | M189: kanan | N189: =COUNTIFS($M$170:$M$332,"Tengah",$L$2:$L$164,"Tinggi") -> 28 | O189: =N189/72 -> 0.38888889
E190: kiri | F190: =COUNTIFS($E$170:$E$332,"Tengah",$L$2:$L$164,"Sedang") -> 48 | G190: =F190/93 -> 0.51612903 | I190: kiri | J190: =COUNTIFS($I$170:$I$332,"Tengah",$L$2:$L$164,"Sedang") -> 49 | K190: =J190/98 -> 0.5 | M190: tengah | N190: =COUNTIFS($M$170:$M$332,"Tengah",$L$2:$L$164,"Sedang") -> 39 | O190: =N190/72 -> 0.54166667
E191: tengah | F191: =COUNTIFS($E$170:$E$332,"Tengah",$L$2:$L$164,"Rendah") -> 6 | G191: =F191/93 -> 0.064516129 | I191: kanan | J191: =COUNTIFS($I$170:$I$332,"Tengah",$L$2:$L$164,"Rendah") -> 6 | K191: =J191/98 -> 0.06122449 | M191: tengah | N191: =COUNTIFS($M$170:$M$332,"Tengah",$L$2:$L$164,"Rendah") -> 5 | O191: =N191/72 -> 0.069444444
E192: tengah | F192: Entropy | G192: =-(IFERROR(G189*LOG(G189,2),0)+IFERROR(G190*LOG(G190,2),0)+IFERROR(G191*LOG(G191,2),0)) -> 1.2733668 | I192: tengah | J192: Entropy | K192: =-(IFERROR(K189*LOG(K189,2),0)+IFERROR(K190*LOG(K190,2),0)+IFERROR(K191*LOG(K191,2),0)) -> 1.2681798 | M192: kanan | N192: Entropy | O192: =-(IFERROR(O189*LOG(O189,2),0)+IFERROR(O190*LOG(O190,2),0)+IFERROR(O191*LOG(O191,2),0)) -> 1.2762269
E193: tengah | G193: =SUM(F189:F191)/163 -> 0.57055215 | I193: kanan | K193: =SUM(J189:J191)/163 -> 0.60122699 | M193: kanan | O193: =SUM(N189:N191)/163 -> 0.44171779
E194: tengah | G194: =G192*G193 -> 0.72652213 | I194: tengah | K194: =K192*K193 -> 0.76246394 | M194: kanan | O194: =O192*O193 -> 0.56373212
E195: kiri | I195: tengah | M195: kanan
E196: kiri | F196: IG | I196: kiri | J196: IG | M196: tengah | N196: IG
E197: kanan | F197: =P5-(G176+G185+G194) -> 0.023709616 | I197: kanan | J197: =P5-(K176+K185+K194) -> 0.010024492 | M197: kanan | N197: =P5-(O176+O185+O194) -> 0.012260341
E198: tengah | I198: tengah | M198: kanan
E199: tengah | I199: tengah | M199: kanan
E200: tengah | I200: tengah | M200: kanan
E201: tengah | I201: tengah | M201: kanan
E202: tengah | I202: kanan | M202: kanan
E203: tengah | I203: tengah | M203: kanan
E204: tengah | I204: kiri | M204: tengah
E205: tengah | I205: kanan | M205: tengah
E206: kanan | I206: tengah | M206: kanan
E207: kiri | I207: tengah | M207: kanan
E208: tengah | I208: kanan | M208: tengah
E209: kiri | I209: tengah | M209: kanan
... E332: tengah | I332: tengah | M332: kanan

Sheet Pohon 11
A1: No | B1: Lama Rawat Inap | C1: Jenis Kelamin | D1: Tingkat Resiko | H1: No | I1: Lama Rawat Inap | J1: Jenis Kelamin | K1: Tingkat Resiko | O1: Perhitungan root
A2: =RANDBETWEEN(2,164) -> 99 | B2: {=INDEX(Data_DBD!$C:$C,$A2)} -> 2 | C2: {=INDEX(Data_DBD!$E:$E,$A2)} -> 1 | D2: {=INDEX(Data_DBD!$F:$F,$A2)} -> Sedang | H2: 35 | I2: 3 | J2: 1 | K2: Rendah | O2: Tinggi | P2: =COUNTIF(K2:K164,"Tinggi") -> 73 | Q2: =P2/163 -> 0.44785276
A3: =RANDBETWEEN(2,164) -> 116 | B3: {=INDEX(Data_DBD!$C:$C,$A3)} -> 4 | C3: {=INDEX(Data_DBD!$E:$E,$A3)} -> 1 | D3: {=INDEX(Data_DBD!$F:$F,$A3)} -> Tinggi | H3: 152 | I3: 3 | J3: 1 | K3: Tinggi | O3: Sedang | P3: =COUNTIF(K2:K164,"Sedang") -> 72 | Q3: =P3/163 -> 0.44171779
A4: =RANDBETWEEN(2,164) -> 44 | B4: {=INDEX(Data_DBD!$C:$C,$A4)} -> 5 | C4: {=INDEX(Data_DBD!$E:$E,$A4)} -> 1 | D4: {=INDEX(Data_DBD!$F:$F,$A4)} -> Sedang | H4: 87 | I4: 3 | J4: 0 | K4: Sedang | O4: Rendah | P4: =COUNTIF(K2:K164,"Rendah") -> 18 | Q4: =P4/163 -> 0.11042945
A5: =RANDBETWEEN(2,164) -> 112 | B5: {=INDEX(Data_DBD!$C:$C,$A5)} -> 3 | C5: {=INDEX(Data_DBD!$E:$E,$A5)} -> 1 | D5: {=INDEX(Data_DBD!$F:$F,$A5)} -> Tinggi | H5: 125 | I5: 4 | J5: 0 | K5: Tinggi | O5: Entropy Root | P5: =-(IFERROR(Q2*LOG(Q2,2),0)+IFERROR(Q3*LOG(Q3,2),0)+IFERROR(Q4*LOG(Q4,2),0)) -> 1.39075
A6: =RANDBETWEEN(2,164) -> 16 | B6: {=INDEX(Data_DBD!$C:$C,$A6)} -> 5 | C6: {=INDEX(Data_DBD!$E:$E,$A6)} -> 1 | D6: {=INDEX(Data_DBD!$F:$F,$A6)} -> Rendah | H6: 50 | I6: 5 | J6: 0 | K6: Sedang
A7: =RANDBETWEEN(2,164) -> 86 | B7: {=INDEX(Data_DBD!$C:$C,$A7)} -> 3 | C7: {=INDEX(Data_DBD!$E:$E,$A7)} -> 0 | D7: {=INDEX(Data_DBD!$F:$F,$A7)} -> Sedang | H7: 123 | I7: 4 | J7: 0 | K7: Tinggi
A8: =RANDBETWEEN(2,164) -> 33 | B8: {=INDEX(Data_DBD!$C:$C,$A8)} -> 4 | C8: {=INDEX(Data_DBD!$E:$E,$A8)} -> 1 | D8: {=INDEX(Data_DBD!$F:$F,$A8)} -> Sedang | H8: 6 | I8: 4 | J8: 0 | K8: Sedang
A9: =RANDBETWEEN(2,164) -> 149 | B9: {=INDEX(Data_DBD!$C:$C,$A9)} -> 5 | C9: {=INDEX(Data_DBD!$E:$E,$A9)} -> 0 | D9: {=INDEX(Data_DBD!$F:$F,$A9)} -> Tinggi | H9: 94 | I9: 4 | J9: 0 | K9: Tinggi
A10: =RANDBETWEEN(2,164) -> 40 | B10: {=INDEX(Data_DBD!$C:$C,$A10)} -> 3 | C10: {=INDEX(Data_DBD!$E:$E,$A10)} -> 1 | D10: {=INDEX(Data_DBD!$F:$F,$A10)} -> Sedang | H10: 149 | I10: 5 | J10: 0 | K10: Tinggi
A11: =RANDBETWEEN(2,164) -> 124 | B11: {=INDEX(Data_DBD!$C:$C,$A11)} -> 3 | C11: {=INDEX(Data_DBD!$E:$E,$A11)} -> 1 | D11: {=INDEX(Data_DBD!$F:$F,$A11)} -> Tinggi | H11: 20 | I11: 5 | J11: 0 | K11: Rendah
A12: =RANDBETWEEN(2,164) -> 5 | B12: {=INDEX(Data_DBD!$C:$C,$A12)} -> 2 | C12: {=INDEX(Data_DBD!$E:$E,$A12)} -> 1 | D12: {=INDEX(Data_DBD!$F:$F,$A12)} -> Sedang | H12: 106 | I12: 3 | J12: 1 | K12: Tinggi
A13: =RANDBETWEEN(2,164) -> 8 | B13: {=INDEX(Data_DBD!$C:$C,$A13)} -> 2 | C13: {=INDEX(Data_DBD!$E:$E,$A13)} -> 0 | D13: {=INDEX(Data_DBD!$F:$F,$A13)} -> Sedang | H13: 156 | I13: 2 | J13: 0 | K13: Tinggi
A14: =RANDBETWEEN(2,164) -> 123 | B14: {=INDEX(Data_DBD!$C:$C,$A14)} -> 4 | C14: {=INDEX(Data_DBD!$E:$E,$A14)} -> 0 | D14: {=INDEX(Data_DBD!$F:$F,$A14)} -> Tinggi | H14: 16 | I14: 5 | J14: 1 | K14: Rendah
A15: =RANDBETWEEN(2,164) -> 75 | B15: {=INDEX(Data_DBD!$C:$C,$A15)} -> 2 | C15: {=INDEX(Data_DBD!$E:$E,$A15)} -> 1 | D15: {=INDEX(Data_DBD!$F:$F,$A15)} -> Rendah | H15: 5 | I15: 2 | J15: 1 | K15: Sedang
A16: =RANDBETWEEN(2,164) -> 108 | B16: {=INDEX(Data_DBD!$C:$C,$A16)} -> 7 | C16: {=INDEX(Data_DBD!$E:$E,$A16)} -> 1 | D16: {=INDEX(Data_DBD!$F:$F,$A16)} -> Tinggi | H16: 98 | I16: 2 | J16: 1 | K16: Tinggi
A17: =RANDBETWEEN(2,164) -> 51 | B17: {=INDEX(Data_DBD!$C:$C,$A17)} -> 4 | C17: {=INDEX(Data_DBD!$E:$E,$A17)} -> 0 | D17: {=INDEX(Data_DBD!$F:$F,$A17)} -> Sedang | H17: 8 | I17: 2 | J17: 0 | K17: Sedang
... A155: =RANDBETWEEN(2,164) -> 22 | B155: {=INDEX(Data_DBD!$C:$C,$A155)} -> 3 | C155: {=INDEX(Data_DBD!$E:$E,$A155)} -> 0 | D155: {=INDEX(Data_DBD!$F:$F,$A155)} -> Sedang | H155: 47 | I155: 2 | J155: 0 | K155: Sedang
A156: =RANDBETWEEN(2,164) -> 127 | B156: {=INDEX(Data_DBD!$C:$C,$A156)} -> 2 | C156: {=INDEX(Data_DBD!$E:$E,$A156)} -> 0 | D156: {=INDEX(Data_DBD!$F:$F,$A156)} -> Tinggi | H156: 18 | I156: 4 | J156: 1 | K156: Rendah | U156: Pohon 11:
A157: =RANDBETWEEN(2,164) -> 135 | B157: {=INDEX(Data_DBD!$C:$C,$A157)} -> 2 | C157: {=INDEX(Data_DBD!$E:$E,$A157)} -> 0 | D157: {=INDEX(Data_DBD!$F:$F,$A157)} -> Tinggi | H157: 10 | I157: 5 | J157: 0 | K157: Sedang | U157: Rule 1.1
A158: =RANDBETWEEN(2,164) -> 9 | B158: {=INDEX(Data_DBD!$C:$C,$A158)} -> 6 | C158: {=INDEX(Data_DBD!$E:$E,$A158)} -> 1 | D158: {=INDEX(Data_DBD!$F:$F,$A158)} -> Sedang | H158: 129 | I158: 3 | J158: 0 | K158: Tinggi | U158: IF Lama Rawat Inap < 2,44
A159: =RANDBETWEEN(2,164) -> 10 | B159: {=INDEX(Data_DBD!$C:$C,$A159)} -> 5 | C159: {=INDEX(Data_DBD!$E:$E,$A159)} -> 0 | D159: {=INDEX(Data_DBD!$F:$F,$A159)} -> Sedang | H159: 94 | I159: 4 | J159: 0 | K159: Tinggi | U159: THEN Kelas = Sedang
A160: =RANDBETWEEN(2,164) -> 96 | B160: {=INDEX(Data_DBD!$C:$C,$A160)} -> 4 | C160: {=INDEX(Data_DBD!$E:$E,$A160)} -> 0 | D160: {=INDEX(Data_DBD!$F:$F,$A160)} -> Sedang | H160: 155 | I160: 5 | J160: 1 | K160: Tinggi | U160: Rule 1.2
A161: =RANDBETWEEN(2,164) -> 105 | B161: {=INDEX(Data_DBD!$C:$C,$A161)} -> 3 | C161: {=INDEX(Data_DBD!$E:$E,$A161)} -> 1 | D161: {=INDEX(Data_DBD!$F:$F,$A161)} -> Sedang | H161: 111 | I161: 4 | J161: 0 | K161: Tinggi | U161: IF Lama Rawat Inap ≤ 2,44 AND Lama Rawat Inap > 4,68
A162: =RANDBETWEEN(2,164) -> 141 | B162: {=INDEX(Data_DBD!$C:$C,$A162)} -> 2 | C162: {=INDEX(Data_DBD!$E:$E,$A162)} -> 0 | D162: {=INDEX(Data_DBD!$F:$F,$A162)} -> Tinggi | H162: 157 | I162: 4 | J162: 1 | K162: Tinggi | U162: THEN Kelas = Sedang
A163: =RANDBETWEEN(2,164) -> 101 | B163: {=INDEX(Data_DBD!$C:$C,$A163)} -> 5 | C163: {=INDEX(Data_DBD!$E:$E,$A163)} -> 0 | D163: {=INDEX(Data_DBD!$F:$F,$A163)} -> Sedang | H163: 120 | I163: 4 | J163: 1 | K163: Tinggi | U163: Rule 1.3
A164: =RANDBETWEEN(2,164) -> 107 | B164: {=INDEX(Data_DBD!$C:$C,$A164)} -> 5 | C164: {=INDEX(Data_DBD!$E:$E,$A164)} -> 0 | D164: {=INDEX(Data_DBD!$F:$F,$A164)} -> Sedang | H164: 132 | I164: 3 | J164: 1 | K164: Tinggi | U164: IF Lama Rawat Inap > 4,68 THEN Kelas = Lama
I165: =AVERAGE(I2:I164) -> 3.3742331 | J165: =AVERAGE(J2:J164) -> 0.57668712
B166: 55
I168: LAMA RAWAT INAP | M168: JENIS KELAMIN
I169: Lama rawat inap | J169: =AVERAGEIF($I$2:$I$164,"<="&$I$165) -> 2.4494382 | K169: =AVERAGEIF($I$2:$I$164,">"&$I$165) -> 4.4864865 | M169: Jenis kelamin | N169: =AVERAGEIF($J$2:$J$164,"<="&$J$165) -> 0 | O169: =AVERAGEIF($J$2:$J$164,">"&$J$165) -> 1
I170: {=IF($I$2:$I$164<$J$169,"kiri",IF($I$2:$I$164<$K$169,"tengah","kanan"))} -> tengah | J170: Kanan > 4.48 | M170: {=IF($J$2:$J$164<$N$169,"kiri",IF($J$2:$J$164<$O$169,"tengah","kanan"))} -> kanan | N170: Kanan > 1
I171: tengah | J171: =COUNTIFS($I$170:$I$332,"Kanan",$K$2:$K$164,"Tinggi") -> 10 | K171: =J171/27 -> 0.37037037 | M171: kanan | N171: =COUNTIFS($M$170:$M$332,"Kanan",$K$2:$K$164,"Tinggi") -> 42 | O171: =N171/94 -> 0.44680851
I172: tengah | J172: =COUNTIFS($I$170:$I$332,"Kanan",$K$2:$K$164,"Sedang") -> 13 | K172: =J172/27 -> 0.48148148 | M172: tengah | N172: =COUNTIFS($M$170:$M$332,"Kanan",$K$2:$K$164,"Sedang") -> 40 | O172: =N172/94 -> 0.42553191
I173: tengah | J173: =COUNTIFS($I$170:$I$332,"Kanan",$K$2:$K$164,"Rendah") -> 4 | K173: =J173/27 -> 0.14814815 | M173: tengah | N173: =COUNTIFS($M$170:$M$332,"Kanan",$K$2:$K$164,"Rendah") -> 12 | O173: =N173/94 -> 0.12765957
I174: kanan | J174: Entropy | K174: =-(IFERROR(K171*LOG(K171,2),0)+IFERROR(K172*LOG(K172,2),0)+IFERROR(K173*LOG(K173,2),0)) -> 1.4465543 | M174: tengah | N174: Entropy | O174: =-(IFERROR(O171*LOG(O171,2),0)+IFERROR(O172*LOG(O172,2),0)+IFERROR(O173*LOG(O173,2),0)) -> 1.4229505
I175: tengah | K175: =SUM(J171:J173)/163 -> 0.16564417 | M175: tengah | O175: =SUM(N171:N173)/163 -> 0.57668712
I176: tengah | K176: =K174*K175 -> 0.23961328 | M176: tengah | O176: =O174*O175 -> 0.82059722
I177: tengah | M177: tengah
I178: kanan | M178: tengah
I179: kanan | J179: Kiri<2.44 | M179: tengah | N179: Kiri<0
I180: tengah | J180: =COUNTIFS($I$170:$I$332,"Kiri",$K$2:$K$164,"Tinggi") -> 20 | K180: =J180/42 -> 0.47619048 | M180: kanan | N180: =COUNTIFS($N$170:$N$332,"Kiri",$K$2:$K$164,"Tinggi") -> 0 | O180: =N180/57 -> #VALUE!
I181: kiri | J181: =COUNTIFS($I$170:$I$332,"Kiri",$K$2:$K$164,"Sedang") -> 18 | K181: =J181/42 -> 0.42857143 | M181: tengah | N181: =COUNTIFS($N$170:$N$332,"Kiri",$K$2:$K$164,"Sedang") -> 0 | O181: =N181/57 -> #VALUE!
I182: kanan | J182: =COUNTIFS($I$170:$I$332,"Kiri",$K$2:$K$164,"Rendah") -> 4 | K182: =J182/42 -> 0.095238095 | M182: kanan | N182: =COUNTIFS($N$170:$N$332,"Kiri",$K$2:$K$164,"Rendah") -> 0 | O182: =N182/57 -> #VALUE!
I183: kiri | J183: Entropy | K183: =-(IFERROR(K180*LOG(K180,2),0)+IFERROR(K181*LOG(K181,2),0)+IFERROR(K182*LOG(K182,2),0)) -> 1.3566695 | M183: kanan | N183: Entropy | O183: =-(IFERROR(O180*LOG(O180,2),0)+IFERROR(O181*LOG(O181,2),0)+IFERROR(O182*LOG(O182,2),0)) -> 0
I184: kiri | K184: =SUM(J180:J182)/163 -> 0.25766871 | M184: kanan | O184: =SUM(N180:N182)/163 -> #VALUE!
I185: kiri | K185: =K183*K184 -> 0.34957129 | M185: tengah | O185: =O183*O184 -> #VALUE!
I186: tengah | M186: tengah
I187: kiri | M187: kanan
I188: tengah | J188: Tengah | M188: tengah | N188: Tengah
I189: tengah | J189: =COUNTIFS($I$170:$I$332,"Tengah",$K$2:$K$164,"Tinggi") -> 43 | K189: =J189/94 -> 0.45744681 | M189: tengah | N189: =COUNTIFS($M$170:$M$332,"Tengah",$K$2:$K$164,"Tinggi") -> 31 | O189: =N189/69 -> 0.44927536
I190: tengah | J190: =COUNTIFS($I$170:$I$332,"Tengah",$K$2:$K$164,"Sedang") -> 41 | K190: =J190/94 -> 0.43617021 | M190: tengah | N190: =COUNTIFS($M$170:$M$332,"Tengah",$K$2:$K$164,"Sedang") -> 32 | O190: =N190/69 -> 0.46376812
I191: kiri | J191: =COUNTIFS($I$170:$I$332,"Tengah",$K$2:$K$164,"Rendah") -> 10 | K191: =J191/94 -> 0.10638298 | M191: kanan | N191: =COUNTIFS($M$170:$M$332,"Tengah",$K$2:$K$164,"Rendah") -> 6 | O191: =N191/69 -> 0.086956522
I192: kanan | J192: Entropy | K192: =-(IFERROR(K189*LOG(K189,2),0)+IFERROR(K190*LOG(K190,2),0)+IFERROR(K191*LOG(K191,2),0)) -> 1.3821602 | M192: tengah | N192: Entropy | O192: =-(IFERROR(O189*LOG(O189,2),0)+IFERROR(O190*LOG(O190,2),0)+IFERROR(O191*LOG(O191,2),0)) -> 1.3391062
I193: tengah | K193: =SUM(J189:J191)/163 -> 0.57668712 | M193: tengah | O193: =SUM(N189:N191)/163 -> 0.42331288
I194: tengah | K194: =K192*K193 -> 0.79707395 | M194: kanan | O194: =O192*O193 -> 0.5668609
I195: tengah | M195: tengah
I196: tengah | J196: IG | M196: kanan | N196: IG
I197: tengah | J197: =P5-(K176+K185+K194) -> 0.0044914518 | M197: kanan | N197: =P5-(O176+O185+O194) -> #VALUE!
I198: tengah | M198: tengah
I199: kiri | M199: kanan
I200: kiri | M200: kanan
I201: tengah | M201: kanan
I202: kiri | M202: tengah
I203: tengah | M203: kanan
I204: kiri | M204: kanan
I205: tengah | M205: tengah
I206: kiri | M206: kanan
I207: tengah | M207: tengah
I208: tengah | M208: tengah
I209: kanan | M209: tengah
... I332: tengah | M332: kanan

Sheet Pohon 12
A1: No | B1: Jenis Kelamin | C1: Tingkat Resiko | E1: No | F1: Jenis Kelamin | G1: Tingkat Resiko | I1: Perhitungan root
A2: =RANDBETWEEN(2,164) -> 88 | B2: {=INDEX(Data_DBD!$E:$E,$A2)} -> 1 | C2: {=INDEX(Data_DBD!$F:$F,$A2)} -> Sedang | E2: 140 | F2: 1 | G2: Tinggi | I2: Tinggi | J2: =COUNTIF(G2:G164,"Tinggi") -> 62 | K2: =J2/163 -> 0.3803681
A3: =RANDBETWEEN(2,164) -> 41 | B3: {=INDEX(Data_DBD!$E:$E,$A3)} -> 0 | C3: {=INDEX(Data_DBD!$F:$F,$A3)} -> Sedang | E3: 64 | F3: 0 | G3: Sedang | I3: Sedang | J3: =COUNTIF(G2:G164,"Sedang") -> 83 | K3: =J3/163 -> 0.50920245
A4: =RANDBETWEEN(2,164) -> 162 | B4: {=INDEX(Data_DBD!$E:$E,$A4)} -> 1 | C4: {=INDEX(Data_DBD!$F:$F,$A4)} -> Rendah | E4: 122 | F4: 1 | G4: Tinggi | I4: Rendah | J4: =COUNTIF(G2:G164,"Rendah") -> 18 | K4: =J4/163 -> 0.11042945
A5: =RANDBETWEEN(2,164) -> 92 | B5: {=INDEX(Data_DBD!$E:$E,$A5)} -> 0 | C5: {=INDEX(Data_DBD!$F:$F,$A5)} -> Sedang | E5: 15 | F5: 0 | G5: Rendah | I5: Entropy Root | J5: =-(IFERROR(K2*LOG(K2,2),0)+IFERROR(K3*LOG(K3,2),0)+IFERROR(K4*LOG(K4,2),0)) -> 1.3772736
A6: =RANDBETWEEN(2,164) -> 49 | B6: {=INDEX(Data_DBD!$E:$E,$A6)} -> 0 | C6: {=INDEX(Data_DBD!$F:$F,$A6)} -> Sedang | E6: 38 | F6: 1 | G6: Rendah
A7: =RANDBETWEEN(2,164) -> 89 | B7: {=INDEX(Data_DBD!$E:$E,$A7)} -> 0 | C7: {=INDEX(Data_DBD!$F:$F,$A7)} -> Sedang | E7: 77 | F7: 1 | G7: Sedang
A8: =RANDBETWEEN(2,164) -> 24 | B8: {=INDEX(Data_DBD!$E:$E,$A8)} -> 0 | C8: {=INDEX(Data_DBD!$F:$F,$A8)} -> Sedang | E8: 42 | F8: 1 | G8: Sedang
A9: =RANDBETWEEN(2,164) -> 81 | B9: {=INDEX(Data_DBD!$E:$E,$A9)} -> 1 | C9: {=INDEX(Data_DBD!$F:$F,$A9)} -> Sedang | E9: 117 | F9: 1 | G9: Tinggi
A10: =RANDBETWEEN(2,164) -> 146 | B10: {=INDEX(Data_DBD!$E:$E,$A10)} -> 1 | C10: {=INDEX(Data_DBD!$F:$F,$A10)} -> Tinggi | E10: 131 | F10: 0 | G10: Tinggi
A11: =RANDBETWEEN(2,164) -> 76 | B11: {=INDEX(Data_DBD!$E:$E,$A11)} -> 0 | C11: {=INDEX(Data_DBD!$F:$F,$A11)} -> Rendah | E11: 16 | F11: 1 | G11: Rendah
A12: =RANDBETWEEN(2,164) -> 18 | B12: {=INDEX(Data_DBD!$E:$E,$A12)} -> 1 | C12: {=INDEX(Data_DBD!$F:$F,$A12)} -> Rendah | E12: 95 | F12: 1 | G12: Tinggi
A13: =RANDBETWEEN(2,164) -> 62 | B13: {=INDEX(Data_DBD!$E:$E,$A13)} -> 1 | C13: {=INDEX(Data_DBD!$F:$F,$A13)} -> Sedang | E13: 72 | F13: 1 | G13: Sedang
A14: =RANDBETWEEN(2,164) -> 93 | B14: {=INDEX(Data_DBD!$E:$E,$A14)} -> 0 | C14: {=INDEX(Data_DBD!$F:$F,$A14)} -> Sedang | E14: 28 | F14: 1 | G14: Sedang
A15: =RANDBETWEEN(2,164) -> 112 | B15: {=INDEX(Data_DBD!$E:$E,$A15)} -> 1 | C15: {=INDEX(Data_DBD!$F:$F,$A15)} -> Tinggi | E15: 64 | F15: 0 | G15: Sedang
A16: =RANDBETWEEN(2,164) -> 145 | B16: {=INDEX(Data_DBD!$E:$E,$A16)} -> 1 | C16: {=INDEX(Data_DBD!$F:$F,$A16)} -> Tinggi | E16: 100 | F16: 0 | G16: Tinggi
A17: =RANDBETWEEN(2,164) -> 8 | B17: {=INDEX(Data_DBD!$E:$E,$A17)} -> 0 | C17: {=INDEX(Data_DBD!$F:$F,$A17)} -> Sedang | E17: 85 | F17: 0 | G17: Sedang
... A158: =RANDBETWEEN(2,164) -> 119 | B158: {=INDEX(Data_DBD!$E:$E,$A158)} -> 0 | C158: {=INDEX(Data_DBD!$F:$F,$A158)} -> Tinggi | E158: 136 | F158: 0 | G158: Tinggi
A159: =RANDBETWEEN(2,164) -> 150 | B159: {=INDEX(Data_DBD!$E:$E,$A159)} -> 1 | C159: {=INDEX(Data_DBD!$F:$F,$A159)} -> Tinggi | E159: 150 | F159: 1 | G159: Tinggi | P159: Pohon 12:
A160: =RANDBETWEEN(2,164) -> 27 | B160: {=INDEX(Data_DBD!$E:$E,$A160)} -> 1 | C160: {=INDEX(Data_DBD!$F:$F,$A160)} -> Sedang | E160: 6 | F160: 0 | G160: Sedang | P160: Rule 1.1
A161: =RANDBETWEEN(2,164) -> 109 | B161: {=INDEX(Data_DBD!$E:$E,$A161)} -> 1 | C161: {=INDEX(Data_DBD!$F:$F,$A161)} -> Tinggi | E161: 137 | F161: 1 | G161: Tinggi | P161: IF Jenis Kelamin ≤ 0 AND Jenis Kelamin > 1
A162: =RANDBETWEEN(2,164) -> 142 | B162: {=INDEX(Data_DBD!$E:$E,$A162)} -> 1 | C162: {=INDEX(Data_DBD!$F:$F,$A162)} -> Tinggi | E162: 20 | F162: 0 | G162: Rendah | P162: THEN Kelas = Sedang
A163: =RANDBETWEEN(2,164) -> 82 | B163: {=INDEX(Data_DBD!$E:$E,$A163)} -> 1 | C163: {=INDEX(Data_DBD!$F:$F,$A163)} -> Sedang | E163: 74 | F163: 0 | G163: Sedang | P163: Rule 1.2
A164: =RANDBETWEEN(2,164) -> 151 | B164: {=INDEX(Data_DBD!$E:$E,$A164)} -> 0 | C164: {=INDEX(Data_DBD!$F:$F,$A164)} -> Tinggi | E164: 136 | F164: 0 | G164: Tinggi | P164: IF Jenis Kelamin > 1 THEN Kelas = Sedang
F165: =AVERAGE(F2:F164) -> 0.5398773
B166: 2
E168: JENIS KELAMIN
E169: Jenis kelamin | F169: =AVERAGEIF($F$2:$F$164,"<="&$F$165) -> 0 | G169: =AVERAGEIF($F$2:$F$164,">"&$F$165) -> 1
E170: {=IF($F$2:$F$164<$F$169,"kiri",IF($F$2:$F$164<$G$169,"tengah","kanan"))} -> kanan | F170: Kanan > 1
E171: tengah | F171: =COUNTIFS($E$170:$E$332,"Kanan",$G$2:$G$164,"Tinggi") -> 35 | G171: =F171/88 -> 0.39772727
E172: kanan | F172: =COUNTIFS($E$170:$E$332,"Kanan",$G$2:$G$164,"Sedang") -> 43 | G172: =F172/88 -> 0.48863636
E173: tengah | F173: =COUNTIFS($E$170:$E$332,"Kanan",$G$2:$G$164,"Rendah") -> 10 | G173: =F173/88 -> 0.11363636
E174: kanan | F174: Entropy | G174: =-(IFERROR(G171*LOG(G171,2),0)+IFERROR(G172*LOG(G172,2),0)+IFERROR(G173*LOG(G173,2),0)) -> 1.3904138
E175: kanan | G175: =SUM(F171:F173)/163 -> 0.5398773
E176: kanan | G176: =G174*G175 -> 0.75065283
E177: kanan
E178: tengah
E179: kanan | F179: Kiri<0
E180: kanan | F180: =COUNTIFS($E$170:$E$332,"Kiri",$G$2:$G$164,"Tinggi") -> 0 | G180: =F180/88 -> 0
E181: kanan | F181: =COUNTIFS($E$170:$E$332,"Kiri",$G$2:$G$164,"Sedang") -> 0 | G181: =F181/88 -> 0
E182: kanan | F182: =COUNTIFS($E$170:$E$332,"Kiri",$G$2:$G$164,"Rendah") -> 0 | G182: =F182/88 -> 0
E183: tengah | F183: Entropy | G183: =-(IFERROR(G180*LOG(G180,2),0)+IFERROR(G181*LOG(G181,2),0)+IFERROR(G182*LOG(G182,2),0)) -> 0
E184: tengah | G184: =SUM(F180:F182)/163 -> 0
E185: tengah | G185: =G183*G184 -> 0
E186: kanan
E187: tengah
E188: tengah | F188: Tengah
E189: kanan | F189: =COUNTIFS($E$170:$E$332,"Tengah",$G$2:$G$164,"Tinggi") -> 27 | G189: =F189/75 -> 0.36
E190: tengah | F190: =COUNTIFS($E$170:$E$332,"Tengah",$G$2:$G$164,"Sedang") -> 40 | G190: =F190/75 -> 0.53333333
E191: tengah | F191: =COUNTIFS($E$170:$E$332,"Tengah",$G$2:$G$164,"Rendah") -> 8 | G191: =F191/75 -> 0.10666667
E192: kanan | F192: Entropy | G192: =-(IFERROR(G189*LOG(G189,2),0)+IFERROR(G190*LOG(G190,2),0)+IFERROR(G191*LOG(G191,2),0)) -> 1.3586975
E193: kanan | G193: =SUM(F189:F191)/163 -> 0.4601227
E194: tengah | G194: =G192*G193 -> 0.62516758
E195: tengah
E196: kanan | F196: IG
E197: kanan | F197: =J5-(G176+G185+G194) -> 0.0014531791
E198: kanan
E199: tengah
E200: kanan
E201: kanan
E202: kanan
E203: tengah
E204: tengah
E205: kanan
E206: kanan
E207: tengah
E208: kanan
E209: kanan
... E332: tengah

Sheet Pohon 13
A1: No | B1: Usia | C1: Lama Rawat Inap | D1: Jumlah Kasus Per Bulan | E1: Jenis Kelamin | F1: Tingkat Resiko | H1: No | I1: Usia | J1: Lama Rawat Inap | K1: Jumlah Kasus Per Bulan | L1: Jenis Kelamin | M1: Tingkat Resiko | O1: Perhitungan root
A2: =RANDBETWEEN(2,164) -> 32 | B2: {=INDEX(Data_DBD!$B:$B,$A2)} -> 54 | C2: {=INDEX(Data_DBD!$C:$C,$A2)} -> 4 | D2: {=INDEX(Data_DBD!$D:$D,$A2)} -> 14 | E2: {=INDEX(Data_DBD!$E:$E,$A2)} -> 0 | F2: {=INDEX(Data_DBD!$F:$F,$A2)} -> Sedang | H2: 98 | I2: 16 | J2: 2 | K2: 18 | L2: 1 | M2: Sedang | O2: Tinggi | P2: =COUNTIF(M2:M164,"Tinggi") -> 52 | Q2: =P2/163 -> 0.3190184
A3: =RANDBETWEEN(2,164) -> 145 | B3: {=INDEX(Data_DBD!$B:$B,$A3)} -> 28 | C3: {=INDEX(Data_DBD!$C:$C,$A3)} -> 4 | D3: {=INDEX(Data_DBD!$D:$D,$A3)} -> 21 | E3: {=INDEX(Data_DBD!$E:$E,$A3)} -> 1 | F3: {=INDEX(Data_DBD!$F:$F,$A3)} -> Tinggi | H3: 109 | I3: 40 | J3: 3 | K3: 33 | L3: 1 | M3: Tinggi | O3: Sedang | P3: =COUNTIF(M2:M164,"Sedang") -> 87 | Q3: =P3/163 -> 0.53374233
A4: =RANDBETWEEN(2,164) -> 115 | B4: {=INDEX(Data_DBD!$B:$B,$A4)} -> 52 | C4: {=INDEX(Data_DBD!$C:$C,$A4)} -> 3 | D4: {=INDEX(Data_DBD!$D:$D,$A4)} -> 33 | E4: {=INDEX(Data_DBD!$E:$E,$A4)} -> 1 | F4: {=INDEX(Data_DBD!$F:$F,$A4)} -> Tinggi | H4: 38 | I4: 52 | J4: 3 | K4: 4 | L4: 1 | M4: Rendah | O4: Rendah | P4: =COUNTIF(M2:M164,"Rendah") -> 24 | Q4: =P4/163 -> 0.14723926
A5: =RANDBETWEEN(2,164) -> 74 | B5: {=INDEX(Data_DBD!$B:$B,$A5)} -> 9 | C5: {=INDEX(Data_DBD!$C:$C,$A5)} -> 4 | D5: {=INDEX(Data_DBD!$D:$D,$A5)} -> 10 | E5: {=INDEX(Data_DBD!$E:$E,$A5)} -> 0 | F5: {=INDEX(Data_DBD!$F:$F,$A5)} -> Rendah | H5: 116 | I5: 32 | J5: 4 | K5: 33 | L5: 1 | M5: Tinggi | O5: Entropy Root | P5: =-(IFERROR(Q2*LOG(Q2,2),0)+IFERROR(Q3*LOG(Q3,2),0)+IFERROR(Q4*LOG(Q4,2),0)) -> 1.4162248
A6: =RANDBETWEEN(2,164) -> 32 | B6: {=INDEX(Data_DBD!$B:$B,$A6)} -> 54 | C6: {=INDEX(Data_DBD!$C:$C,$A6)} -> 4 | D6: {=INDEX(Data_DBD!$D:$D,$A6)} -> 14 | E6: {=INDEX(Data_DBD!$E:$E,$A6)} -> 0 | F6: {=INDEX(Data_DBD!$F:$F,$A6)} -> Sedang | H6: 126 | I6: 51 | J6: 3 | K6: 33 | L6: 1 | M6: Tinggi
A7: =RANDBETWEEN(2,164) -> 108 | B7: {=INDEX(Data_DBD!$B:$B,$A7)} -> 69 | C7: {=INDEX(Data_DBD!$C:$C,$A7)} -> 7 | D7: {=INDEX(Data_DBD!$D:$D,$A7)} -> 33 | E7: {=INDEX(Data_DBD!$E:$E,$A7)} -> 1 | F7: {=INDEX(Data_DBD!$F:$F,$A7)} -> Tinggi | H7: 156 | I7: 5 | J7: 2 | K7: 21 | L7: 0 | M7: Tinggi
A8: =RANDBETWEEN(2,164) -> 36 | B8: {=INDEX(Data_DBD!$B:$B,$A8)} -> 27 | C8: {=INDEX(Data_DBD!$C:$C,$A8)} -> 1 | D8: {=INDEX(Data_DBD!$D:$D,$A8)} -> 4 | E8: {=INDEX(Data_DBD!$E:$E,$A8)} -> 1 | F8: {=INDEX(Data_DBD!$F:$F,$A8)} -> Rendah | H8: 90 | I8: 47 | J8: 3 | K8: 18 | L8: 0 | M8: Sedang
A9: =RANDBETWEEN(2,164) -> 156 | B9: {=INDEX(Data_DBD!$B:$B,$A9)} -> 5 | C9: {=INDEX(Data_DBD!$C:$C,$A9)} -> 2 | D9: {=INDEX(Data_DBD!$D:$D,$A9)} -> 21 | E9: {=INDEX(Data_DBD!$E:$E,$A9)} -> 0 | F9: {=INDEX(Data_DBD!$F:$F,$A9)} -> Tinggi | H9: 82 | I9: 28 | J9: 3 | K9: 13 | L9: 1 | M9: Sedang
A10: =RANDBETWEEN(2,164) -> 38 | B10: {=INDEX(Data_DBD!$B:$B,$A10)} -> 52 | C10: {=INDEX(Data_DBD!$C:$C,$A10)} -> 3 | D10: {=INDEX(Data_DBD!$D:$D,$A10)} -> 4 | E10: {=INDEX(Data_DBD!$E:$E,$A10)} -> 1 | F10: {=INDEX(Data_DBD!$F:$F,$A10)} -> Rendah | H10: 65 | I10: 49 | J10: 3 | K10: 15 | L10: 0 | M10: Sedang
A11: =RANDBETWEEN(2,164) -> 46 | B11: {=INDEX(Data_DBD!$B:$B,$A11)} -> 62 | C11: {=INDEX(Data_DBD!$C:$C,$A11)} -> 2 | D11: {=INDEX(Data_DBD!$D:$D,$A11)} -> 13 | E11: {=INDEX(Data_DBD!$E:$E,$A11)} -> 0 | F11: {=INDEX(Data_DBD!$F:$F,$A11)} -> Sedang | H11: 128 | I11: 38 | J11: 2 | K11: 33 | L11: 0 | M11: Tinggi
A12: =RANDBETWEEN(2,164) -> 130 | B12: {=INDEX(Data_DBD!$B:$B,$A12)} -> 12 | C12: {=INDEX(Data_DBD!$C:$C,$A12)} -> 4 | D12: {=INDEX(Data_DBD!$D:$D,$A12)} -> 33 | E12: {=INDEX(Data_DBD!$E:$E,$A12)} -> 0 | F12: {=INDEX(Data_DBD!$F:$F,$A12)} -> Tinggi | H12: 26 | I12: 75 | J12: 4 | K12: 14 | L12: 1 | M12: Sedang
A13: =RANDBETWEEN(2,164) -> 62 | B13: {=INDEX(Data_DBD!$B:$B,$A13)} -> 43 | C13: {=INDEX(Data_DBD!$C:$C,$A13)} -> 4 | D13: {=INDEX(Data_DBD!$D:$D,$A13)} -> 15 | E13: {=INDEX(Data_DBD!$E:$E,$A13)} -> 1 | F13: {=INDEX(Data_DBD!$F:$F,$A13)} -> Sedang | H13: 148 | I13: 55 | J13: 3 | K13: 21 | L13: 1 | M13: Tinggi
A14: =RANDBETWEEN(2,164) -> 94 | B14: {=INDEX(Data_DBD!$B:$B,$A14)} -> 12 | C14: {=INDEX(Data_DBD!$C:$C,$A14)} -> 4 | D14: {=INDEX(Data_DBD!$D:$D,$A14)} -> 18 | E14: {=INDEX(Data_DBD!$E:$E,$A14)} -> 0 | F14: {=INDEX(Data_DBD!$F:$F,$A14)} -> Sedang | H14: 156 | I14: 5 | J14: 2 | K14: 21 | L14: 0 | M14: Tinggi
A15: =RANDBETWEEN(2,164) -> 83 | B15: {=INDEX(Data_DBD!$B:$B,$A15)} -> 50 | C15: {=INDEX(Data_DBD!$C:$C,$A15)} -> 3 | D15: {=INDEX(Data_DBD!$D:$D,$A15)} -> 13 | E15: {=INDEX(Data_DBD!$E:$E,$A15)} -> 0 | F15: {=INDEX(Data_DBD!$F:$F,$A15)} -> Sedang | H15: 102 | I15: 41 | J15: 4 | K15: 18 | L15: 0 | M15: Sedang
A16: =RANDBETWEEN(2,164) -> 72 | B16: {=INDEX(Data_DBD!$B:$B,$A16)} -> 3 | C16: {=INDEX(Data_DBD!$C:$C,$A16)} -> 5 | D16: {=INDEX(Data_DBD!$D:$D,$A16)} -> 10 | E16: {=INDEX(Data_DBD!$E:$E,$A16)} -> 1 | F16: {=INDEX(Data_DBD!$F:$F,$A16)} -> Rendah | H16: 88 | I16: 20 | J16: 4 | K16: 13 | L16: 1 | M16: Sedang
A17: =RANDBETWEEN(2,164) -> 100 | B17: {=INDEX(Data_DBD!$B:$B,$A17)} -> 19 | C17: {=INDEX(Data_DBD!$C:$C,$A17)} -> 6 | D17: {=INDEX(Data_DBD!$D:$D,$A17)} -> 18 | E17: {=INDEX(Data_DBD!$E:$E,$A17)} -> 0 | F17: {=INDEX(Data_DBD!$F:$F,$A17)} -> Sedang | H17: 111 | I17: 25 | J17: 4 | K17: 33 | L17: 0 | M17: Tinggi
... A152: =RANDBETWEEN(2,164) -> 12 | B152: {=INDEX(Data_DBD!$B:$B,$A152)} -> 23 | C152: {=INDEX(Data_DBD!$C:$C,$A152)} -> 3 | D152: {=INDEX(Data_DBD!$D:$D,$A152)} -> 12 | E152: {=INDEX(Data_DBD!$E:$E,$A152)} -> 0 | F152: {=INDEX(Data_DBD!$F:$F,$A152)} -> Sedang | H152: 71 | I152: 84 | J152: 3 | K152: 10 | L152: 0 | M152: Rendah
A153: =RANDBETWEEN(2,164) -> 130 | B153: {=INDEX(Data_DBD!$B:$B,$A153)} -> 12 | C153: {=INDEX(Data_DBD!$C:$C,$A153)} -> 4 | D153: {=INDEX(Data_DBD!$D:$D,$A153)} -> 33 | E153: {=INDEX(Data_DBD!$E:$E,$A153)} -> 0 | F153: {=INDEX(Data_DBD!$F:$F,$A153)} -> Tinggi | H153: 16 | I153: 66 | J153: 5 | K153: 7 | L153: 1 | M153: Rendah | V153: Pohon 13:
A154: =RANDBETWEEN(2,164) -> 156 | B154: {=INDEX(Data_DBD!$B:$B,$A154)} -> 5 | C154: {=INDEX(Data_DBD!$C:$C,$A154)} -> 2 | D154: {=INDEX(Data_DBD!$D:$D,$A154)} -> 21 | E154: {=INDEX(Data_DBD!$E:$E,$A154)} -> 0 | F154: {=INDEX(Data_DBD!$F:$F,$A154)} -> Tinggi | H154: 129 | I154: 4 | J154: 3 | K154: 33 | L154: 0 | M154: Tinggi | V154: Rule 1.1
A155: =RANDBETWEEN(2,164) -> 147 | B155: {=INDEX(Data_DBD!$B:$B,$A155)} -> 66 | C155: {=INDEX(Data_DBD!$C:$C,$A155)} -> 10 | D155: {=INDEX(Data_DBD!$D:$D,$A155)} -> 21 | E155: {=INDEX(Data_DBD!$E:$E,$A155)} -> 1 | F155: {=INDEX(Data_DBD!$F:$F,$A155)} -> Tinggi | H155: 127 | I155: 21 | J155: 2 | K155: 33 | L155: 0 | M155: Tinggi | V155: IF Jumlah Kasus Per Bulan < 11,77
A156: =RANDBETWEEN(2,164) -> 31 | B156: {=INDEX(Data_DBD!$B:$B,$A156)} -> 64 | C156: {=INDEX(Data_DBD!$C:$C,$A156)} -> 4 | D156: {=INDEX(Data_DBD!$D:$D,$A156)} -> 14 | E156: {=INDEX(Data_DBD!$E:$E,$A156)} -> 1 | F156: {=INDEX(Data_DBD!$F:$F,$A156)} -> Sedang | H156: 157 | I156: 15 | J156: 4 | K156: 21 | L156: 1 | M156: Tinggi | V156: THEN Risiko = Rendah
A157: =RANDBETWEEN(2,164) -> 77 | B157: {=INDEX(Data_DBD!$B:$B,$A157)} -> 16 | C157: {=INDEX(Data_DBD!$C:$C,$A157)} -> 4 | D157: {=INDEX(Data_DBD!$D:$D,$A157)} -> 13 | E157: {=INDEX(Data_DBD!$E:$E,$A157)} -> 1 | F157: {=INDEX(Data_DBD!$F:$F,$A157)} -> Sedang | H157: 152 | I157: 47 | J157: 3 | K157: 21 | L157: 1 | M157: Tinggi | V157: Rule 1.2
A158: =RANDBETWEEN(2,164) -> 80 | B158: {=INDEX(Data_DBD!$B:$B,$A158)} -> 27 | C158: {=INDEX(Data_DBD!$C:$C,$A158)} -> 3 | D158: {=INDEX(Data_DBD!$D:$D,$A158)} -> 13 | E158: {=INDEX(Data_DBD!$E:$E,$A158)} -> 1 | F158: {=INDEX(Data_DBD!$F:$F,$A158)} -> Sedang | H158: 45 | I158: 75 | J158: 3 | K158: 13 | L158: 1 | M158: Sedang | V158: IF Jumlah Kasus Per Bulan ≤ 11,77 AND Jumlah Kasus Per Bulan > 24,90
A159: =RANDBETWEEN(2,164) -> 59 | B159: {=INDEX(Data_DBD!$B:$B,$A159)} -> 28 | C159: {=INDEX(Data_DBD!$C:$C,$A159)} -> 4 | D159: {=INDEX(Data_DBD!$D:$D,$A159)} -> 15 | E159: {=INDEX(Data_DBD!$E:$E,$A159)} -> 0 | F159: {=INDEX(Data_DBD!$F:$F,$A159)} -> Sedang | H159: 164 | I159: 10 | J159: 6 | K159: 3 | L159: 0 | M159: Rendah | V159: THEN Risiko = Sedang
A160: =RANDBETWEEN(2,164) -> 93 | B160: {=INDEX(Data_DBD!$B:$B,$A160)} -> 65 | C160: {=INDEX(Data_DBD!$C:$C,$A160)} -> 4 | D160: {=INDEX(Data_DBD!$D:$D,$A160)} -> 18 | E160: {=INDEX(Data_DBD!$E:$E,$A160)} -> 0 | F160: {=INDEX(Data_DBD!$F:$F,$A160)} -> Sedang | H160: 63 | I160: 25 | J160: 3 | K160: 15 | L160: 0 | M160: Sedang | V160: Rule 1.3
A161: =RANDBETWEEN(2,164) -> 28 | B161: {=INDEX(Data_DBD!$B:$B,$A161)} -> 22 | C161: {=INDEX(Data_DBD!$C:$C,$A161)} -> 2 | D161: {=INDEX(Data_DBD!$D:$D,$A161)} -> 14 | E161: {=INDEX(Data_DBD!$E:$E,$A161)} -> 1 | F161: {=INDEX(Data_DBD!$F:$F,$A161)} -> Sedang | H161: 156 | I161: 5 | J161: 2 | K161: 21 | L161: 0 | M161: Tinggi | V161: IF Jumlah Kasus Per Bulan > 29,40 THEN Risiko = Tinggi
A162: =RANDBETWEEN(2,164) -> 154 | B162: {=INDEX(Data_DBD!$B:$B,$A162)} -> 18 | C162: {=INDEX(Data_DBD!$C:$C,$A162)} -> 5 | D162: {=INDEX(Data_DBD!$D:$D,$A162)} -> 21 | E162: {=INDEX(Data_DBD!$E:$E,$A162)} -> 1 | F162: {=INDEX(Data_DBD!$F:$F,$A162)} -> Tinggi | H162: 57 | I162: 2 | J162: 2 | K162: 15 | L162: 1 | M162: Sedang
A163: =RANDBETWEEN(2,164) -> 78 | B163: {=INDEX(Data_DBD!$B:$B,$A163)} -> 6 | C163: {=INDEX(Data_DBD!$C:$C,$A163)} -> 3 | D163: {=INDEX(Data_DBD!$D:$D,$A163)} -> 13 | E163: {=INDEX(Data_DBD!$E:$E,$A163)} -> 0 | F163: {=INDEX(Data_DBD!$F:$F,$A163)} -> Sedang | H163: 62 | I163: 43 | J163: 4 | K163: 15 | L163: 1 | M163: Sedang
A164: =RANDBETWEEN(2,164) -> 85 | B164: {=INDEX(Data_DBD!$B:$B,$A164)} -> 27 | C164: {=INDEX(Data_DBD!$C:$C,$A164)} -> 9 | D164: {=INDEX(Data_DBD!$D:$D,$A164)} -> 13 | E164: {=INDEX(Data_DBD!$E:$E,$A164)} -> 0 | F164: {=INDEX(Data_DBD!$F:$F,$A164)} -> Sedang | H164: 89 | I164: 32 | J164: 4 | K164: 13 | L164: 0 | M164: Sedang
I165: =AVERAGE(I2:I164) -> 30.546012 | J165: =AVERAGE(J2:J164) -> 3.4110429 | K165: =AVERAGE(K2:K164) -> 17.656442 | L165: =AVERAGE(L2:L164) -> 0.48466258
B166: 43
E168: USIA | J168: LAMA RAWAT INAP | O168: JUMLAH KASUS PER BULAN | T168: JENIS KELAMIN
E169: Usia | F169: =AVERAGEIF($I$2:$I$164,"<="&$I$165) -> 14.787234 | G169: =AVERAGEIF($I$2:$I$164,">"&$I$165) -> 52.014493 | J169: Lama rawat inap | K169: =AVERAGEIF($J$2:$J$164,"<="&$J$165) -> 2.5053763 | L169: =AVERAGEIF($J$2:$J$164,">"&$J$165) -> 4.6142857 | O169: Jumlah kasus perbulan | P169: =AVERAGEIF($K$2:$K$164,"<="&$K$165) -> 11.777778 | Q169: =AVERAGEIF($K$2:$K$164,">"&$K$165) -> 24.90411 | T169: Jenis kelamin | U169: =AVERAGEIF($L$2:$L$164,"<="&$L$165) -> 0 | V169: =AVERAGEIF($L$2:$L$164,">"&$L$165) -> 1
E170: {=IF($I$2:$I$164<$F$169,"kiri",IF($I$2:$I$164<$G$169,"tengah","kanan"))} -> tengah | F170: Kanan > 52.01 | J170: {=IF($J$2:$J$164<$K$169,"kiri",IF($J$2:$J$164<$L$169,"tengah","kanan"))} -> kiri | K170: Kanan > 4.6 | O170: {=IF($K$2:$K$164<$P$169,"kiri",IF($K$2:$K$164<$Q$169,"tengah","kanan"))} -> tengah | P170: Kanan > 24.90 | T170: {=IF($L$2:$L$164<$U$169,"kiri",IF($L$2:$L$164<$V$169,"tengah","kanan"))} -> kanan | U170: Kanan > 1
E171: tengah | F171: =COUNTIFS($E$170:$E$332,"Kanan",$M$2:$M$164,"Tinggi") -> 9 | G171: =F171/29 -> 0.31034483 | J171: tengah | K171: =COUNTIFS($J$170:$J$332,"Kanan",$M$2:$M$164,"Tinggi") -> 6 | L171: =K171/26 -> 0.23076923 | O171: kanan | P171: =COUNTIFS($O$170:$O$332,"Kanan",$M$2:$M$164,"Tinggi") -> 29 | Q171: =P171/29 -> 1 | T171: kanan | U171: =COUNTIFS($T$170:$T$332,"Kanan",$M$2:$M$164,"Tinggi") -> 31 | V171: =U171/79 -> 0.39240506
E172: tengah | F172: =COUNTIFS($E$170:$E$332,"Kanan",$M$2:$M$164,"Sedang") -> 14 | G172: =F172/29 -> 0.48275862 | J172: tengah | K172: =COUNTIFS($J$170:$J$332,"Kanan",$M$2:$M$164,"Sedang") -> 12 | L172: =K172/26 -> 0.46153846 | O172: kiri | P172: =COUNTIFS($O$170:$O$332,"Kanan",$M$2:$M$164,"Sedang") -> 0 | Q172: =P172/29 -> 0 | T172: kanan | U172: =COUNTIFS($T$170:$T$332,"Kanan",$M$2:$M$164,"Sedang") -> 32 | V172: =U172/79 -> 0.40506329
E173: tengah | F173: =COUNTIFS($E$170:$E$332,"Kanan",$M$2:$M$164,"Rendah") -> 6 | G173: =F173/29 -> 0.20689655 | J173: tengah | K173: =COUNTIFS($J$170:$J$332,"Kanan",$M$2:$M$164,"Rendah") -> 8 | L173: =K173/26 -> 0.30769231 | O173: kanan | P173: =COUNTIFS($O$170:$O$332,"Kanan",$M$2:$M$164,"Rendah") -> 0 | Q173: =P173/29 -> 0 | T173: kanan | U173: =COUNTIFS($T$170:$T$332,"Kanan",$M$2:$M$164,"Rendah") -> 16 | V173: =U173/79 -> 0.20253165
E174: tengah | F174: Entropy | G174: =-(IFERROR(G171*LOG(G171,2),0)+IFERROR(G172*LOG(G172,2),0)+IFERROR(G173*LOG(G173,2),0)) -> 1.5013579 | J174: tengah | K174: Entropy | L174: =-(IFERROR(L171*LOG(L171,2),0)+IFERROR(L172*LOG(L172,2),0)+IFERROR(L173*LOG(L173,2),0)) -> 1.5262349 | O174: kanan | P174: Entropy | Q174: =-(IFERROR(Q171*LOG(Q171,2),0)+IFERROR(Q172*LOG(Q172,2),0)+IFERROR(Q173*LOG(Q173,2),0)) -> 0 | T174: kanan | U174: Entropy | V174: =-(IFERROR(V171*LOG(V171,2),0)+IFERROR(V172*LOG(V172,2),0)+IFERROR(V173*LOG(V173,2),0)) -> 1.524286
E175: kiri | G175: =SUM(F171:F173)/163 -> 0.17791411 | J175: kiri | L175: =SUM(K171:K173)/163 -> 0.1595092 | O175: tengah | Q175: =SUM(P171:P173)/163 -> 0.17791411 | T175: tengah | V175: =SUM(U171:U173)/163 -> 0.48466258
E176: tengah | G176: =G174*G175 -> 0.26711276 | J176: tengah | L176: =L174*L175 -> 0.24344851 | O176: tengah | Q176: =Q174*Q175 -> 0 | T176: tengah | V176: =V174*V175 -> 0.73876438
E177: tengah | J177: tengah | O177: tengah | T177: kanan
E178: tengah | J178: tengah | O178: tengah | T178: tengah
E179: tengah | F179: Kiri<14.78 | J179: kiri | K179: Kiri<2.50 | O179: kanan | P179: Kiri<11.77 | T179: tengah | U179: Kiri<0
E180: kanan | F180: =COUNTIFS($E$170:$E$332,"Kiri",$M$2:$M$164,"Tinggi") -> 12 | G180: =F180/36 -> 0.33333333 | J180: tengah | K180: =COUNTIFS($J$170:$J$332,"Kiri",$M$2:$M$164,"Tinggi") -> 17 | L180: =K180/41 -> 0.41463415 | O180: tengah | P180: =COUNTIFS($O$170:$O$332,"Kiri",$M$2:$M$164,"Tinggi") -> 0 | Q180: =P180/24 -> 0 | T180: kanan | U180: =COUNTIFS($T$170:$T$332,"Kiri",$M$2:$M$164,"Tinggi") -> 0 | V180: =U180/79 -> 0
E181: kanan | F181: =COUNTIFS($E$170:$E$332,"Kiri",$M$2:$M$164,"Sedang") -> 20 | G181: =F181/36 -> 0.55555556 | J181: tengah | K181: =COUNTIFS($J$170:$J$332,"Kiri",$M$2:$M$164,"Sedang") -> 19 | L181: =K181/41 -> 0.46341463 | O181: tengah | P181: =COUNTIFS($O$170:$O$332,"Kiri",$M$2:$M$164,"Sedang") -> 0 | Q181: =P181/24 -> 0 | T181: kanan | U181: =COUNTIFS($T$170:$T$332,"Kiri",$M$2:$M$164,"Sedang") -> 0 | V181: =U181/79 -> 0
E182: kiri | F182: =COUNTIFS($E$170:$E$332,"Kiri",$M$2:$M$164,"Rendah") -> 4 | G182: =F182/36 -> 0.11111111 | J182: kiri | K182: =COUNTIFS($J$170:$J$332,"Kiri",$M$2:$M$164,"Rendah") -> 5 | L182: =K182/41 -> 0.12195122 | O182: tengah | P182: =COUNTIFS($O$170:$O$332,"Kiri",$M$2:$M$164,"Rendah") -> 24 | Q182: =P182/24 -> 1 | T182: tengah | U182: =COUNTIFS($T$170:$T$332,"Kiri",$M$2:$M$164,"Rendah") -> 0 | V182: =U182/79 -> 0
E183: tengah | F183: Entropy | G183: =-(IFERROR(G180*LOG(G180,2),0)+IFERROR(G181*LOG(G181,2),0)+IFERROR(G182*LOG(G182,2),0)) -> 1.3516441 | J183: tengah | K183: Entropy | L183: =-(IFERROR(L180*LOG(L180,2),0)+IFERROR(L181*LOG(L181,2),0)+IFERROR(L182*LOG(L182,2),0)) -> 1.4110366 | O183: tengah | P183: Entropy | Q183: =-(IFERROR(Q180*LOG(Q180,2),0)+IFERROR(Q181*LOG(Q181,2),0)+IFERROR(Q182*LOG(Q182,2),0)) -> 0 | T183: tengah | U183: Entropy | V183: =-(IFERROR(V180*LOG(V180,2),0)+IFERROR(V181*LOG(V181,2),0)+IFERROR(V182*LOG(V182,2),0)) -> 0
E184: tengah | G184: =SUM(F180:F182)/163 -> 0.2208589 | J184: tengah | L184: =SUM(K180:K182)/163 -> 0.25153374 | O184: tengah | Q184: =SUM(P180:P182)/163 -> 0.14723926 | T184: kanan | V184: =SUM(U180:U182)/163 -> 0
E185: tengah | G185: =G183*G184 -> 0.29852263 | J185: tengah | L185: =L183*L184 -> 0.35492332 | O185: kanan | Q185: =Q183*Q184 -> 0 | T185: tengah | V185: =V183*V184 -> 0
E186: kanan | J186: kiri | O186: kiri | T186: tengah
E187: tengah | J187: tengah | O187: tengah | T187: tengah
E188: kanan | F188: Tengah | J188: tengah | K188: Tengah | O188: tengah | P188: Tengah | T188: kanan | U188: Tengah
E189: tengah | F189: =COUNTIFS($E$170:$E$332,"Tengah",$M$2:$M$164,"Tinggi") -> 31 | G189: =F189/98 -> 0.31632653 | J189: tengah | K189: =COUNTIFS($J$170:$J$332,"Tengah",$M$2:$M$164,"Tinggi") -> 29 | L189: =K189/96 -> 0.30208333 | O189: tengah | P189: =COUNTIFS($O$170:$O$332,"Tengah",$M$2:$M$164,"Tinggi") -> 23 | Q189: =P189/110 -> 0.20909091 | T189: tengah | U189: =COUNTIFS($T$170:$T$332,"Tengah",$M$2:$M$164,"Tinggi") -> 21 | V189: =U189/84 -> 0.25
E190: tengah | F190: =COUNTIFS($E$170:$E$332,"Tengah",$M$2:$M$164,"Sedang") -> 53 | G190: =F190/98 -> 0.54081633 | J190: tengah | K190: =COUNTIFS($J$170:$J$332,"Tengah",$M$2:$M$164,"Sedang") -> 56 | L190: =K190/96 -> 0.58333333 | O190: tengah | P190: =COUNTIFS($O$170:$O$332,"Tengah",$M$2:$M$164,"Sedang") -> 87 | Q190: =P190/110 -> 0.79090909 | T190: kanan | U190: =COUNTIFS($T$170:$T$332,"Tengah",$M$2:$M$164,"Sedang") -> 55 | V190: =U190/84 -> 0.6547619
E191: tengah | F191: =COUNTIFS($E$170:$E$332,"Tengah",$M$2:$M$164,"Rendah") -> 14 | G191: =F191/98 -> 0.14285714 | J191: tengah | K191: =COUNTIFS($J$170:$J$332,"Tengah",$M$2:$M$164,"Rendah") -> 11 | L191: =K191/96 -> 0.11458333 | O191: tengah | P191: =COUNTIFS($O$170:$O$332,"Tengah",$M$2:$M$164,"Rendah") -> 0 | Q191: =P191/110 -> 0 | T191: tengah | U191: =COUNTIFS($T$170:$T$332,"Tengah",$M$2:$M$164,"Rendah") -> 8 | V191: =U191/84 -> 0.095238095
E192: tengah | F192: Entropy | G192: =-(IFERROR(G189*LOG(G189,2),0)+IFERROR(G190*LOG(G190,2),0)+IFERROR(G191*LOG(G191,2),0)) -> 1.4059054 | J192: tengah | K192: Entropy | L192: =-(IFERROR(L189*LOG(L189,2),0)+IFERROR(L190*LOG(L190,2),0)+IFERROR(L191*LOG(L191,2),0)) -> 1.3334305 | O192: tengah | P192: Entropy | Q192: =-(IFERROR(Q189*LOG(Q189,2),0)+IFERROR(Q190*LOG(Q190,2),0)+IFERROR(Q191*LOG(Q191,2),0)) -> 0.73974145 | T192: tengah | U192: Entropy | V192: =-(IFERROR(V189*LOG(V189,2),0)+IFERROR(V190*LOG(V190,2),0)+IFERROR(V191*LOG(V191,2),0)) -> 1.2231097
E193: tengah | G193: =SUM(F189:F191)/163 -> 0.60122699 | J193: tengah | L193: =SUM(K189:K191)/163 -> 0.58895706 | O193: tengah | Q193: =SUM(P189:P191)/163 -> 0.67484663 | T193: tengah | V193: =SUM(U189:U191)/163 -> 0.51533742
E194: kanan | G194: =G192*G193 -> 0.84526826 | J194: kanan | L194: =L192*L193 -> 0.7853333 | O194: kiri | Q194: =Q192*Q193 -> 0.49921202 | T194: kanan | V194: =V192*V193 -> 0.63031419
E195: tengah | J195: kiri | O195: tengah | T195: kanan
E196: tengah | F196: IG | J196: kiri | K196: IG | O196: tengah | P196: IG | T196: kanan | U196: IG
E197: tengah | F197: =P5-(G176+G185+G194) -> 0.0053211378 | J197: tengah | K197: =P5-(L176+L185+L194) -> 0.032519654 | O197: kiri | P197: =P5-(Q176+Q185+Q194) -> 0.91701276 | T197: kanan | U197: =P5-(V176+V185+V194) -> 0.047146213
E198: kanan | J198: tengah | O198: tengah | T198: kanan
E199: tengah | J199: tengah | O199: tengah | T199: kanan
E200: tengah | J200: kiri | O200: kanan | T200: tengah
E201: tengah | J201: tengah | O201: tengah | T201: tengah
E202: tengah | J202: kiri | O202: kiri | T202: tengah
E203: kanan | J203: tengah | O203: tengah | T203: tengah
E204: tengah | J204: tengah | O204: tengah | T204: kanan
E205: kiri | J205: tengah | O205: tengah | T205: kanan
E206: kiri | J206: tengah | O206: tengah | T206: kanan
E207: tengah | J207: kiri | O207: kanan | T207: kanan
E208: tengah | J208: kiri | O208: tengah | T208: tengah
E209: tengah | J209: tengah | O209: tengah | T209: tengah
... E332: tengah | J332: tengah | O332: tengah | T332: tengah

Sheet Pohon 14
A1: No | B1: Usia | C1: Lama Rawat Inap | D1: Jenis Kelamin | E1: Tingkat Resiko | H1: No | I1: Usia | J1: Lama Rawat Inap | K1: Jenis Kelamin | L1: Tingkat Resiko | O1: Perhitungan root
A2: =RANDBETWEEN(2,164) -> 43 | B2: {=INDEX(Data_DBD!$B:$B,$A2)} -> 15 | C2: {=INDEX(Data_DBD!$C:$C,$A2)} -> 4 | D2: {=INDEX(Data_DBD!$E:$E,$A2)} -> 0 | E2: {=INDEX(Data_DBD!$F:$F,$A2)} -> Sedang | H2: 54 | I2: 7 | J2: 3 | K2: 0 | L2: Sedang | O2: Tinggi | P2: =COUNTIF(L2:L164,"Tinggi") -> 69 | Q2: =P2/163 -> 0.42331288
A3: =RANDBETWEEN(2,164) -> 74 | B3: {=INDEX(Data_DBD!$B:$B,$A3)} -> 9 | C3: {=INDEX(Data_DBD!$C:$C,$A3)} -> 4 | D3: {=INDEX(Data_DBD!$E:$E,$A3)} -> 0 | E3: {=INDEX(Data_DBD!$F:$F,$A3)} -> Rendah | H3: 91 | I3: 35 | J3: 1 | K3: 1 | L3: Tinggi | O3: Sedang | P3: =COUNTIF(L2:L164,"Sedang") -> 84 | Q3: =P3/163 -> 0.51533742
A4: =RANDBETWEEN(2,164) -> 17 | B4: {=INDEX(Data_DBD!$B:$B,$A4)} -> 2 | C4: {=INDEX(Data_DBD!$C:$C,$A4)} -> 3 | D4: {=INDEX(Data_DBD!$E:$E,$A4)} -> 0 | E4: {=INDEX(Data_DBD!$F:$F,$A4)} -> Rendah | H4: 59 | I4: 28 | J4: 4 | K4: 0 | L4: Sedang | O4: Rendah | P4: =COUNTIF(L2:L164,"Rendah") -> 10 | Q4: =P4/163 -> 0.061349693
A5: =RANDBETWEEN(2,164) -> 20 | B5: {=INDEX(Data_DBD!$B:$B,$A5)} -> 15 | C5: {=INDEX(Data_DBD!$C:$C,$A5)} -> 5 | D5: {=INDEX(Data_DBD!$E:$E,$A5)} -> 0 | E5: {=INDEX(Data_DBD!$F:$F,$A5)} -> Rendah | H5: 38 | I5: 52 | J5: 3 | K5: 1 | L5: Rendah | O5: Entropy Root | P5: =-(IFERROR(Q2*LOG(Q2,2),0)+IFERROR(Q3*LOG(Q3,2),0)+IFERROR(Q4*LOG(Q4,2),0)) -> 1.2649114
A6: =RANDBETWEEN(2,164) -> 112 | B6: {=INDEX(Data_DBD!$B:$B,$A6)} -> 61 | C6: {=INDEX(Data_DBD!$C:$C,$A6)} -> 3 | D6: {=INDEX(Data_DBD!$E:$E,$A6)} -> 1 | E6: {=INDEX(Data_DBD!$F:$F,$A6)} -> Tinggi | H6: 142 | I6: 39 | J6: 2 | K6: 1 | L6: Tinggi
A7: =RANDBETWEEN(2,164) -> 69 | B7: {=INDEX(Data_DBD!$B:$B,$A7)} -> 24 | C7: {=INDEX(Data_DBD!$C:$C,$A7)} -> 4 | D7: {=INDEX(Data_DBD!$E:$E,$A7)} -> 1 | E7: {=INDEX(Data_DBD!$F:$F,$A7)} -> Rendah | H7: 142 | I7: 39 | J7: 2 | K7: 1 | L7: Tinggi
A8: =RANDBETWEEN(2,164) -> 77 | B8: {=INDEX(Data_DBD!$B:$B,$A8)} -> 16 | C8: {=INDEX(Data_DBD!$C:$C,$A8)} -> 4 | D8: {=INDEX(Data_DBD!$E:$E,$A8)} -> 1 | E8: {=INDEX(Data_DBD!$F:$F,$A8)} -> Sedang | H8: 33 | I8: 19 | J8: 4 | K8: 1 | L8: Sedang
A9: =RANDBETWEEN(2,164) -> 5 | B9: {=INDEX(Data_DBD!$B:$B,$A9)} -> 18 | C9: {=INDEX(Data_DBD!$C:$C,$A9)} -> 2 | D9: {=INDEX(Data_DBD!$E:$E,$A9)} -> 1 | E9: {=INDEX(Data_DBD!$F:$F,$A9)} -> Sedang | H9: 106 | I9: 23 | J9: 3 | K9: 1 | L9: Tinggi
A10: =RANDBETWEEN(2,164) -> 93 | B10: {=INDEX(Data_DBD!$B:$B,$A10)} -> 65 | C10: {=INDEX(Data_DBD!$C:$C,$A10)} -> 4 | D10: {=INDEX(Data_DBD!$E:$E,$A10)} -> 0 | E10: {=INDEX(Data_DBD!$F:$F,$A10)} -> Sedang | H10: 109 | I10: 40 | J10: 3 | K10: 1 | L10: Tinggi
A11: =RANDBETWEEN(2,164) -> 86 | B11: {=INDEX(Data_DBD!$B:$B,$A11)} -> 23 | C11: {=INDEX(Data_DBD!$C:$C,$A11)} -> 3 | D11: {=INDEX(Data_DBD!$E:$E,$A11)} -> 0 | E11: {=INDEX(Data_DBD!$F:$F,$A11)} -> Sedang | H11: 152 | I11: 47 | J11: 3 | K11: 1 | L11: Tinggi
A12: =RANDBETWEEN(2,164) -> 108 | B12: {=INDEX(Data_DBD!$B:$B,$A12)} -> 69 | C12: {=INDEX(Data_DBD!$C:$C,$A12)} -> 7 | D12: {=INDEX(Data_DBD!$E:$E,$A12)} -> 1 | E12: {=INDEX(Data_DBD!$F:$F,$A12)} -> Tinggi | H12: 35 | I12: 40 | J12: 3 | K12: 1 | L12: Rendah
A13: =RANDBETWEEN(2,164) -> 21 | B13: {=INDEX(Data_DBD!$B:$B,$A13)} -> 10 | C13: {=INDEX(Data_DBD!$C:$C,$A13)} -> 5 | D13: {=INDEX(Data_DBD!$E:$E,$A13)} -> 1 | E13: {=INDEX(Data_DBD!$F:$F,$A13)} -> Sedang | H13: 129 | I13: 4 | J13: 3 | K13: 0 | L13: Tinggi
A14: =RANDBETWEEN(2,164) -> 46 | B14: {=INDEX(Data_DBD!$B:$B,$A14)} -> 62 | C14: {=INDEX(Data_DBD!$C:$C,$A14)} -> 2 | D14: {=INDEX(Data_DBD!$E:$E,$A14)} -> 0 | E14: {=INDEX(Data_DBD!$F:$F,$A14)} -> Sedang | H14: 141 | I14: 36 | J14: 2 | K14: 0 | L14: Tinggi
A15: =RANDBETWEEN(2,164) -> 92 | B15: {=INDEX(Data_DBD!$B:$B,$A15)} -> 55 | C15: {=INDEX(Data_DBD!$C:$C,$A15)} -> 7 | D15: {=INDEX(Data_DBD!$E:$E,$A15)} -> 0 | E15: {=INDEX(Data_DBD!$F:$F,$A15)} -> Sedang | H15: 134 | I15: 4 | J15: 2 | K15: 1 | L15: Tinggi
A16: =RANDBETWEEN(2,164) -> 4 | B16: {=INDEX(Data_DBD!$B:$B,$A16)} -> 23 | C16: {=INDEX(Data_DBD!$C:$C,$A16)} -> 5 | D16: {=INDEX(Data_DBD!$E:$E,$A16)} -> 0 | E16: {=INDEX(Data_DBD!$F:$F,$A16)} -> Sedang | H16: 47 | I16: 19 | J16: 2 | K16: 0 | L16: Sedang
A17: =RANDBETWEEN(2,164) -> 152 | B17: {=INDEX(Data_DBD!$B:$B,$A17)} -> 47 | C17: {=INDEX(Data_DBD!$C:$C,$A17)} -> 3 | D17: {=INDEX(Data_DBD!$E:$E,$A17)} -> 1 | E17: {=INDEX(Data_DBD!$F:$F,$A17)} -> Tinggi | H17: 161 | I17: 12 | J17: 3 | K17: 1 | L17: Tinggi
... A158: =RANDBETWEEN(2,164) -> 149 | B158: {=INDEX(Data_DBD!$B:$B,$A158)} -> 19 | C158: {=INDEX(Data_DBD!$C:$C,$A158)} -> 5 | D158: {=INDEX(Data_DBD!$E:$E,$A158)} -> 0 | E158: {=INDEX(Data_DBD!$F:$F,$A158)} -> Tinggi | H158: 92 | I158: 55 | J158: 7 | K158: 0 | L158: Tinggi
A159: =RANDBETWEEN(2,164) -> 18 | B159: {=INDEX(Data_DBD!$B:$B,$A159)} -> 49 | C159: {=INDEX(Data_DBD!$C:$C,$A159)} -> 4 | D159: {=INDEX(Data_DBD!$E:$E,$A159)} -> 1 | E159: {=INDEX(Data_DBD!$F:$F,$A159)} -> Rendah | H159: 123 | I159: 22 | J159: 4 | K159: 0 | L159: Tinggi | W159: Pohon 14:
A160: =RANDBETWEEN(2,164) -> 92 | B160: {=INDEX(Data_DBD!$B:$B,$A160)} -> 55 | C160: {=INDEX(Data_DBD!$C:$C,$A160)} -> 7 | D160: {=INDEX(Data_DBD!$E:$E,$A160)} -> 0 | E160: {=INDEX(Data_DBD!$F:$F,$A160)} -> Sedang | H160: 135 | I160: 10 | J160: 2 | K160: 0 | L160: Tinggi | W160: Rule 1.1
A161: =RANDBETWEEN(2,164) -> 68 | B161: {=INDEX(Data_DBD!$B:$B,$A161)} -> 44 | C161: {=INDEX(Data_DBD!$C:$C,$A161)} -> 5 | D161: {=INDEX(Data_DBD!$E:$E,$A161)} -> 0 | E161: {=INDEX(Data_DBD!$F:$F,$A161)} -> Rendah | H161: 71 | I161: 84 | J161: 3 | K161: 0 | L161: Sedang | W161: IF Usia < 17,31
A162: =RANDBETWEEN(2,164) -> 121 | B162: {=INDEX(Data_DBD!$B:$B,$A162)} -> 82 | C162: {=INDEX(Data_DBD!$C:$C,$A162)} -> 5 | D162: {=INDEX(Data_DBD!$E:$E,$A162)} -> 1 | E162: {=INDEX(Data_DBD!$F:$F,$A162)} -> Tinggi | H162: 80 | I162: 27 | J162: 3 | K162: 1 | L162: Sedang | W162: THEN Kategori Usia = Dewasa
A163: =RANDBETWEEN(2,164) -> 58 | B163: {=INDEX(Data_DBD!$B:$B,$A163)} -> 17 | C163: {=INDEX(Data_DBD!$C:$C,$A163)} -> 3 | D163: {=INDEX(Data_DBD!$E:$E,$A163)} -> 0 | E163: {=INDEX(Data_DBD!$F:$F,$A163)} -> Sedang | H163: 109 | I163: 40 | J163: 3 | K163: 1 | L163: Tinggi | W163: Rule 1.2
A164: =RANDBETWEEN(2,164) -> 122 | B164: {=INDEX(Data_DBD!$B:$B,$A164)} -> 28 | C164: {=INDEX(Data_DBD!$C:$C,$A164)} -> 3 | D164: {=INDEX(Data_DBD!$E:$E,$A164)} -> 1 | E164: {=INDEX(Data_DBD!$F:$F,$A164)} -> Tinggi | H164: 63 | I164: 25 | J164: 3 | K164: 0 | L164: Sedang | W164: IF Usia ≤ 17,31 AND Usia > 54,61
I165: =AVERAGE(I2:I164) -> 32.533742 | J165: =AVERAGE(J2:J164) -> 3.5521472 | K165: =AVERAGE(K2:K164) -> 0.57055215 | W165: THEN Kategori Usia = Anak-anak
B166: 45 | W166: Rule 1.3
W167: IF Usia > 54,61 THEN Kategori Usia = Anak-anak
E168: USIA | I168: LAMA RAWAT INAP | M168: JENIS KELAMIN
E169: Usia | F169: =AVERAGEIF($I$2:$I$164,"<="&$I$165) -> 15.913978 | G169: =AVERAGEIF($I$2:$I$164,">"&$I$165) -> 54.614286 | I169: Lama rawat inap | J169: =AVERAGEIF($J$2:$J$164,"<="&$J$165) -> 2.4 | K169: =AVERAGEIF($J$2:$J$164,">"&$J$165) -> 4.8076923 | M169: Jenis kelamin | N169: =AVERAGEIF($K$2:$K$164,"<="&$K$165) -> 0 | O169: =AVERAGEIF($K$2:$K$164,">"&$K$165) -> 1
E170: {=IF($I$2:$I$164<$F$169,"kiri",IF($I$2:$I$164<$G$169,"tengah","kanan"))} -> kiri | F170: Kanan > 54.61 | I170: {=IF($J$2:$J$164<$J$169,"kiri",IF($J$2:$J$164<$K$169,"tengah","kanan"))} -> tengah | J170: Kanan > 4.80 | M170: {=IF($K$2:$K$164<$N$169,"kiri",IF($K$2:$K$164<$O$169,"tengah","kanan"))} -> tengah | N170: Kanan > 1
E171: tengah | F171: =COUNTIFS($E$170:$E$332,"Kanan",$L$2:$L$164,"Tinggi") -> 16 | G171: =F171/34 -> 0.47058824 | I171: kiri | J171: =COUNTIFS($I$170:$I$332,"Kanan",$L$2:$L$164,"Tinggi") -> 18 | K171: =J171/36 -> 0.5 | M171: kanan | N171: =COUNTIFS($M$170:$M$332,"Kanan",$L$2:$L$164,"Tinggi") -> 36 | O171: =N171/93 -> 0.38709677
E172: tengah | F172: =COUNTIFS($E$170:$E$332,"Kanan",$L$2:$L$164,"Sedang") -> 17 | G172: =F172/34 -> 0.5 | I172: tengah | J172: =COUNTIFS($I$170:$I$332,"Kanan",$L$2:$L$164,"Sedang") -> 17 | K172: =J172/36 -> 0.47222222 | M172: tengah | N172: =COUNTIFS($M$170:$M$332,"Kanan",$L$2:$L$164,"Sedang") -> 49 | O172: =N172/93 -> 0.52688172
E173: tengah | F173: =COUNTIFS($E$170:$E$332,"Kanan",$L$2:$L$164,"Rendah") -> 1 | G173: =F173/34 -> 0.029411765 | I173: tengah | J173: =COUNTIFS($I$170:$I$332,"Kanan",$L$2:$L$164,"Rendah") -> 1 | K173: =J173/36 -> 0.027777778 | M173: kanan | N173: =COUNTIFS($M$170:$M$332,"Kanan",$L$2:$L$164,"Rendah") -> 8 | O173: =N173/93 -> 0.086021505
E174: tengah | F174: Entropy | G174: =-(IFERROR(G171*LOG(G171,2),0)+IFERROR(G172*LOG(G172,2),0)+IFERROR(G173*LOG(G173,2),0)) -> 1.1613785 | I174: kiri | J174: Entropy | K174: =-(IFERROR(K171*LOG(K171,2),0)+IFERROR(K172*LOG(K172,2),0)+IFERROR(K173*LOG(K173,2),0)) -> 1.1547717 | M174: kanan | N174: Entropy | O174: =-(IFERROR(O171*LOG(O171,2),0)+IFERROR(O172*LOG(O172,2),0)+IFERROR(O173*LOG(O173,2),0)) -> 1.321545
E175: tengah | G175: =SUM(F171:F173)/163 -> 0.20858896 | I175: kiri | K175: =SUM(J171:J173)/163 -> 0.2208589 | M175: kanan | O175: =SUM(N171:N173)/163 -> 0.57055215
E176: tengah | G176: =G174*G175 -> 0.24225073 | I176: tengah | K176: =K174*K175 -> 0.25504161 | M176: kanan | O176: =O174*O175 -> 0.75401035
E177: tengah | I177: tengah | M177: kanan
E178: tengah | I178: tengah | M178: kanan
E179: tengah | F179: Kiri<17.31 | I179: tengah | J179: Kiri<2.4 | M179: kanan | N179: Kiri<0
E180: tengah | F180: =COUNTIFS($E$170:$E$332,"Kiri",$L$2:$L$164,"Tinggi") -> 17 | G180: =F180/40 -> 0.425 | I180: tengah | J180: =COUNTIFS($I$170:$I$332,"Kiri",$L$2:$L$164,"Tinggi") -> 20 | K180: =J180/44 -> 0.45454545 | M180: kanan | N180: =COUNTIFS($M$170:$M$332,"Kiri",$L$2:$L$164,"Tinggi") -> 0 | O180: =N180/78 -> 0
E181: kiri | F181: =COUNTIFS($E$170:$E$332,"Kiri",$L$2:$L$164,"Sedang") -> 22 | G181: =F181/40 -> 0.55 | I181: tengah | J181: =COUNTIFS($I$170:$I$332,"Kiri",$L$2:$L$164,"Sedang") -> 22 | K181: =J181/44 -> 0.5 | M181: tengah | N181: =COUNTIFS($T$170:$T$332,"Kiri",$M$2:$M$164,"Sedang") -> 0 | O181: =N181/78 -> 0
E182: tengah | F182: =COUNTIFS($E$170:$E$332,"Kiri",$L$2:$L$164,"Rendah") -> 1 | G182: =F182/40 -> 0.025 | I182: kiri | J182: =COUNTIFS($I$170:$I$332,"Kiri",$L$2:$L$164,"Rendah") -> 2 | K182: =J182/44 -> 0.045454545 | M182: tengah | N182: =COUNTIFS($T$170:$T$332,"Kiri",$M$2:$M$164,"Rendah") -> 0 | O182: =N182/78 -> 0
E183: kiri | F183: Entropy | G183: =-(IFERROR(G180*LOG(G180,2),0)+IFERROR(G181*LOG(G181,2),0)+IFERROR(G182*LOG(G182,2),0)) -> 1.132069 | I183: kiri | J183: Entropy | K183: =-(IFERROR(K180*LOG(K180,2),0)+IFERROR(K181*LOG(K181,2),0)+IFERROR(K182*LOG(K182,2),0)) -> 1.2197485 | M183: kanan | N183: Entropy | O183: =-(IFERROR(O180*LOG(O180,2),0)+IFERROR(O181*LOG(O181,2),0)+IFERROR(O182*LOG(O182,2),0)) -> 0
E184: tengah | G184: =SUM(F180:F182)/163 -> 0.24539877 | I184: kiri | K184: =SUM(J180:J182)/163 -> 0.26993865 | M184: tengah | O184: =SUM(N180:N182)/163 -> 0
E185: kiri | G185: =G183*G184 -> 0.27780834 | I185: tengah | K185: =K183*K184 -> 0.32925726 | M185: kanan | O185: =O183*O184 -> 0
E186: tengah | I186: kiri | M186: tengah
E187: kiri | I187: tengah | M187: tengah
E188: tengah | F188: Tengah | I188: kiri | J188: Tengah | M188: kanan | N188: Tengah
E189: tengah | F189: =COUNTIFS($E$170:$E$332,"Tengah",$L$2:$L$164,"Tinggi") -> 36 | G189: =F189/89 -> 0.40449438 | I189: kiri | J189: =COUNTIFS($I$170:$I$332,"Tengah",$L$2:$L$164,"Tinggi") -> 31 | K189: =J189/83 -> 0.37349398 | M189: kanan | N189: =COUNTIFS($M$170:$M$332,"Tengah",$L$2:$L$164,"Tinggi") -> 33 | O189: =N189/70 -> 0.47142857
E190: kiri | F190: =COUNTIFS($E$170:$E$332,"Tengah",$L$2:$L$164,"Sedang") -> 45 | G190: =F190/89 -> 0.50561798 | I190: kiri | J190: =COUNTIFS($I$170:$I$332,"Tengah",$L$2:$L$164,"Sedang") -> 45 | K190: =J190/83 -> 0.54216867 | M190: tengah | N190: =COUNTIFS($M$170:$M$332,"Tengah",$L$2:$L$164,"Sedang") -> 35 | O190: =N190/70 -> 0.5
E191: kanan | F191: =COUNTIFS($E$170:$E$332,"Tengah",$L$2:$L$164,"Rendah") -> 8 | G191: =F191/89 -> 0.08988764 | I191: tengah | J191: =COUNTIFS($I$170:$I$332,"Tengah",$L$2:$L$164,"Rendah") -> 7 | K191: =J191/83 -> 0.084337349 | M191: tengah | N191: =COUNTIFS($M$170:$M$332,"Tengah",$L$2:$L$164,"Rendah") -> 2 | O191: =N191/70 -> 0.028571429
E192: kanan | F192: Entropy | G192: =-(IFERROR(G189*LOG(G189,2),0)+IFERROR(G190*LOG(G190,2),0)+IFERROR(G191*LOG(G191,2),0)) -> 1.3380852 | I192: kanan | J192: Entropy | K192: =-(IFERROR(K189*LOG(K189,2),0)+IFERROR(K190*LOG(K190,2),0)+IFERROR(K191*LOG(K191,2),0)) -> 1.3104014 | M192: kanan | N192: Entropy | O192: =-(IFERROR(O189*LOG(O189,2),0)+IFERROR(O190*LOG(O190,2),0)+IFERROR(O191*LOG(O191,2),0)) -> 1.1579986
E193: tengah | G193: =SUM(F189:F191)/163 -> 0.54601227 | I193: tengah | K193: =SUM(J189:J191)/163 -> 0.50920245 | M193: kanan | O193: =SUM(N189:N191)/163 -> 0.42944785
E194: tengah | G194: =G192*G193 -> 0.73061096 | I194: kanan | K194: =K192*K193 -> 0.66725959 | M194: tengah | O194: =O192*O193 -> 0.4973
E195: tengah | I195: kiri | M195: kanan
E196: tengah | F196: IG | I196: tengah | J196: IG | M196: tengah | N196: IG
E197: kanan | F197: =P5-(G176+G185+G194) -> 0.014241368 | I197: kanan | J197: =P5-(K176+K185+K194) -> 0.013352935 | M197: tengah | N197: =P5-(O176+O185+O194) -> 0.013601046
E198: tengah | I198: tengah | M198: kanan
E199: tengah | I199: kanan | M199: tengah
E200: tengah | I200: kanan | M200: tengah
E201: tengah | I201: kiri | M201: tengah
E202: kanan | I202: tengah | M202: kanan
E203: tengah | I203: tengah | M203: kanan
E204: kiri | I204: kiri | M204: kanan
E205: kanan | I205: kanan | M205: kanan
E206: tengah | I206: tengah | M206: kanan
E207: kiri | I207: kiri | M207: tengah
E208: kiri | I208: kiri | M208: tengah
E209: kanan | I209: kanan | M209: tengah
... E332: tengah | I332: tengah | M332: tengah

Sheet Pohon 15
A1: No | B1: Lama Rawat Inap | C1: Jenis Kelamin | D1: Tingkat Resiko | H1: No | I1: Lama Rawat Inap | J1: Jenis Kelamin | K1: Tingkat Resiko | O1: Perhitungan root
A2: =RANDBETWEEN(2,164) -> 84 | B2: {=INDEX(Data_DBD!$C:$C,$A2)} -> 4 | C2: {=INDEX(Data_DBD!$E:$E,$A2)} -> 1 | D2: {=INDEX(Data_DBD!$F:$F,$A2)} -> Sedang | H2: 39 | I2: 5 | J2: 1 | K2: Sedang | O2: Tinggi | P2: =COUNTIF(K2:K164,"Tinggi") -> 71 | Q2: =P2/163 -> 0.43558282
