Workbook

Sheet Data_DBD
A1: Nama | B1: Usia | C1: Lama Rawat Inap | D1: Jumlah Kasus Perbulan | E1: Jenis Kelamin | F1: Tingkat Resiko
A2: Neni Sumetria | B2: 34 | C2: 3 | D2: 12 | E2: 0 | F2: Sedang
A3: Malki Amron | B3: 43 | C3: 3 | D3: 12 | E3: 1 | F3: Sedang
A4: Arifa Qyaratul | B4: 23 | C4: 5 | D4: 12 | E4: 0 | F4: Sedang
A5: Rezki Mhd | B5: 18 | C5: 2 | D5: 12 | E5: 1 | F5: Sedang
A6: Selfiolla | B6: 14 | C6: 4 | D6: 12 | E6: 0 | F6: Sedang
A7: M.Albiruni | B7: 12 | C7: 1 | D7: 12 | E7: 1 | F7: Sedang
A8: Yurika Azarine | B8: 4 | C8: 2 | D8: 12 | E8: 0 | F8: Sedang
A9: Rahmad Ihtiar | B9: 16 | C9: 6 | D9: 12 | E9: 1 | F9: Sedang
A10: Tiara Endiwa | B10: 18 | C10: 5 | D10: 12 | E10: 0 | F10: Sedang
A11: Boby | B11: 24 | C11: 5 | D11: 12 | E11: 1 | F11: Sedang
A12: Defi Putri | B12: 23 | C12: 3 | D12: 12 | E12: 0 | F12: Sedang
A13: Nini Efriza | B13: 47 | C13: 2 | D13: 12 | E13: 0 | F13: Sedang
... A164: Aprillia Khairunnisa | B164: 10 | C164: 6 | D164: 3 | E164: 0 | F164: Rendah

Sheet Pohon 1
A1: No | B1: Usia | C1: Lama Rawat Inap | D1: Jumlah Kasus Per Bulan | E1: Jenis Kelamin | F1: Tingkat Resiko | H1: No | I1: Usia | J1: Lama Rawat Inap | K1: Jumlah Kasus Per Bulan | L1: Jenis Kelamin | M1: Tingkat Resiko | O1: Perhitungan root
A2: =RANDBETWEEN(2,164) | B2: {=INDEX(Data_DBD!$B:$B,$A2)} | C2: {=INDEX(Data_DBD!$C:$C,$A2)} | D2: {=INDEX(Data_DBD!$D:$D,$A2)} | E2: {=INDEX(Data_DBD!$E:$E,$A2)} | F2: {=INDEX(Data_DBD!$F:$F,$A2)} | H2: 42 | I2: 21 | J2: 5 | K2: 13 | L2: 1 | M2: Sedang | O2: Tinggi | P2: =COUNTIF(M2:M164,"Tinggi") | Q2: =P2/163
A3: =RANDBETWEEN(2,164) | B3: {=INDEX(Data_DBD!$B:$B,$A3)} | C3: {=INDEX(Data_DBD!$C:$C,$A3)} | D3: {=INDEX(Data_DBD!$D:$D,$A3)} | E3: {=INDEX(Data_DBD!$E:$E,$A3)} | F3: {=INDEX(Data_DBD!$F:$F,$A3)} | H3: 47 | I3: 19 | J3: 2 | K3: 13 | L3: 0 | M3: Sedang | O3: Sedang | P3: =COUNTIF(M2:M164,"Sedang") | Q3: =P3/163
A4: =RANDBETWEEN(2,164) | B4: {=INDEX(Data_DBD!$B:$B,$A4)} | C4: {=INDEX(Data_DBD!$C:$C,$A4)} | D4: {=INDEX(Data_DBD!$D:$D,$A4)} | E4: {=INDEX(Data_DBD!$E:$E,$A4)} | F4: {=INDEX(Data_DBD!$F:$F,$A4)} | H4: 123 | I4: 22 | J4: 4 | K4: 33 | L4: 0 | M4: Tinggi | O4: Rendah | P4: =COUNTIF(M2:M164,"Rendah") | Q4: =P4/163
A5: =RANDBETWEEN(2,164) | B5: {=INDEX(Data_DBD!$B:$B,$A5)} | C5: {=INDEX(Data_DBD!$C:$C,$A5)} | D5: {=INDEX(Data_DBD!$D:$D,$A5)} | E5: {=INDEX(Data_DBD!$E:$E,$A5)} | F5: {=INDEX(Data_DBD!$F:$F,$A5)} | H5: 52 | I5: 59 | J5: 4 | K5: 15 | L5: 1 | M5: Sedang | O5: Entropy Root | P5: =-(IFERROR(Q2*LOG(Q2,2),0)+IFERROR(Q3*LOG(Q3,2),0)+IFERROR(Q4*LOG(Q4,2),0))
A6: =RANDBETWEEN(2,164) | B6: {=INDEX(Data_DBD!$B:$B,$A6)} | C6: {=INDEX(Data_DBD!$C:$C,$A6)} | D6: {=INDEX(Data_DBD!$D:$D,$A6)} | E6: {=INDEX(Data_DBD!$E:$E,$A6)} | F6: {=INDEX(Data_DBD!$F:$F,$A6)} | H6: 111 | I6: 25 | J6: 4 | K6: 33 | L6: 0 | M6: Tinggi
A7: =RANDBETWEEN(2,164) | B7: {=INDEX(Data_DBD!$B:$B,$A7)} | C7: {=INDEX(Data_DBD!$C:$C,$A7)} | D7: {=INDEX(Data_DBD!$D:$D,$A7)} | E7: {=INDEX(Data_DBD!$E:$E,$A7)} | F7: {=INDEX(Data_DBD!$F:$F,$A7)} | H7: 156 | I7: 5 | J7: 2 | K7: 21 | L7: 0 | M7: Tinggi
A8: =RANDBETWEEN(2,164) | B8: {=INDEX(Data_DBD!$B:$B,$A8)} | C8: {=INDEX(Data_DBD!$C:$C,$A8)} | D8: {=INDEX(Data_DBD!$D:$D,$A8)} | E8: {=INDEX(Data_DBD!$E:$E,$A8)} | F8: {=INDEX(Data_DBD!$F:$F,$A8)} | H8: 64 | I8: 35 | J8: 1 | K8: 15 | L8: 0 | M8: Sedang
A9: =RANDBETWEEN(2,164) | B9: {=INDEX(Data_DBD!$B:$B,$A9)} | C9: {=INDEX(Data_DBD!$C:$C,$A9)} | D9: {=INDEX(Data_DBD!$D:$D,$A9)} | E9: {=INDEX(Data_DBD!$E:$E,$A9)} | F9: {=INDEX(Data_DBD!$F:$F,$A9)} | H9: 160 | I9: 16 | J9: 3 | K9: 21 | L9: 0 | M9: Tinggi
A10: =RANDBETWEEN(2,164) | B10: {=INDEX(Data_DBD!$B:$B,$A10)} | C10: {=INDEX(Data_DBD!$C:$C,$A10)} | D10: {=INDEX(Data_DBD!$D:$D,$A10)} | E10: {=INDEX(Data_DBD!$E:$E,$A10)} | F10: {=INDEX(Data_DBD!$F:$F,$A10)} | H10: 82 | I10: 28 | J10: 3 | K10: 13 | L10: 1 | M10: Sedang
A11: =RANDBETWEEN(2,164) | B11: {=INDEX(Data_DBD!$B:$B,$A11)} | C11: {=INDEX(Data_DBD!$C:$C,$A11)} | D11: {=INDEX(Data_DBD!$D:$D,$A11)} | E11: {=INDEX(Data_DBD!$E:$E,$A11)} | F11: {=INDEX(Data_DBD!$F:$F,$A11)} | H11: 6 | I11: 14 | J11: 4 | K11: 12 | L11: 0 | M11: Sedang
A12: =RANDBETWEEN(2,164) | B12: {=INDEX(Data_DBD!$B:$B,$A12)} | C12: {=INDEX(Data_DBD!$C:$C,$A12)} | D12: {=INDEX(Data_DBD!$D:$D,$A12)} | E12: {=INDEX(Data_DBD!$E:$E,$A12)} | F12: {=INDEX(Data_DBD!$F:$F,$A12)} | H12: 121 | I12: 82 | J12: 5 | K12: 33 | L12: 1 | M12: Tinggi
A13: =RANDBETWEEN(2,164) | B13: {=INDEX(Data_DBD!$B:$B,$A13)} | C13: {=INDEX(Data_DBD!$C:$C,$A13)} | D13: {=INDEX(Data_DBD!$D:$D,$A13)} | E13: {=INDEX(Data_DBD!$E:$E,$A13)} | F13: {=INDEX(Data_DBD!$F:$F,$A13)} | H13: 138 | I13: 13 | J13: 3 | K13: 33 | L13: 1 | M13: Tinggi
A14: =RANDBETWEEN(2,164) | B14: {=INDEX(Data_DBD!$B:$B,$A14)} | C14: {=INDEX(Data_DBD!$C:$C,$A14)} | D14: {=INDEX(Data_DBD!$D:$D,$A14)} | E14: {=INDEX(Data_DBD!$E:$E,$A14)} | F14: {=INDEX(Data_DBD!$F:$F,$A14)} | H14: 122 | I14: 28 | J14: 3 | K14: 33 | L14: 1 | M14: Tinggi
A15: =RANDBETWEEN(2,164) | B15: {=INDEX(Data_DBD!$B:$B,$A15)} | C15: {=INDEX(Data_DBD!$C:$C,$A15)} | D15: {=INDEX(Data_DBD!$D:$D,$A15)} | E15: {=INDEX(Data_DBD!$E:$E,$A15)} | F15: {=INDEX(Data_DBD!$F:$F,$A15)} | H15: 10 | I15: 18 | J15: 5 | K15: 12 | L15: 0 | M15: Sedang
A16: =RANDBETWEEN(2,164) | B16: {=INDEX(Data_DBD!$B:$B,$A16)} | C16: {=INDEX(Data_DBD!$C:$C,$A16)} | D16: {=INDEX(Data_DBD!$D:$D,$A16)} | E16: {=INDEX(Data_DBD!$E:$E,$A16)} | F16: {=INDEX(Data_DBD!$F:$F,$A16)} | H16: 71 | I16: 84 | J16: 3 | K16: 10 | L16: 0 | M16: Sedang
A17: =RANDBETWEEN(2,164) | B17: {=INDEX(Data_DBD!$B:$B,$A17)} | C17: {=INDEX(Data_DBD!$C:$C,$A17)} | D17: {=INDEX(Data_DBD!$D:$D,$A17)} | E17: {=INDEX(Data_DBD!$E:$E,$A17)} | F17: {=INDEX(Data_DBD!$F:$F,$A17)} | H17: 128 | I17: 38 | J17: 2 | K17: 33 | L17: 0 | M17: Tinggi
... A164: =RANDBETWEEN(2,164) | B164: {=INDEX(Data_DBD!$B:$B,$A164)} | C164: {=INDEX(Data_DBD!$C:$C,$A164)} | D164: {=INDEX(Data_DBD!$D:$D,$A164)} | E164: {=INDEX(Data_DBD!$E:$E,$A164)} | F164: {=INDEX(Data_DBD!$F:$F,$A164)} | H164: 69 | I164: 24 | J164: 4 | K164: 10 | L164: 1 | M164: Sedang
I165: =AVERAGE(I2:I164) | J165: =AVERAGE(J2:J164) | K165: =AVERAGE(K2:K164) | L165: =AVERAGE(L2:L164)
B167: 2
E168: USIA | J168: LAMA RAWAT INAP | O168: JUMLAH KASUS PER BULAN | T168: JENIS KELAMIN
E169: Usia | F169: =AVERAGEIF($I$2:$I$164,"<="&$I$165) | G169: =AVERAGEIF($I$2:$I$164,">"&$I$165) | J169: Lama rawat inap | K169: =AVERAGEIF($J$2:$J$164,"<="&$J$165) | L169: =AVERAGEIF($J$2:$J$164,">"&$J$165) | O169: Jumlah kasus perbulan | P169: =AVERAGEIF($K$2:$K$164,"<="&$K$165) | Q169: =AVERAGEIF($K$2:$K$164,">"&$K$165) | T169: Jenis kelamin | U169: =AVERAGEIF($L$2:$L$164,"<="&$L$165) | V169: =AVERAGEIF($L$2:$L$164,">"&$L$165)
E170: {=IF($I$2:$I$164<$F$169,"kiri",IF($I$2:$I$164<$G$169,"tengah","kanan"))} | F170: Kanan > 55.5 | J170: {=IF($J$2:$J$164<$K$169,"kiri",IF($J$2:$J$164<$L$169,"tengah","kanan"))} | K170: Kanan > 4.5 | O170: {=IF($K$2:$K$164<$P$169,"kiri",IF($K$2:$K$164<$Q$169,"tengah","kanan"))} | P170: Kanan > 28.4 | T170: {=IF($L$2:$L$164<$U$169,"kiri",IF($L$2:$L$164<$V$169,"tengah","kanan"))} | U170: Kanan > 1
E171: tengah | F171: =COUNTIFS($E$170:$E$332,"Kanan",$M$2:$M$164,"Tinggi") | G171: =F171/32 | J171: kiri | K171: =COUNTIFS($J$170:$J$332,"Kanan",$M$2:$M$164,"Tinggi") | L171: =K171/27 | O171: kiri | P171: =COUNTIFS($O$170:$O$332,"Kanan",$M$2:$M$164,"Tinggi") | Q171: =P171/33 | T171: tengah | U171: =COUNTIFS($T$170:$T$332,"Kanan",$M$2:$M$164,"Tinggi") | V171: =U171/87
E172: tengah | F172: =COUNTIFS($E$170:$E$332,"Kanan",$M$2:$M$164,"Sedang") | G172: =F172/32 | J172: tengah | K172: =COUNTIFS($J$170:$J$332,"Kanan",$M$2:$M$164,"Sedang") | L172: =K172/27 | O172: kanan | P172: =COUNTIFS($O$170:$O$332,"Kanan",$M$2:$M$164,"Sedang") | Q172: =P172/27 | T172: tengah | U172: =COUNTIFS($T$170:$T$332,"Kanan",$M$2:$M$164,"Sedang") | V172: =U172/87
E173: kanan | F173: =COUNTIFS($E$170:$E$332,"Kanan",$M$2:$M$164,"Rendah") | G173: =F173/32 | J173: tengah | K173: =COUNTIFS($J$170:$J$332,"Kanan",$M$2:$M$164,"Rendah") | L173: =K173/27 | O173: tengah | P173: =COUNTIFS($O$170:$O$332,"Kanan",$M$2:$M$164,"Rendah") | Q173: =P173/27 | T173: kanan | U173: =COUNTIFS($T$170:$T$332,"Kanan",$M$2:$M$164,"Rendah") | V173: =U173/87
E174: tengah | F174: Entropy | G174: =-(IFERROR(G171*LOG(G171,2),0)+IFERROR(G172*LOG(G172,2),0)+IFERROR(G173*LOG(G173,2),0)) | J174: tengah | K174: Entropy | L174: =-(IFERROR(L171*LOG(L171,2),0)+IFERROR(L172*LOG(L172,2),0)+IFERROR(L173*LOG(L173,2),0)) | O174: kanan | P174: Entropy | Q174: =-(IFERROR(Q171*LOG(Q171,2),0)+IFERROR(Q172*LOG(Q172,2),0)+IFERROR(Q173*LOG(Q173,2),0)) | T174: tengah | U174: Entropy | V174: =-(IFERROR(V171*LOG(V171,2),0)+IFERROR(V172*LOG(V172,2),0)+IFERROR(V173*LOG(V173,2),0))
E175: kiri | G175: =SUM(F171:F173)/163 | J175: kiri | L175: =SUM(K171:K173)/163 | O175: tengah | Q175: =SUM(P171:P173)/163 | T175: tengah | V175: =SUM(U171:U173)/163
E176: tengah | G176: =G174*G175 | J176: kiri | L176: =L174*L175 | O176: tengah | Q176: =Q174*Q175 | T176: tengah | V176: =V174*V175
E177: kiri | J177: tengah | O177: tengah | T177: tengah
E178: tengah | J178: tengah | O178: kiri | T178: kanan
E179: kiri | F179: Kiri<17.96 | J179: tengah | K179: Kiri<2.65 | O179: kiri | P179: Kiri<13.35 | T179: tengah | U179: Kiri<0
E180: kanan | F180: =COUNTIFS($E$170:$E$332,"Kiri",$M$2:$M$164,"Tinggi") | G180: =F180/41 | J180: kanan | K180: =COUNTIFS($J$170:$J$332,"Kiri",$M$2:$M$164,"Tinggi") | L180: =K180/25 | O180: kanan | P180: =COUNTIFS($O$170:$O$332,"Kiri",$M$2:$M$164,"Tinggi") | Q180: =P180/57 | T180: kanan | U180: =COUNTIFS($T$170:$T$332,"Kiri",$M$2:$M$164,"Tinggi") | V180: =U180/57
E181: kiri | F181: =COUNTIFS($E$170:$E$332,"Kiri",$M$2:$M$164,"Sedang") | G181: =F181/41 | J181: tengah | K181: =COUNTIFS($J$170:$J$332,"Kiri",$M$2:$M$164,"Sedang") | L181: =K181/25 | O181: kanan | P181: =COUNTIFS($O$170:$O$332,"Kiri",$M$2:$M$164,"Sedang") | Q181: =P181/57 | T181: kanan | U181: =COUNTIFS($T$170:$T$332,"Kiri",$M$2:$M$164,"Sedang") | V181: =U181/57
E182: tengah | F182: =COUNTIFS($E$170:$E$332,"Kiri",$M$2:$M$164,"Rendah") | G182: =F182/41 | J182: tengah | K182: =COUNTIFS($J$170:$J$332,"Kiri",$M$2:$M$164,"Rendah") | L182: =K182/25 | O182: kanan | P182: =COUNTIFS($O$170:$O$332,"Kiri",$M$2:$M$164,"Rendah") | Q182: =P182/57 | T182: kanan | U182: =COUNTIFS($T$170:$T$332,"Kiri",$M$2:$M$164,"Rendah") | V182: =U182/57
E183: tengah | F183: Entropy | G183: =-(IFERROR(G180*LOG(G180,2),0)+IFERROR(G181*LOG(G181,2),0)+IFERROR(G182*LOG(G182,2),0)) | J183: kanan | K183: Entropy | L183: =-(IFERROR(L180*LOG(L180,2),0)+IFERROR(L181*LOG(L181,2),0)+IFERROR(L182*LOG(L182,2),0)) | O183: kiri | P183: Entropy | Q183: =-(IFERROR(Q180*LOG(Q180,2),0)+IFERROR(Q181*LOG(Q181,2),0)+IFERROR(Q182*LOG(Q182,2),0)) | T183: tengah | U183: Entropy | V183: =-(IFERROR(V180*LOG(V180,2),0)+IFERROR(V181*LOG(V181,2),0)+IFERROR(V182*LOG(V182,2),0))
E184: kanan | G184: =SUM(F180:F182)/163 | J184: tengah | L184: =SUM(K180:K182)/163 | O184: kiri | Q184: =SUM(P180:P182)/163 | T184: tengah | V184: =SUM(U180:U182)/163
E185: tengah | G185: =G183*G184 | J185: kiri | L185: =L183*L184 | O185: kanan | Q185: =Q183*Q184 | T185: tengah | V185: =V183*V184
E186: kanan | J186: kanan | O186: tengah | T186: kanan
E187: tengah | J187: kiri | O187: kiri | T187: tengah
E188: tengah | F188: Tengah | J188: tengah | K188: Tengah | O188: tengah | P188: Tengah | T188: tengah | U188: Tengah
E189: tengah | F189: =COUNTIFS($E$170:$E$332,"Tengah",$M$2:$M$164,"Tinggi") | G189: =F189/90 | J189: tengah | K189: =COUNTIFS($J$170:$J$332,"Tengah",$M$2:$M$164,"Tinggi") | L189: =K189/111 | O189: kiri | P189: =COUNTIFS($O$170:$O$332,"Tengah",$M$2:$M$164,"Tinggi") | Q189: =P189/73 | T189: kanan | U189: =COUNTIFS($T$170:$T$332,"Tengah",$M$2:$M$164,"Tinggi") | V189: =U189/76
E190: tengah | F190: =COUNTIFS($E$170:$E$332,"Tengah",$M$2:$M$164,"Sedang") | G190: =F190/90 | J190: tengah | K190: =COUNTIFS($J$170:$J$332,"Tengah",$M$2:$M$164,"Sedang") | L190: =K190/111 | O190: tengah | P190: =COUNTIFS($O$170:$O$332,"Tengah",$M$2:$M$164,"Sedang") | Q190: =P190/73 | T190: kanan | U190: =COUNTIFS($T$170:$T$332,"Tengah",$M$2:$M$164,"Sedang") | V190: =U190/76
E191: kanan | F191: =COUNTIFS($E$170:$E$332,"Tengah",$M$2:$M$164,"Rendah") | G191: =F191/90 | J191: tengah | K191: =COUNTIFS($J$170:$J$332,"Tengah",$M$2:$M$164,"Rendah") | L191: =K191/111 | O191: tengah | P191: =COUNTIFS($O$170:$O$332,"Tengah",$M$2:$M$164,"Rendah") | Q191: =P191/73 | T191: tengah | U191: =COUNTIFS($T$170:$T$332,"Tengah",$M$2:$M$164,"Rendah") | V191: =U191/76
E192: kiri | F192: Entropy | G192: =-(IFERROR(G189*LOG(G189,2),0)+IFERROR(G190*LOG(G190,2),0)+IFERROR(G191*LOG(G191,2),0)) | J192: tengah | K192: Entropy | L192: =-(IFERROR(L189*LOG(L189,2),0)+IFERROR(L190*LOG(L190,2),0)+IFERROR(L191*LOG(L191,2),0)) | O192: kiri | P192: Entropy | Q192: =-(IFERROR(Q189*LOG(Q189,2),0)+IFERROR(Q190*LOG(Q190,2),0)+IFERROR(Q191*LOG(Q191,2),0)) | T192: tengah | U192: Entropy | V192: =-(IFERROR(V189*LOG(V189,2),0)+IFERROR(V190*LOG(V190,2),0)+IFERROR(V191*LOG(V191,2),0))
E193: tengah | G193: =SUM(F189:F191)/163 | J193: kiri | L193: =SUM(K189:K191)/163 | O193: kanan | Q193: =SUM(P189:P191)/163 | T193: tengah | V193: =SUM(U189:U191)/163
E194: kanan | G194: =G192*G193 | J194: tengah | L194: =L192*L193 | O194: tengah | Q194: =Q192*Q193 | T194: kanan | V194: =V192*V193
E195: tengah | J195: tengah | O195: tengah | T195: tengah
E196: kiri | F196: IG | J196: tengah | K196: IG | O196: tengah | P196: IG | T196: tengah | U196: IG
E197: tengah | F197: =P5-(G176+G185+G194) | J197: kanan | K197: =P5-(L176+L185+L194) | O197: tengah | P197: =P5-(Q176+Q185+Q194) | T197: tengah | U197: =P5-(V176+V185+V194)
E198: tengah | J198: tengah | O198: tengah | T198: kanan
E199: kanan | J199: kanan | O199: kanan | T199: kanan
E200: kiri | J200: tengah | O200: tengah | T200: tengah
E201: kiri | J201: kanan | O201: tengah | T201: kanan
E202: tengah | J202: tengah | O202: tengah | T202: kanan
E203: tengah | J203: tengah | O203: kiri | T203: kanan
E204: tengah | J204: tengah | O204: kiri | T204: tengah
E205: tengah | J205: tengah | O205: tengah | T205: kanan
E206: kiri | J206: kanan | O206: kiri | T206: tengah
E207: kiri | J207: tengah | O207: tengah | T207: tengah
E208: kanan | J208: tengah | O208: tengah | T208: kanan
E209: kiri | J209: kiri | O209: kanan | T209: tengah
... E332: tengah | J332: tengah | O332: kiri | T332: kanan

Sheet Pohon 2
A1: No | B1: Usia | C1: Lama Rawat Inap | D1: Jenis Kelamin | E1: Tingkat Resiko | H1: No | I1: Usia | J1: Lama Rawat Inap | K1: Jenis Kelamin | L1: Tingkat Resiko | O1: Perhitungan root
A2: =RANDBETWEEN(2,164) | B2: {=INDEX(Data_DBD!$B:$B,$A2)} | C2: {=INDEX(Data_DBD!$C:$C,$A2)} | D2: {=INDEX(Data_DBD!$E:$E,$A2)} | E2: {=INDEX(Data_DBD!$F:$F,$A2)} | H2: 95 | I2: 11 | J2: 3 | K2: 1 | L2: Tinggi | O2: Tinggi | P2: =COUNTIF(L2:L164,"Tinggi") | Q2: =P2/163
A3: =RANDBETWEEN(2,164) | B3: {=INDEX(Data_DBD!$B:$B,$A3)} | C3: {=INDEX(Data_DBD!$C:$C,$A3)} | D3: {=INDEX(Data_DBD!$E:$E,$A3)} | E3: {=INDEX(Data_DBD!$F:$F,$A3)} | H3: 12 | I3: 23 | J3: 3 | K3: 0 | L3: Sedang | O3: Sedang | P3: =COUNTIF(L2:L164,"Sedang") | Q3: =P3/163
A4: =RANDBETWEEN(2,164) | B4: {=INDEX(Data_DBD!$B:$B,$A4)} | C4: {=INDEX(Data_DBD!$C:$C,$A4)} | D4: {=INDEX(Data_DBD!$E:$E,$A4)} | E4: {=INDEX(Data_DBD!$F:$F,$A4)} | H4: 30 | I4: 3 | J4: 2 | K4: 1 | L4: Sedang | O4: Rendah | P4: =COUNTIF(L2:L164,"Rendah") | Q4: =P4/163
A5: =RANDBETWEEN(2,164) | B5: {=INDEX(Data_DBD!$B:$B,$A5)} | C5: {=INDEX(Data_DBD!$C:$C,$A5)} | D5: {=INDEX(Data_DBD!$E:$E,$A5)} | E5: {=INDEX(Data_DBD!$F:$F,$A5)} | H5: 76 | I5: 70 | J5: 2 | K5: 0 | L5: Sedang | O5: Entropy Root | P5: =-(IFERROR(Q2*LOG(Q2,2),0)+IFERROR(Q3*LOG(Q3,2),0)+IFERROR(Q4*LOG(Q4,2),0))
A6: =RANDBETWEEN(2,164) | B6: {=INDEX(Data_DBD!$B:$B,$A6)} | C6: {=INDEX(Data_DBD!$C:$C,$A6)} | D6: {=INDEX(Data_DBD!$E:$E,$A6)} | E6: {=INDEX(Data_DBD!$F:$F,$A6)} | H6: 85 | I6: 27 | J6: 9 | K6: 0 | L6: Sedang
A7: =RANDBETWEEN(2,164) | B7: {=INDEX(Data_DBD!$B:$B,$A7)} | C7: {=INDEX(Data_DBD!$C:$C,$A7)} | D7: {=INDEX(Data_DBD!$E:$E,$A7)} | E7: {=INDEX(Data_DBD!$F:$F,$A7)} | H7: 55 | I7: 7 | J7: 4 | K7: 1 | L7: Sedang
A8: =RANDBETWEEN(2,164) | B8: {=INDEX(Data_DBD!$B:$B,$A8)} | C8: {=INDEX(Data_DBD!$C:$C,$A8)} | D8: {=INDEX(Data_DBD!$E:$E,$A8)} | E8: {=INDEX(Data_DBD!$F:$F,$A8)} | H8: 51 | I8: 48 | J8: 4 | K8: 0 | L8: Sedang
A9: =RANDBETWEEN(2,164) | B9: {=INDEX(Data_DBD!$B:$B,$A9)} | C9: {=INDEX(Data_DBD!$C:$C,$A9)} | D9: {=INDEX(Data_DBD!$E:$E,$A9)} | E9: {=INDEX(Data_DBD!$F:$F,$A9)} | H9: 108 | I9: 69 | J9: 7 | K9: 1 | L9: Tinggi
A10: =RANDBETWEEN(2,164) | B10: {=INDEX(Data_DBD!$B:$B,$A10)} | C10: {=INDEX(Data_DBD!$C:$C,$A10)} | D10: {=INDEX(Data_DBD!$E:$E,$A10)} | E10: {=INDEX(Data_DBD!$F:$F,$A10)} | H10: 72 | I10: 3 | J10: 5 | K10: 1 | L10: Sedang
A11: =RANDBETWEEN(2,164) | B11: {=INDEX(Data_DBD!$B:$B,$A11)} | C11: {=INDEX(Data_DBD!$C:$C,$A11)} | D11: {=INDEX(Data_DBD!$E:$E,$A11)} | E11: {=INDEX(Data_DBD!$F:$F,$A11)} | H11: 147 | I11: 66 | J11: 10 | K11: 1 | L11: Tinggi
A12: =RANDBETWEEN(2,164) | B12: {=INDEX(Data_DBD!$B:$B,$A12)} | C12: {=INDEX(Data_DBD!$C:$C,$A12)} | D12: {=INDEX(Data_DBD!$E:$E,$A12)} | E12: {=INDEX(Data_DBD!$F:$F,$A12)} | H12: 69 | I12: 24 | J12: 4 | K12: 1 | L12: Sedang
A13: =RANDBETWEEN(2,164) | B13: {=INDEX(Data_DBD!$B:$B,$A13)} | C13: {=INDEX(Data_DBD!$C:$C,$A13)} | D13: {=INDEX(Data_DBD!$E:$E,$A13)} | E13: {=INDEX(Data_DBD!$F:$F,$A13)} | H13: 4 | I13: 23 | J13: 5 | K13: 0 | L13: Sedang
A14: =RANDBETWEEN(2,164) | B14: {=INDEX(Data_DBD!$B:$B,$A14)} | C14: {=INDEX(Data_DBD!$C:$C,$A14)} | D14: {=INDEX(Data_DBD!$E:$E,$A14)} | E14: {=INDEX(Data_DBD!$F:$F,$A14)} | H14: 6 | I14: 14 | J14: 4 | K14: 0 | L14: Sedang
A15: =RANDBETWEEN(2,164) | B15: {=INDEX(Data_DBD!$B:$B,$A15)} | C15: {=INDEX(Data_DBD!$C:$C,$A15)} | D15: {=INDEX(Data_DBD!$E:$E,$A15)} | E15: {=INDEX(Data_DBD!$F:$F,$A15)} | H15: 13 | I15: 47 | J15: 2 | K15: 0 | L15: Sedang
A16: =RANDBETWEEN(2,164) | B16: {=INDEX(Data_DBD!$B:$B,$A16)} | C16: {=INDEX(Data_DBD!$C:$C,$A16)} | D16: {=INDEX(Data_DBD!$E:$E,$A16)} | E16: {=INDEX(Data_DBD!$F:$F,$A16)} | H16: 142 | I16: 39 | J16: 2 | K16: 1 | L16: Tinggi
A17: =RANDBETWEEN(2,164) | B17: {=INDEX(Data_DBD!$B:$B,$A17)} | C17: {=INDEX(Data_DBD!$C:$C,$A17)} | D17: {=INDEX(Data_DBD!$E:$E,$A17)} | E17: {=INDEX(Data_DBD!$F:$F,$A17)} | H17: 159 | I17: 17 | J17: 2 | K17: 0 | L17: Tinggi
... A164: =RANDBETWEEN(2,164) | B164: {=INDEX(Data_DBD!$B:$B,$A164)} | C164: {=INDEX(Data_DBD!$C:$C,$A164)} | D164: {=INDEX(Data_DBD!$E:$E,$A164)} | E164: {=INDEX(Data_DBD!$F:$F,$A164)} | H164: 138 | I164: 13 | J164: 3 | K164: 1 | L164: Tinggi
I165: =AVERAGE(I2:I164) | J165: =AVERAGE(J2:J164) | K165: =AVERAGE(K2:K164)
B167: 2
E168: USIA | J168: LAMA RAWAT INAP | T168: JENIS KELAMIN
E169: Usia | F169: =AVERAGEIF($I$2:$I$164,"<="&$I$165) | G169: =AVERAGEIF($I$2:$I$164,">"&$I$165) | J169: Lama rawat inap | K169: =AVERAGEIF($J$2:$J$164,"<="&$J$165) | L169: =AVERAGEIF($J$2:$J$164,">"&$J$165) | T169: Jenis kelamin | U169: =AVERAGEIF($K$2:$K$164,"<="&$K$165) | V169: =AVERAGEIF($K$2:$K$164,">"&$K$165)
E170: {=IF($I$2:$I$164<$F$169,"kiri",IF($I$2:$I$164<$G$169,"tengah","kanan"))} | F170: Kanan > 54.4 | J170: {=IF($J$2:$J$164<$K$169,"kiri",IF($J$2:$J$164<$L$169,"tengah","kanan"))} | K170: Kanan > 4.74 | T170: {=IF($K$2:$K$164<$U$169,"kiri",IF($K$2:$K$164<$V$169,"tengah","kanan"))} | U170: Kanan > 1
E171: tengah | F171: =COUNTIFS($E$170:$E$332,"Kanan",$L$2:$L$164,"Tinggi") | G171: =F171/30 | J171: tengah | K171: =COUNTIFS($J$170:$J$332,"Kanan",$L$2:$L$164,"Tinggi") | L171: =K171/27 | T171: tengah | U171: =COUNTIFS($T$170:$T$332,"Kanan",$L$2:$L$164,"Tinggi") | V171: =U171/85
E172: kiri | F172: =COUNTIFS($E$170:$E$332,"Kanan",$L$2:$L$164,"Sedang") | G172: =F172/30 | J172: kiri | K172: =COUNTIFS($J$170:$J$332,"Kanan",$L$2:$L$164,"Sedang") | L172: =K172/27 | T172: kanan | U172: =COUNTIFS($T$170:$T$332,"Kanan",$L$2:$L$164,"Sedang") | V172: =U172/85
E173: kanan | F173: =COUNTIFS($E$170:$E$332,"Kanan",$L$2:$L$164,"Rendah") | G173: =F173/30 | J173: kiri | K173: =COUNTIFS($J$170:$J$332,"Kanan",$L$2:$L$164,"Rendah") | L173: =K173/27 | T173: tengah | U173: =COUNTIFS($T$170:$T$332,"Kanan",$L$2:$L$164,"Rendah") | V173: =U173/85
E174: tengah | F174: Entropy | G174: =-(IFERROR(G171*LOG(G171,2),0)+IFERROR(G172*LOG(G172,2),0)+IFERROR(G173*LOG(G173,2),0)) | J174: kanan | K174: Entropy | L174: =-(IFERROR(L171*LOG(L171,2),0)+IFERROR(L172*LOG(L172,2),0)+IFERROR(L173*LOG(L173,2),0)) | T174: tengah | U174: Entropy | V174: =-(IFERROR(V171*LOG(V171,2),0)+IFERROR(V172*LOG(V172,2),0)+IFERROR(V173*LOG(V173,2),0))
E175: kiri | G175: =SUM(F171:F173)/163 | J175: tengah | L175: =SUM(K171:K173)/163 | T175: kanan | V175: =SUM(U171:U173)/163
E176: tengah | G176: =G174*G175 | J176: tengah | L176: =L174*L175 | T176: tengah | V176: =V174*V175
E177: kanan | J177: kanan | T177: kanan
E178: kiri | J178: kanan | T178: kanan
E179: kanan | F179: Kiri<16.61 | J179: kanan | K179: Kiri<2.61 | T179: kanan | U179: Kiri<0
E180: tengah | F180: =COUNTIFS($E$170:$E$332,"Kiri",$L$2:$L$164,"Tinggi") | G180: =F180/48 | J180: tengah | K180: =COUNTIFS($J$170:$J$332,"Kiri",$L$2:$L$164,"Tinggi") | L180: =K180/27 | T180: kanan | U180: =COUNTIFS($T$170:$T$332,"Kiri",$L$2:$L$164,"Tinggi") | V180: =U180/57
E181: tengah | F181: =COUNTIFS($E$170:$E$332,"Kiri",$L$2:$L$164,"Sedang") | G181: =F181/48 | J181: kanan | K181: =COUNTIFS($J$170:$J$332,"Kiri",$L$2:$L$164,"Sedang") | L181: =K181/27 | T181: tengah | U181: =COUNTIFS($T$170:$T$332,"Kiri",$L$2:$L$164,"Sedang") | V181: =U181/57
E182: kiri | F182: =COUNTIFS($E$170:$E$332,"Kiri",$L$2:$L$164,"Rendah") | G182: =F182/48 | J182: tengah | K182: =COUNTIFS($J$170:$J$332,"Kiri",$L$2:$L$164,"Rendah") | L182: =K182/27 | T182: tengah | U182: =COUNTIFS($T$170:$T$332,"Kiri",$L$2:$L$164,"Rendah") | V182: =U182/57
E183: tengah | F183: Entropy | G183: =-(IFERROR(G180*LOG(G180,2),0)+IFERROR(G181*LOG(G181,2),0)+IFERROR(G182*LOG(G182,2),0)) | J183: kiri | K183: Entropy | L183: =-(IFERROR(L180*LOG(L180,2),0)+IFERROR(L181*LOG(L181,2),0)+IFERROR(L182*LOG(L182,2),0)) | T183: tengah | U183: Entropy | V183: =-(IFERROR(V180*LOG(V180,2),0)+IFERROR(V181*LOG(V181,2),0)+IFERROR(V182*LOG(V182,2),0))
E184: tengah | G184: =SUM(F180:F182)/163 | J184: kiri | L184: =SUM(K180:K182)/163 | T184: kanan | V184: =SUM(U180:U182)/163
E185: tengah | G185: =G183*G184 | J185: kiri | L185: =L183*L184 | T185: tengah | V185: =V183*V184
E186: kiri | J186: kiri | T186: tengah
E187: kanan | J187: tengah | T187: kanan
E188: tengah | F188: Tengah | J188: tengah | K188: Tengah | T188: kanan | U188: Tengah
E189: kiri | F189: =COUNTIFS($E$170:$E$332,"Tengah",$L$2:$L$164,"Tinggi") | G189: =F189/85 | J189: tengah | K189: =COUNTIFS($J$170:$J$332,"Tengah",$L$2:$L$164,"Tinggi") | L189: =K189/109 | T189: kanan | U189: =COUNTIFS($T$170:$T$332,"Tengah",$L$2:$L$164,"Tinggi") | V189: =U189/78
E190: kiri | F190: =COUNTIFS($E$170:$E$332,"Tengah",$L$2:$L$164,"Sedang") | G190: =F190/85 | J190: tengah | K190: =COUNTIFS($J$170:$J$332,"Tengah",$L$2:$L$164,"Sedang") | L190: =K190/109 | T190: kanan | U190: =COUNTIFS($T$170:$T$332,"Tengah",$L$2:$L$164,"Sedang") | V190: =U190/78
E191: kanan | F191: =COUNTIFS($E$170:$E$332,"Tengah",$L$2:$L$164,"Rendah") | G191: =F191/85 | J191: tengah | K191: =COUNTIFS($J$170:$J$332,"Tengah",$L$2:$L$164,"Rendah") | L191: =K191/109 | T191: tengah | U191: =COUNTIFS($T$170:$T$332,"Tengah",$L$2:$L$164,"Rendah") | V191: =U191/78
E192: kiri | F192: Entropy | G192: =-(IFERROR(G189*LOG(G189,2),0)+IFERROR(G190*LOG(G190,2),0)+IFERROR(G191*LOG(G191,2),0)) | J192: tengah | K192: Entropy | L192: =-(IFERROR(L189*LOG(L189,2),0)+IFERROR(L190*LOG(L190,2),0)+IFERROR(L191*LOG(L191,2),0)) | T192: tengah | U192: Entropy | V192: =-(IFERROR(V189*LOG(V189,2),0)+IFERROR(V190*LOG(V190,2),0)+IFERROR(V191*LOG(V191,2),0))
E193: tengah | G193: =SUM(F189:F191)/163 | J193: tengah | L193: =SUM(K189:K191)/163 | T193: kanan | V193: =SUM(U189:U191)/163
E194: kanan | G194: =G192*G193 | J194: tengah | L194: =L192*L193 | T194: tengah | V194: =V192*V193
E195: tengah | J195: kiri | T195: tengah
E196: tengah | F196: IG | J196: tengah | K196: IG | T196: tengah | U196: IG
E197: kanan | F197: =P5-(G176+G185+$G$194) | J197: tengah | K197: =P5-(L176+L185+L194) | T197: tengah | U197: =P5-(V176+V185+V194)
E198: kiri | J198: kiri | T198: kanan
E199: tengah | J199: tengah | T199: kanan
E200: tengah | J200: kiri | T200: kanan
E201: tengah | J201: kiri | T201: kanan
E202: kiri | J202: kiri | T202: kanan
E203: tengah | J203: tengah | T203: tengah
E204: tengah | J204: tengah | T204: kanan
E205: tengah | J205: tengah | T205: kanan
E206: tengah | J206: tengah | T206: kanan
E207: kiri | J207: tengah | T207: tengah
E208: tengah | J208: tengah | T208: kanan
E209: tengah | J209: tengah | T209: kanan
... E332: kiri | J332: tengah | T332: kanan

Sheet Pohon 3
A1: No | B1: Lama Rawat Inap | C1: Jenis Kelamin | D1: Tingkat Resiko | H1: No | I1: Lama Rawat Inap | J1: Jenis Kelamin | K1: Tingkat Resiko | O1: Perhitungan root
A2: =RANDBETWEEN(2,164) | B2: {=INDEX(Data_DBD!$C:$C,$A2)} | C2: {=INDEX(Data_DBD!$E:$E,$A2)} | D2: {=INDEX(Data_DBD!$F:$F,$A2)} | H2: 98 | I2: 2 | J2: 1 | K2: Tinggi | O2: Tinggi | P2: =COUNTIF(K2:K164,"Tinggi") | Q2: =P2/163
A3: =RANDBETWEEN(2,164) | B3: {=INDEX(Data_DBD!$C:$C,$A3)} | C3: {=INDEX(Data_DBD!$E:$E,$A3)} | D3: {=INDEX(Data_DBD!$F:$F,$A3)} | H3: 126 | I3: 3 | J3: 1 | K3: Tinggi | O3: Sedang | P3: =COUNTIF(K2:K164,"Sedang") | Q3: =P3/163
A4: =RANDBETWEEN(2,164) | B4: {=INDEX(Data_DBD!$C:$C,$A4)} | C4: {=INDEX(Data_DBD!$E:$E,$A4)} | D4: {=INDEX(Data_DBD!$F:$F,$A4)} | H4: 49 | I4: 5 | J4: 0 | K4: Sedang | O4: Rendah | P4: =COUNTIF(K2:K164,"Rendah") | Q4: =P4/163
A5: =RANDBETWEEN(2,164) | B5: {=INDEX(Data_DBD!$C:$C,$A5)} | C5: {=INDEX(Data_DBD!$E:$E,$A5)} | D5: {=INDEX(Data_DBD!$F:$F,$A5)} | H5: 14 | I5: 4 | J5: 1 | K5: Rendah | O5: Entropy Root | P5: =-(IFERROR(Q2*LOG(Q2,2),0)+IFERROR(Q3*LOG(Q3,2),0)+IFERROR(Q4*LOG(Q4,2),0))
A6: =RANDBETWEEN(2,164) | B6: {=INDEX(Data_DBD!$C:$C,$A6)} | C6: {=INDEX(Data_DBD!$E:$E,$A6)} | D6: {=INDEX(Data_DBD!$F:$F,$A6)} | H6: 54 | I6: 3 | J6: 0 | K6: Sedang
A7: =RANDBETWEEN(2,164) | B7: {=INDEX(Data_DBD!$C:$C,$A7)} | C7: {=INDEX(Data_DBD!$E:$E,$A7)} | D7: {=INDEX(Data_DBD!$F:$F,$A7)} | H7: 80 | I7: 3 | J7: 1 | K7: Sedang
A8: =RANDBETWEEN(2,164) | B8: {=INDEX(Data_DBD!$C:$C,$A8)} | C8: {=INDEX(Data_DBD!$E:$E,$A8)} | D8: {=INDEX(Data_DBD!$F:$F,$A8)} | H8: 36 | I8: 1 | J8: 1 | K8: Rendah
A9: =RANDBETWEEN(2,164) | B9: {=INDEX(Data_DBD!$C:$C,$A9)} | C9: {=INDEX(Data_DBD!$E:$E,$A9)} | D9: {=INDEX(Data_DBD!$F:$F,$A9)} | H9: 105 | I9: 3 | J9: 1 | K9: Tinggi
A10: =RANDBETWEEN(2,164) | B10: {=INDEX(Data_DBD!$C:$C,$A10)} | C10: {=INDEX(Data_DBD!$E:$E,$A10)} | D10: {=INDEX(Data_DBD!$F:$F,$A10)} | H10: 26 | I10: 4 | J10: 1 | K10: Sedang
A11: =RANDBETWEEN(2,164) | B11: {=INDEX(Data_DBD!$C:$C,$A11)} | C11: {=INDEX(Data_DBD!$E:$E,$A11)} | D11: {=INDEX(Data_DBD!$F:$F,$A11)} | H11: 63 | I11: 3 | J11: 0 | K11: Sedang
A12: =RANDBETWEEN(2,164) | B12: {=INDEX(Data_DBD!$C:$C,$A12)} | C12: {=INDEX(Data_DBD!$E:$E,$A12)} | D12: {=INDEX(Data_DBD!$F:$F,$A12)} | H12: 107 | I12: 5 | J12: 0 | K12: Tinggi
A13: =RANDBETWEEN(2,164) | B13: {=INDEX(Data_DBD!$C:$C,$A13)} | C13: {=INDEX(Data_DBD!$E:$E,$A13)} | D13: {=INDEX(Data_DBD!$F:$F,$A13)} | H13: 50 | I13: 5 | J13: 0 | K13: Sedang
A14: =RANDBETWEEN(2,164) | B14: {=INDEX(Data_DBD!$C:$C,$A14)} | C14: {=INDEX(Data_DBD!$E:$E,$A14)} | D14: {=INDEX(Data_DBD!$F:$F,$A14)} | H14: 99 | I14: 2 | J14: 1 | K14: Tinggi
A15: =RANDBETWEEN(2,164) | B15: {=INDEX(Data_DBD!$C:$C,$A15)} | C15: {=INDEX(Data_DBD!$E:$E,$A15)} | D15: {=INDEX(Data_DBD!$F:$F,$A15)} | H15: 149 | I15: 5 | J15: 0 | K15: Tinggi
A16: =RANDBETWEEN(2,164) | B16: {=INDEX(Data_DBD!$C:$C,$A16)} | C16: {=INDEX(Data_DBD!$E:$E,$A16)} | D16: {=INDEX(Data_DBD!$F:$F,$A16)} | H16: 72 | I16: 5 | J16: 1 | K16: Sedang
A17: =RANDBETWEEN(2,164) | B17: {=INDEX(Data_DBD!$C:$C,$A17)} | C17: {=INDEX(Data_DBD!$E:$E,$A17)} | D17: {=INDEX(Data_DBD!$F:$F,$A17)} | H17: 109 | I17: 3 | J17: 1 | K17: Tinggi
... A164: =RANDBETWEEN(2,164) | B164: {=INDEX(Data_DBD!$C:$C,$A164)} | C164: {=INDEX(Data_DBD!$E:$E,$A164)} | D164: {=INDEX(Data_DBD!$F:$F,$A164)} | H164: 137 | I164: 1 | J164: 1 | K164: Tinggi
I165: =AVERAGE(I2:I164) | J165: =AVERAGE(J2:J164)
B167: 6
I168: LAMA RAWAT INAP | N168: JENIS KELAMIN
I169: Lama rawat inap | J169: =AVERAGEIF($I$2:$I$164,"<="&$I$165) | K169: =AVERAGEIF($I$2:$I$164,">"&$I$165) | N169: Jenis kelamin | O169: =AVERAGEIF($J$2:$J$164,"<="&$J$165) | P169: =AVERAGEIF($J$2:$J$164,">"&$J$165)
I170: {=IF($I$2:$I$164<$J$169,"kiri",IF($I$2:$I$164<$K$169,"tengah","kanan"))} | J170: Kanan > 4.68 | N170: {=IF($J$2:$J$164<$O$169,"kiri",IF($J$2:$J$164<$P$169,"tengah","kanan"))} | O170: Kanan > 1
I171: tengah | J171: =COUNTIFS($I$170:$I$332,"Kanan",$K$2:$K$164,"Tinggi") | K171: =J171/40 | N171: kanan | O171: =COUNTIFS($N$170:$N$332,"Kanan",$K$2:$K$164,"Tinggi") | P171: =O171/92
I172: kanan | J172: =COUNTIFS($I$170:$I$332,"Kanan",$K$2:$K$164,"Sedang") | K172: =J172/40 | N172: tengah | O172: =COUNTIFS($N$170:$N$332,"Kanan",$K$2:$K$164,"Sedang") | P172: =O172/92
I173: tengah | J173: =COUNTIFS($I$170:$I$332,"Kanan",$K$2:$K$164,"Rendah") | K173: =J173/40 | N173: kanan | O173: =COUNTIFS($N$170:$N$332,"Kanan",$K$2:$K$164,"Rendah") | P173: =O173/92
I174: tengah | J174: Entropy | K174: =-(IFERROR(K171*LOG(K171,2),0)+IFERROR(K172*LOG(K172,2),0)+IFERROR(K173*LOG(K173,2),0)) | N174: tengah | O174: Entropy | P174: =-(IFERROR(P171*LOG(P171,2),0)+IFERROR(P172*LOG(P172,2),0)+IFERROR(P173*LOG(P173,2),0))
I175: tengah | K175: =SUM(J171:J173)/163 | N175: kanan | P175: =SUM(O171:O173)/163
I176: kiri | K176: =K174*K175 | N176: kanan | P176: =P174*P175
I177: tengah | N177: kanan
I178: tengah | N178: kanan
I179: tengah | J179: Kiri<2.44 | N179: tengah | O179: Kiri<0
I180: kanan | J180: =COUNTIFS($I$170:$I$332,"Kiri",$K$2:$K$164,"Tinggi") | K180: =J180/36 | N180: tengah | O180: =COUNTIFS($N$170:$N$332,"Kiri",$K$2:$K$164,"Tinggi") | P180: =O180/57
I181: kanan | J181: =COUNTIFS($I$170:$I$332,"Kiri",$K$2:$K$164,"Sedang") | K181: =J181/36 | N181: tengah | O181: =COUNTIFS($N$170:$N$332,"Kiri",$K$2:$K$164,"Sedang") | P181: =O181/57
I182: kiri | J182: =COUNTIFS($I$170:$I$332,"Kiri",$K$2:$K$164,"Rendah") | K182: =J182/36 | N182: kanan | O182: =COUNTIFS($N$170:$N$332,"Kiri",$K$2:$K$164,"Rendah") | P182: =O182/57
I183: kanan | J183: Entropy | K183: =-(IFERROR(K180*LOG(K180,2),0)+IFERROR(K181*LOG(K181,2),0)+IFERROR(K182*LOG(K182,2),0)) | N183: tengah | O183: Entropy | P183: =-(IFERROR(P180*LOG(P180,2),0)+IFERROR(P181*LOG(P181,2),0)+IFERROR(P182*LOG(P182,2),0))
I184: kanan | K184: =SUM(J180:J182)/163 | N184: kanan | P184: =SUM(O180:O182)/163
I185: tengah | K185: =K183*K184 | N185: kanan | P185: =P183*P184
I186: tengah | N186: kanan
I187: tengah | N187: tengah
I188: kanan | J188: Tengah | N188: kanan | O188: Tengah
I189: kanan | J189: =COUNTIFS($I$170:$I$332,"Tengah",$K$2:$K$164,"Tinggi") | K189: =J189/87 | N189: kanan | O189: =COUNTIFS($N$170:$N$332,"Tengah",$K$2:$K$164,"Tinggi") | P189: =O189/71
I190: kiri | J190: =COUNTIFS($I$170:$I$332,"Tengah",$K$2:$K$164,"Sedang") | K190: =J190/87 | N190: tengah | O190: =COUNTIFS($N$170:$N$332,"Tengah",$K$2:$K$164,"Sedang") | P190: =O190/71
I191: tengah | J191: =COUNTIFS($I$170:$I$332,"Tengah",$K$2:$K$164,"Rendah") | K191: =J191/87 | N191: kanan | O191: =COUNTIFS($N$170:$N$332,"Tengah",$K$2:$K$164,"Rendah") | P191: =O191/71
I192: kiri | J192: Entropy | K192: =-(IFERROR(K189*LOG(K189,2),0)+IFERROR(K190*LOG(K190,2),0)+IFERROR(K191*LOG(K191,2),0)) | N192: kanan | O192: Entropy | P192: =-(IFERROR(P189*LOG(P189,2),0)+IFERROR(P190*LOG(P190,2),0)+IFERROR(P191*LOG(P191,2),0))
I193: tengah | K193: =SUM(J189:J191)/163 | N193: tengah | P193: =SUM(O189:O191)/163
I194: kiri | K194: =K192*K193 | N194: kanan | P194: =P192*P193
I195: tengah | N195: tengah
I196: tengah | J196: IG | N196: tengah | O196: IG
I197: tengah | J197: =P5-(K176+K185+K194) | N197: kanan | O197: =P5-(P176+P185+P194)
I198: tengah | N198: kanan
I199: tengah | N199: kanan
I200: tengah | N200: tengah
I201: kiri | N201: kanan
I202: kanan | N202: tengah
I203: kiri | N203: kanan
I204: kiri | N204: tengah
I205: tengah | N205: kanan
I206: tengah | N206: kanan
I207: tengah | N207: tengah
I208: kanan | N208: tengah
I209: kanan | N209: kanan
... I332: kiri | N332: kanan

Sheet Pohon 4
A1: No | B1: Jenis Kelamin | C1: Tingkat Resiko | H1: No | I1: Jenis Kelamin | J1: Tingkat Resiko | O1: Perhitungan root
A2: =RANDBETWEEN(2,164) | B2: {=INDEX(Data_DBD!$E:$E,$A2)} | C2: {=INDEX(Data_DBD!$F:$F,$A2)} | H2: 150 | I2: 1 | J2: Tinggi | O2: Tinggi | P2: =COUNTIF(J2:J164,"Tinggi") | Q2: =P2/163
A3: =RANDBETWEEN(2,164) | B3: {=INDEX(Data_DBD!$E:$E,$A3)} | C3: {=INDEX(Data_DBD!$F:$F,$A3)} | H3: 88 | I3: 1 | J3: Sedang | O3: Sedang | P3: =COUNTIF(J2:J164,"Sedang") | Q3: =P3/163
A4: =RANDBETWEEN(2,164) | B4: {=INDEX(Data_DBD!$E:$E,$A4)} | C4: {=INDEX(Data_DBD!$F:$F,$A4)} | H4: 120 | I4: 1 | J4: Tinggi | O4: Rendah | P4: =COUNTIF(J2:J164,"Rendah") | Q4: =P4/163
A5: =RANDBETWEEN(2,164) | B5: {=INDEX(Data_DBD!$E:$E,$A5)} | C5: {=INDEX(Data_DBD!$F:$F,$A5)} | H5: 62 | I5: 1 | J5: Sedang | O5: Entropy Root | P5: =-(IFERROR(Q2*LOG(Q2,2),0)+IFERROR(Q3*LOG(Q3,2),0)+IFERROR(Q4*LOG(Q4,2),0))
A6: =RANDBETWEEN(2,164) | B6: {=INDEX(Data_DBD!$E:$E,$A6)} | C6: {=INDEX(Data_DBD!$F:$F,$A6)} | H6: 153 | I6: 1 | J6: Tinggi
A7: =RANDBETWEEN(2,164) | B7: {=INDEX(Data_DBD!$E:$E,$A7)} | C7: {=INDEX(Data_DBD!$F:$F,$A7)} | H7: 6 | I7: 0 | J7: Sedang
A8: =RANDBETWEEN(2,164) | B8: {=INDEX(Data_DBD!$E:$E,$A8)} | C8: {=INDEX(Data_DBD!$F:$F,$A8)} | H8: 95 | I8: 1 | J8: Tinggi
A9: =RANDBETWEEN(2,164) | B9: {=INDEX(Data_DBD!$E:$E,$A9)} | C9: {=INDEX(Data_DBD!$F:$F,$A9)} | H9: 69 | I9: 1 | J9: Sedang
A10: =RANDBETWEEN(2,164) | B10: {=INDEX(Data_DBD!$E:$E,$A10)} | C10: {=INDEX(Data_DBD!$F:$F,$A10)} | H10: 138 | I10: 1 | J10: Tinggi
A11: =RANDBETWEEN(2,164) | B11: {=INDEX(Data_DBD!$E:$E,$A11)} | C11: {=INDEX(Data_DBD!$F:$F,$A11)} | H11: 81 | I11: 1 | J11: Sedang
A12: =RANDBETWEEN(2,164) | B12: {=INDEX(Data_DBD!$E:$E,$A12)} | C12: {=INDEX(Data_DBD!$F:$F,$A12)} | H12: 88 | I12: 1 | J12: Sedang
A13: =RANDBETWEEN(2,164) | B13: {=INDEX(Data_DBD!$E:$E,$A13)} | C13: {=INDEX(Data_DBD!$F:$F,$A13)} | H13: 56 | I13: 0 | J13: Sedang
A14: =RANDBETWEEN(2,164) | B14: {=INDEX(Data_DBD!$E:$E,$A14)} | C14: {=INDEX(Data_DBD!$F:$F,$A14)} | H14: 58 | I14: 0 | J14: Sedang
A15: =RANDBETWEEN(2,164) | B15: {=INDEX(Data_DBD!$E:$E,$A15)} | C15: {=INDEX(Data_DBD!$F:$F,$A15)} | H15: 138 | I15: 1 | J15: Tinggi
A16: =RANDBETWEEN(2,164) | B16: {=INDEX(Data_DBD!$E:$E,$A16)} | C16: {=INDEX(Data_DBD!$F:$F,$A16)} | H16: 25 | I16: 0 | J16: Sedang
A17: =RANDBETWEEN(2,164) | B17: {=INDEX(Data_DBD!$E:$E,$A17)} | C17: {=INDEX(Data_DBD!$F:$F,$A17)} | H17: 9 | I17: 1 | J17: Sedang
... A164: =RANDBETWEEN(2,164) | B164: {=INDEX(Data_DBD!$E:$E,$A164)} | C164: {=INDEX(Data_DBD!$F:$F,$A164)} | H164: 56 | I164: 0 | J164: Sedang
I165: =AVERAGE(I2:I164)
B166: 10
H168: JENIS KELAMIN
H169: Jenis kelamin | I169: =AVERAGEIF($I$2:$I$164,"<="&$I$165) | J169: =AVERAGEIF($I$2:$I$164,">"&$I$165)
H170: {=IF($I$2:$I$164<$I$169,"kiri",IF($I$2:$I$164<$J$169,"tengah","kanan"))} | I170: Kanan > 1
H171: kanan | I171: =COUNTIFS($H$170:$H$332,"Kanan",$J$2:$J$164,"Tinggi") | J171: =I171/80
H172: kanan | I172: =COUNTIFS($H$170:$H$332,"Kanan",$J$2:$J$164,"Sedang") | J172: =I172/80
H173: kanan | I173: =COUNTIFS($H$170:$H$332,"Kanan",$J$2:$J$164,"Rendah") | J173: =I173/80
H174: kanan | I174: Entropy | J174: =-(IFERROR(J171*LOG(J171,2),0)+IFERROR(J172*LOG(J172,2),0)+IFERROR(J173*LOG(J173,2),0))
H175: tengah | J175: =SUM(I171:I173)/163
H176: kanan | J176: =J174*J175
H177: kanan
H178: kanan
H179: kanan | I179: Kiri<0
H180: kanan | I180: =COUNTIFS($H$170:$H$332,"Kiri",$J$2:$J$164,"Tinggi") | J180: =I180/57
H181: tengah | I181: =COUNTIFS($H$170:$H$332,"Kiri",$J$2:$J$164,"Sedang") | J181: =I181/57
H182: tengah | I182: =COUNTIFS($H$170:$H$332,"Kiri",$J$2:$J$164,"Rendah") | J182: =I182/57
H183: kanan | I183: Entropy | J183: =-(IFERROR(J180*LOG(J180,2),0)+IFERROR(J181*LOG(J181,2),0)+IFERROR(J182*LOG(J182,2),0))
H184: tengah | J184: =SUM(I180:I182)/163
H185: kanan | J185: =J183*J184
H186: tengah
H187: kanan
H188: tengah | I188: Tengah
H189: tengah | I189: =COUNTIFS($H$170:$H$332,"Tengah",$J$2:$J$164,"Tinggi") | J189: =I189/86
H190: tengah | I190: =COUNTIFS($H$170:$H$332,"Tengah",$J$2:$J$164,"Sedang") | J190: =I190/86
H191: tengah | I191: =COUNTIFS($H$170:$H$332,"Tengah",$J$2:$J$164,"Rendah") | J191: =I191/86
H192: kanan | I192: Entropy | J192: =-(IFERROR(J189*LOG(J189,2),0)+IFERROR(J190*LOG(J190,2),0)+IFERROR(J191*LOG(J191,2),0))
H193: tengah | J193: =SUM(I189:I191)/163
H194: tengah | J194: =J192*J193
H195: tengah
H196: kanan | I196: IG
H197: kanan | I197: =P5-(J176+J185+J194)
H198: kanan
H199: kanan
H200: kanan
H201: kanan
H202: tengah
H203: tengah
H204: kanan
H205: kanan
H206: tengah
H207: tengah
H208: tengah
H209: kanan
... H332: tengah

Sheet Pohon 5
A1: No | B1: Usia | C1: Lama Rawat Inap | D1: Jumlah Kasus Per Bulan | E1: Jenis Kelamin | F1: Tingkat Resiko | H1: No | I1: Usia | J1: Lama Rawat Inap | K1: Jumlah Kasus Per Bulan | L1: Jenis Kelamin | M1: Tingkat Resiko | O1: Perhitungan root
A2: =RANDBETWEEN(2,164) | B2: {=INDEX(Data_DBD!$B:$B,$A2)} | C2: {=INDEX(Data_DBD!$C:$C,$A2)} | D2: {=INDEX(Data_DBD!$D:$D,$A2)} | E2: {=INDEX(Data_DBD!$E:$E,$A2)} | F2: {=INDEX(Data_DBD!$F:$F,$A2)} | H2: 14 | I2: 49 | J2: 4 | K2: 7 | L2: 1 | M2: Rendah | O2: Tinggi | P2: =COUNTIF(M2:M164,"Tinggi") | Q2: =P2/163
A3: =RANDBETWEEN(2,164) | B3: {=INDEX(Data_DBD!$B:$B,$A3)} | C3: {=INDEX(Data_DBD!$C:$C,$A3)} | D3: {=INDEX(Data_DBD!$D:$D,$A3)} | E3: {=INDEX(Data_DBD!$E:$E,$A3)} | F3: {=INDEX(Data_DBD!$F:$F,$A3)} | H3: 127 | I3: 21 | J3: 2 | K3: 33 | L3: 0 | M3: Tinggi | O3: Sedang | P3: =COUNTIF(M2:M164,"Sedang") | Q3: =P3/163
A4: =RANDBETWEEN(2,164) | B4: {=INDEX(Data_DBD!$B:$B,$A4)} | C4: {=INDEX(Data_DBD!$C:$C,$A4)} | D4: {=INDEX(Data_DBD!$D:$D,$A4)} | E4: {=INDEX(Data_DBD!$E:$E,$A4)} | F4: {=INDEX(Data_DBD!$F:$F,$A4)} | H4: 62 | I4: 43 | J4: 4 | K4: 15 | L4: 1 | M4: Sedang | O4: Rendah | P4: =COUNTIF(M2:M164,"Rendah") | Q4: =P4/163
A5: =RANDBETWEEN(2,164) | B5: {=INDEX(Data_DBD!$B:$B,$A5)} | C5: {=INDEX(Data_DBD!$C:$C,$A5)} | D5: {=INDEX(Data_DBD!$D:$D,$A5)} | E5: {=INDEX(Data_DBD!$E:$E,$A5)} | F5: {=INDEX(Data_DBD!$F:$F,$A5)} | H5: 137 | I5: 3 | J5: 1 | K5: 33 | L5: 1 | M5: Tinggi | O5: Entropy Root | P5: =-(IFERROR(Q2*LOG(Q2,2),0)+IFERROR(Q3*LOG(Q3,2),0)+IFERROR(Q4*LOG(Q4,2),0))
A6: =RANDBETWEEN(2,164) | B6: {=INDEX(Data_DBD!$B:$B,$A6)} | C6: {=INDEX(Data_DBD!$C:$C,$A6)} | D6: {=INDEX(Data_DBD!$D:$D,$A6)} | E6: {=INDEX(Data_DBD!$E:$E,$A6)} | F6: {=INDEX(Data_DBD!$F:$F,$A6)} | H6: 25 | I6: 81 | J6: 5 | K6: 14 | L6: 0 | M6: Sedang
A7: =RANDBETWEEN(2,164) | B7: {=INDEX(Data_DBD!$B:$B,$A7)} | C7: {=INDEX(Data_DBD!$C:$C,$A7)} | D7: {=INDEX(Data_DBD!$D:$D,$A7)} | E7: {=INDEX(Data_DBD!$E:$E,$A7)} | F7: {=INDEX(Data_DBD!$F:$F,$A7)} | H7: 151 | I7: 24 | J7: 3 | K7: 21 | L7: 0 | M7: Tinggi
A8: =RANDBETWEEN(2,164) | B8: {=INDEX(Data_DBD!$B:$B,$A8)} | C8: {=INDEX(Data_DBD!$C:$C,$A8)} | D8: {=INDEX(Data_DBD!$D:$D,$A8)} | E8: {=INDEX(Data_DBD!$E:$E,$A8)} | F8: {=INDEX(Data_DBD!$F:$F,$A8)} | H8: 138 | I8: 13 | J8: 3 | K8: 33 | L8: 1 | M8: Tinggi
A9: =RANDBETWEEN(2,164) | B9: {=INDEX(Data_DBD!$B:$B,$A9)} | C9: {=INDEX(Data_DBD!$C:$C,$A9)} | D9: {=INDEX(Data_DBD!$D:$D,$A9)} | E9: {=INDEX(Data_DBD!$E:$E,$A9)} | F9: {=INDEX(Data_DBD!$F:$F,$A9)} | H9: 69 | I9: 24 | J9: 4 | K9: 10 | L9: 1 | M9: Sedang
A10: =RANDBETWEEN(2,164) | B10: {=INDEX(Data_DBD!$B:$B,$A10)} | C10: {=INDEX(Data_DBD!$C:$C,$A10)} | D10: {=INDEX(Data_DBD!$D:$D,$A10)} | E10: {=INDEX(Data_DBD!$E:$E,$A10)} | F10: {=INDEX(Data_DBD!$F:$F,$A10)} | H10: 23 | I10: 28 | J10: 4 | K10: 14 | L10: 1 | M10: Sedang
A11: =RANDBETWEEN(2,164) | B11: {=INDEX(Data_DBD!$B:$B,$A11)} | C11: {=INDEX(Data_DBD!$C:$C,$A11)} | D11: {=INDEX(Data_DBD!$D:$D,$A11)} | E11: {=INDEX(Data_DBD!$E:$E,$A11)} | F11: {=INDEX(Data_DBD!$F:$F,$A11)} | H11: 87 | I11: 21 | J11: 3 | K11: 13 | L11: 0 | M11: Sedang
A12: =RANDBETWEEN(2,164) | B12: {=INDEX(Data_DBD!$B:$B,$A12)} | C12: {=INDEX(Data_DBD!$C:$C,$A12)} | D12: {=INDEX(Data_DBD!$D:$D,$A12)} | E12: {=INDEX(Data_DBD!$E:$E,$A12)} | F12: {=INDEX(Data_DBD!$F:$F,$A12)} | H12: 34 | I12: 55 | J12: 3 | K12: 14 | L12: 0 | M12: Sedang
A13: =RANDBETWEEN(2,164) | B13: {=INDEX(Data_DBD!$B:$B,$A13)} | C13: {=INDEX(Data_DBD!$C:$C,$A13)} | D13: {=INDEX(Data_DBD!$D:$D,$A13)} | E13: {=INDEX(Data_DBD!$E:$E,$A13)} | F13: {=INDEX(Data_DBD!$F:$F,$A13)} | H13: 29 | I13: 19 | J13: 2 | K13: 14 | L13: 1 | M13: Sedang
A14: =RANDBETWEEN(2,164) | B14: {=INDEX(Data_DBD!$B:$B,$A14)} | C14: {=INDEX(Data_DBD!$C:$C,$A14)} | D14: {=INDEX(Data_DBD!$D:$D,$A14)} | E14: {=INDEX(Data_DBD!$E:$E,$A14)} | F14: {=INDEX(Data_DBD!$F:$F,$A14)} | H14: 154 | I14: 18 | J14: 5 | K14: 21 | L14: 1 | M14: Tinggi
A15: =RANDBETWEEN(2,164) | B15: {=INDEX(Data_DBD!$B:$B,$A15)} | C15: {=INDEX(Data_DBD!$C:$C,$A15)} | D15: {=INDEX(Data_DBD!$D:$D,$A15)} | E15: {=INDEX(Data_DBD!$E:$E,$A15)} | F15: {=INDEX(Data_DBD!$F:$F,$A15)} | H15: 136 | I15: 6 | J15: 2 | K15: 33 | L15: 0 | M15: Tinggi
A16: =RANDBETWEEN(2,164) | B16: {=INDEX(Data_DBD!$B:$B,$A16)} | C16: {=INDEX(Data_DBD!$C:$C,$A16)} | D16: {=INDEX(Data_DBD!$D:$D,$A16)} | E16: {=INDEX(Data_DBD!$E:$E,$A16)} | F16: {=INDEX(Data_DBD!$F:$F,$A16)} | H16: 111 | I16: 25 | J16: 4 | K16: 33 | L16: 0 | M16: Tinggi
A17: =RANDBETWEEN(2,164) | B17: {=INDEX(Data_DBD!$B:$B,$A17)} | C17: {=INDEX(Data_DBD!$C:$C,$A17)} | D17: {=INDEX(Data_DBD!$D:$D,$A17)} | E17: {=INDEX(Data_DBD!$E:$E,$A17)} | F17: {=INDEX(Data_DBD!$F:$F,$A17)} | H17: 163 | I17: 34 | J17: 4 | K17: 3 | L17: 1 | M17: Rendah
... A164: =RANDBETWEEN(2,164) | B164: {=INDEX(Data_DBD!$B:$B,$A164)} | C164: {=INDEX(Data_DBD!$C:$C,$A164)} | D164: {=INDEX(Data_DBD!$D:$D,$A164)} | E164: {=INDEX(Data_DBD!$E:$E,$A164)} | F164: {=INDEX(Data_DBD!$F:$F,$A164)} | H164: 57 | I164: 2 | J164: 2 | K164: 15 | L164: 1 | M164: Sedang
I165: =AVERAGE(I2:I164) | J165: =AVERAGE(J2:J164) | K165: =AVERAGE(K2:K164) | L165: =AVERAGE(L2:L164)
B167: 18
E168: USIA | J168: LAMA RAWAT INAP | O168: JUMLAH KASUS PER BULAN | T168: JENIS KELAMIN
E169: Usia | F169: =AVERAGEIF($I$2:$I$164,"<="&$I$165) | G169: =AVERAGEIF($I$2:$I$164,">"&$I$165) | J169: Lama rawat inap | K169: =AVERAGEIF($J$2:$J$164,"<="&$J$165) | L169: =AVERAGEIF($J$2:$J$164,">"&$J$165) | O169: Jumlah kasus perbulan | P169: =AVERAGEIF($K$2:$K$164,"<="&$K$165) | Q169: =AVERAGEIF($K$2:$K$164,">"&$K$165) | T169: Jenis kelamin | U169: =AVERAGEIF($L$2:$L$164,"<="&$L$165) | V169: =AVERAGEIF($L$2:$L$164,">"&$L$165)
E170: {=IF($I$2:$I$164<$F$169,"kiri",IF($I$2:$I$164<$G$169,"tengah","kanan"))} | F170: Kanan > 54.7 | J170: {=IF($J$2:$J$164<$K$169,"kiri",IF($J$2:$J$164<$L$169,"tengah","kanan"))} | K170: Kanan > 4.72 | O170: {=IF($K$2:$K$164<$P$169,"kiri",IF($K$2:$K$164<$Q$169,"tengah","kanan"))} | P170: Kanan > 29.21 | T170: {=IF($L$2:$L$164<$U$169,"kiri",IF($L$2:$L$164<$V$169,"tengah","kanan"))} | U170: Kanan > 1
E171: tengah | F171: =COUNTIFS($E$170:$E$332,"Kanan",$M$2:$M$164,"Tinggi") | G171: =F171/34 | J171: kiri | K171: =COUNTIFS($J$170:$J$332,"Kanan",$M$2:$M$164,"Tinggi") | L171: =K171/33 | O171: kanan | P171: =COUNTIFS($O$170:$O$332,"Kanan",$M$2:$M$164,"Tinggi") | Q171: =P171/39 | T171: tengah | U171: =COUNTIFS($T$170:$T$332,"Kanan",$M$2:$M$164,"Tinggi") | V171: =U171/95
E172: tengah | F172: =COUNTIFS($E$170:$E$332,"Kanan",$M$2:$M$164,"Sedang") | G172: =F172/34 | J172: tengah | K172: =COUNTIFS($J$170:$J$332,"Kanan",$M$2:$M$164,"Sedang") | L172: =K172/33 | O172: tengah | P172: =COUNTIFS($O$170:$O$332,"Kanan",$M$2:$M$164,"Sedang") | Q172: =P172/39 | T172: kanan | U172: =COUNTIFS($T$170:$T$332,"Kanan",$M$2:$M$164,"Sedang") | V172: =U172/95
E173: kiri | F173: =COUNTIFS($E$170:$E$332,"Kanan",$M$2:$M$164,"Rendah") | G173: =F173/34 | J173: kiri | K173: =COUNTIFS($J$170:$J$332,"Kanan",$M$2:$M$164,"Rendah") | L173: =K173/33 | O173: kanan | P173: =COUNTIFS($O$170:$O$332,"Kanan",$M$2:$M$164,"Rendah") | Q173: =P173/29 | T173: kanan | U173: =COUNTIFS($T$170:$T$332,"Kanan",$M$2:$M$164,"Rendah") | V173: =U173/95
E174: kanan | F174: Entropy | G174: =-(IFERROR(G171*LOG(G171,2),0)+IFERROR(G172*LOG(G172,2),0)+IFERROR(G173*LOG(G173,2),0)) | J174: kanan | K174: Entropy | L174: =-(IFERROR(L171*LOG(L171,2),0)+IFERROR(L172*LOG(L172,2),0)+IFERROR(L173*LOG(L173,2),0)) | O174: tengah | P174: Entropy | Q174: =-(IFERROR(Q171*LOG(Q171,2),0)+IFERROR(Q172*LOG(Q172,2),0)+IFERROR(Q173*LOG(Q173,2),0)) | T174: tengah | U174: Entropy | V174: =-(IFERROR(V171*LOG(V171,2),0)+IFERROR(V172*LOG(V172,2),0)+IFERROR(V173*LOG(V173,2),0))
E175: tengah | G175: =SUM(F171:F173)/163 | J175: tengah | L175: =SUM(K171:K173)/163 | O175: tengah | Q175: =SUM(P171:P173)/163 | T175: tengah | V175: =SUM(U171:U173)/163
E176: kiri | G176: =G174*G175 | J176: tengah | L176: =L174*L175 | O176: kanan | Q176: =Q174*Q175 | T176: kanan | V176: =V174*V175
E177: tengah | J177: tengah | O177: kiri | T177: kanan
E178: tengah | J178: tengah | O178: tengah | T178: kanan
E179: tengah | F179: Kiri<17.15 | J179: tengah | K179: Kiri<2.48 | O179: tengah | P179: Kiri<12.60 | T179: tengah | U179: Kiri<0
E180: kanan | F180: =COUNTIFS($E$170:$E$332,"Kiri",$M$2:$M$164,"Tinggi") | G180: =F180/44 | J180: tengah | K180: =COUNTIFS($J$170:$J$332,"Kiri",$M$2:$M$164,"Tinggi") | L180: =K180/31 | O180: tengah | P180: =COUNTIFS($O$170:$O$332,"Kiri",$M$2:$M$164,"Tinggi") | Q180: =P180/57 | T180: tengah | U180: =COUNTIFS($T$170:$T$332,"Kiri",$M$2:$M$164,"Tinggi") | V180: =U180/95
E181: tengah | F181: =COUNTIFS($E$170:$E$332,"Kiri",$M$2:$M$164,"Sedang") | G181: =F181/44 | J181: kiri | K181: =COUNTIFS($J$170:$J$332,"Kiri",$M$2:$M$164,"Sedang") | L181: =K181/31 | O181: tengah | P181: =COUNTIFS($O$170:$O$332,"Kiri",$M$2:$M$164,"Sedang") | Q181: =P181/31 | T181: kanan | U181: =COUNTIFS($T$170:$T$332,"Kiri",$M$2:$M$164,"Sedang") | V181: =U181/95
E182: tengah | F182: =COUNTIFS($E$170:$E$332,"Kiri",$M$2:$M$164,"Rendah") | G182: =F182/44 | J182: kanan | K182: =COUNTIFS($J$170:$J$332,"Kiri",$M$2:$M$164,"Rendah") | L182: =K182/31 | O182: tengah | P182: =COUNTIFS($O$170:$O$332,"Kiri",$M$2:$M$164,"Rendah") | Q182: =P182/31 | T182: kanan | U182: =COUNTIFS($T$170:$T$332,"Kiri",$M$2:$M$164,"Rendah") | V182: =U182/95
E183: kiri | F183: Entropy | G183: =-(IFERROR(G180*LOG(G180,2),0)+IFERROR(G181*LOG(G181,2),0)+IFERROR(G182*LOG(G182,2),0)) | J183: kiri | K183: Entropy | L183: =-(IFERROR(L180*LOG(L180,2),0)+IFERROR(L181*LOG(L181,2),0)+IFERROR(L182*LOG(L182,2),0)) | O183: kanan | P183: Entropy | Q183: =-(IFERROR(Q180*LOG(Q180,2),0)+IFERROR(Q181*LOG(Q181,2),0)+IFERROR(Q182*LOG(Q182,2),0)) | T183: tengah | U183: Entropy | V183: =-(IFERROR(V180*LOG(V180,2),0)+IFERROR(V181*LOG(V181,2),0)+IFERROR(V182*LOG(V182,2),0))
E184: tengah | G184: =SUM(F180:F182)/163 | J184: tengah | L184: =SUM(K180:K182)/163 | O184: kanan | Q184: =SUM(P180:P182)/163 | T184: tengah | V184: =SUM(U180:U182)/163
E185: tengah | G185: =G183*G184 | J185: tengah | L185: =L183*L184 | O185: kiri | Q185: =Q183*Q184 | T185: kanan | V185: =V183*V184
E186: kiri | J186: tengah | O186: kiri | T186: tengah
E187: kiri | J187: tengah | O187: kanan | T187: kanan
E188: tengah | F188: Tengah | J188: tengah | K188: Tengah | O188: tengah | P188: Tengah | T188: kanan | U188: Tengah
E189: tengah | F189: =COUNTIFS($E$170:$E$332,"Tengah",$M$2:$M$164,"Tinggi") | G189: =F189/85 | J189: kiri | K189: =COUNTIFS($J$170:$J$332,"Tengah",$M$2:$M$164,"Tinggi") | L189: =K189/99 | O189: kiri | P189: =COUNTIFS($O$170:$O$332,"Tengah",$M$2:$M$164,"Tinggi") | Q189: =P189/93 | T189: tengah | U189: =COUNTIFS($T$170:$T$332,"Tengah",$M$2:$M$164,"Tinggi") | V189: =U189/68
E190: tengah | F190: =COUNTIFS($E$170:$E$332,"Tengah",$M$2:$M$164,"Sedang") | G190: =F190/85 | J190: kanan | K190: =COUNTIFS($J$170:$J$332,"Tengah",$M$2:$M$164,"Sedang") | L190: =K190/99 | O190: tengah | P190: =COUNTIFS($O$170:$O$332,"Tengah",$M$2:$M$164,"Sedang") | Q190: =P190/93 | T190: tengah | U190: =COUNTIFS($T$170:$T$332,"Tengah",$M$2:$M$164,"Sedang") | V190: =U190/68
E191: tengah | F191: =COUNTIFS($E$170:$E$332,"Tengah",$M$2:$M$164,"Rendah") | G191: =F191/85 | J191: kiri | K191: =COUNTIFS($J$170:$J$332,"Tengah",$M$2:$M$164,"Rendah") | L191: =K191/99 | O191: kiri | P191: =COUNTIFS($O$170:$O$332,"Tengah",$M$2:$M$164,"Rendah") | Q191: =P191/93 | T191: tengah | U191: =COUNTIFS($T$170:$T$332,"Tengah",$M$2:$M$164,"Rendah") | V191: =U191/68
E192: kiri | F192: Entropy | G192: =-(IFERROR(G189*LOG(G189,2),0)+IFERROR(G190*LOG(G190,2),0)+IFERROR(G191*LOG(G191,2),0)) | J192: kiri | K192: Entropy | L192: =-(IFERROR(L189*LOG(L189,2),0)+IFERROR(L190*LOG(L190,2),0)+IFERROR(L191*LOG(L191,2),0)) | O192: tengah | P192: Entropy | Q192: =-(IFERROR(Q189*LOG(Q189,2),0)+IFERROR(Q190*LOG(Q190,2),0)+IFERROR(Q191*LOG(Q191,2),0)) | T192: kanan | U192: Entropy | V192: =-(IFERROR(V189*LOG(V189,2),0)+IFERROR(V190*LOG(V190,2),0)+IFERROR(V191*LOG(V191,2),0))
E193: kiri | G193: =SUM(F189:F191)/163 | J193: tengah | L193: =SUM(K189:K191)/163 | O193: tengah | Q193: =SUM(P189:P191)/163 | T193: tengah | V193: =SUM(U189:U191)/163
E194: tengah | G194: =G192*G193 | J194: tengah | L194: =L192*L193 | O194: tengah | Q194: =Q192*Q193 | T194: tengah | V194: =V192*V193
E195: tengah | J195: tengah | O195: kiri | T195: kanan
E196: tengah | F196: IG | J196: kanan | K196: IG | O196: tengah | P196: IG | T196: tengah | U196: IG
E197: tengah | F197: =P5-(G176+G185+G194) | J197: tengah | K197: =P5-(L176+L185+L194) | O197: tengah | P197: =P5-(Q176+Q185+Q194) | T197: kanan | U197: =P5-(V176+V185+V194)
E198: tengah | J198: tengah | O198: tengah | T198: tengah
E199: tengah | J199: tengah | O199: tengah | T199: tengah
E200: kanan | J200: kiri | O200: kanan | T200: kanan
E201: tengah | J201: tengah | O201: tengah | T201: kanan
E202: kiri | J202: tengah | O202: tengah | T202: kanan
E203: kiri | J203: kiri | O203: kanan | T203: tengah
E204: tengah | J204: kiri | O204: tengah | T204: kanan
E205: kanan | J205: kiri | O205: tengah | T205: tengah
E206: kanan | J206: kiri | O206: tengah | T206: tengah
E207: kiri | J207: kanan | O207: tengah | T207: kanan
E208: tengah | J208: kiri | O208: kanan | T208: tengah
E209: kiri | J209: kiri | O209: tengah | T209: tengah
... E332: kiri | J332: kiri | O332: tengah | T332: kanan

Sheet Pohon 6
A1: No | B1: Usia | C1: Lama Rawat Inap | D1: Jenis Kelamin | E1: Tingkat Resiko | H1: No | I1: Usia | J1: Lama Rawat Inap | K1: Jenis Kelamin | L1: Tingkat Resiko | O1: Perhitungan root
A2: =RANDBETWEEN(2,164) | H2: 42 | I2: 21 | J2: 5 | K2: 1 | L2: Sedang | O2: Tinggi | P2: =COUNTIF(L2:L164,"Tinggi") | Q2: =P2/163
A3: =RANDBETWEEN(2,164) | H3: 30 | I3: 3 | J3: 2 | K3: 1 | L3: Sedang | O3: Sedang | P3: =COUNTIF(L2:L164,"Sedang") | Q3: =P3/163
A4: =RANDBETWEEN(2,164) | H4: 139 | I4: 52 | J4: 7 | K4: 0 | L4: Tinggi | O4: Rendah | P4: =COUNTIF(L2:L164,"Rendah") | Q4: =P4/163
A5: =RANDBETWEEN(2,164) | H5: 60 | I5: 68 | J5: 4 | K5: 0 | L5: Sedang | O5: Entropy Root | P5: =-(IFERROR(Q2*LOG(Q2,2),0)+IFERROR(Q3*LOG(Q3,2),0)+IFERROR(Q4*LOG(Q4,2),0))
A6: =RANDBETWEEN(2,164) | H6: 76 | I6: 70 | J6: 2 | K6: 0 | L6: Sedang
A7: =RANDBETWEEN(2,164) | H7: 157 | I7: 15 | J7: 4 | K7: 1 | L7: Tinggi
A8: =RANDBETWEEN(2,164) | H8: 48 | I8: 50 | J8: 5 | K8: 1 | L8: Sedang
A9: =RANDBETWEEN(2,164) | H9: 60 | I9: 68 | J9: 4 | K9: 0 | L9: Sedang
A10: =RANDBETWEEN(2,164) | H10: 8 | I10: 4 | J10: 2 | K10: 0 | L10: Sedang
A11: =RANDBETWEEN(2,164) | H11: 149 | I11: 19 | J11: 5 | K11: 0 | L11: Tinggi
A12: =RANDBETWEEN(2,164) | H12: 141 | I12: 36 | J12: 2 | K12: 0 | L12: Tinggi
A13: =RANDBETWEEN(2,164) | H13: 6 | I13: 14 | J13: 4 | K13: 0 | L13: Sedang
A14: =RANDBETWEEN(2,164) | H14: 39 | I14: 12 | J14: 5 | K14: 1 | L14: Sedang
A15: =RANDBETWEEN(2,164) | H15: 54 | I15: 7 | J15: 3 | K15: 0 | L15: Sedang
A16: =RANDBETWEEN(2,164) | H16: 8 | I16: 4 | J16: 2 | K16: 0 | L16: Sedang
A17: =RANDBETWEEN(2,164) | H17: 44 | I17: 28 | J17: 5 | K17: 1 | L17: Sedang
... A164: =RANDBETWEEN(2,164) | H164: 139 | I164: 52 | J164: 7 | K164: 0 | L164: Tinggi
I165: =AVERAGE(I2:I164) | J165: =AVERAGE(J2:J164) | K165: =AVERAGE(K2:K164)
B166: 60
E168: USIA | J168: LAMA RAWAT INAP | T168: JENIS KELAMIN
E169: Usia | F169: =AVERAGEIF($I$2:$I$164,"<="&$I$165) | G169: =AVERAGEIF($I$2:$I$164,">"&$I$165) | J169: Lama rawat inap | K169: =AVERAGEIF($J$2:$J$164,"<="&$J$165) | L169: =AVERAGEIF($J$2:$J$164,">"&$J$165) | T169: Jenis kelamin | U169: =AVERAGEIF($K$2:$K$164,"<="&$K$165) | V169: =AVERAGEIF($K$2:$K$164,">"&$K$165)
E170: {=IF($I$2:$I$164<$F$169,"kiri",IF($I$2:$I$164<$G$169,"tengah","kanan"))} | F170: Kanan > 55.47 | J170: {=IF($J$2:$J$164<$K$169,"kiri",IF($J$2:$J$164<$L$169,"tengah","kanan"))} | K170: Kanan > 4.67 | T170: {=IF($K$2:$K$164<$U$169,"kiri",IF($K$2:$K$164<$V$169,"tengah","kanan"))} | U170: Kanan > 1
E171: kiri | F171: =COUNTIFS($E$170:$E$332,"Kanan",$L$2:$L$164,"Tinggi") | G171: =F171/31 | J171: kiri | K171: =COUNTIFS($J$170:$J$332,"Kanan",$L$2:$L$164,"Tinggi") | L171: =K171/41 | T171: kanan | U171: =COUNTIFS($T$170:$T$332,"Kanan",$L$2:$L$164,"Tinggi") | V171: =U171/87
E172: tengah | F172: =COUNTIFS($E$170:$E$332,"Kanan",$L$2:$L$164,"Sedang") | G172: =F172/31 | J172: kanan | K172: =COUNTIFS($J$170:$J$332,"Kanan",$L$2:$L$164,"Sedang") | L172: =K172/41 | T172: tengah | U172: =COUNTIFS($T$170:$T$332,"Kanan",$L$2:$L$164,"Sedang") | V172: =U172/87
E173: kanan | F173: =COUNTIFS($E$170:$E$332,"Kanan",$L$2:$L$164,"Rendah") | G173: =F173/31 | J173: tengah | K173: =COUNTIFS($J$170:$J$332,"Kanan",$L$2:$L$164,"Rendah") | L173: =K173/41 | T173: tengah | U173: =COUNTIFS($T$170:$T$332,"Kanan",$L$2:$L$164,"Rendah") | V173: =U173/87
E174: kanan | F174: Entropy | G174: =-(IFERROR(G171*LOG(G171,2),0)+IFERROR(G172*LOG(G172,2),0)+IFERROR(G173*LOG(G173,2),0)) | J174: kiri | K174: Entropy | L174: =-(IFERROR(L171*LOG(L171,2),0)+IFERROR(L172*LOG(L172,2),0)+IFERROR(L173*LOG(L173,2),0)) | T174: tengah | U174: Entropy | V174: =-(IFERROR(V171*LOG(V171,2),0)+IFERROR(V172*LOG(V172,2),0)+IFERROR(V173*LOG(V173,2),0))
E175: kiri | G175: =SUM(F171:F173)/163 | J175: tengah | L175: =SUM(K171:K173)/163 | T175: kanan | V175: =SUM(U171:U173)/163
E176: tengah | G176: =G174*G175 | J176: kanan | L176: =L174*L175 | T176: kanan | V176: =V174*V175
E177: kanan | J177: tengah | T177: tengah
E178: kiri | J178: kiri | T178: tengah
E179: tengah | F179: Kiri<16.08 | J179: kanan | K179: Kiri<2.5 | T179: tengah | U179: Kiri<0
E180: tengah | F180: =COUNTIFS($E$170:$E$332,"Kiri",$L$2:$L$164,"Tinggi") | G180: =F180/50 | J180: kiri | K180: =COUNTIFS($J$170:$J$332,"Kiri",$L$2:$L$164,"Tinggi") | L180: =K180/28 | T180: tengah | U180: =COUNTIFS($T$170:$T$332,"Kiri",$L$2:$L$164,"Tinggi") | V180: =U180/87
E181: kiri | F181: =COUNTIFS($E$170:$E$332,"Kiri",$L$2:$L$164,"Sedang") | G181: =F181/50 | J181: tengah | K181: =COUNTIFS($J$170:$J$332,"Kiri",$L$2:$L$164,"Sedang") | L181: =K181/28 | T181: tengah | U181: =COUNTIFS($T$170:$T$332,"Kiri",$L$2:$L$164,"Sedang") | V181: =U181/87
E182: kiri | F182: =COUNTIFS($E$170:$E$332,"Kiri",$L$2:$L$164,"Rendah") | G182: =F182/50 | J182: kanan | K182: =COUNTIFS($J$170:$J$332,"Kiri",$L$2:$L$164,"Rendah") | L182: =K182/28 | T182: kanan | U182: =COUNTIFS($T$170:$T$332,"Kiri",$L$2:$L$164,"Rendah") | V182: =U182/87
E183: kiri | F183: Entropy | G183: =-(IFERROR(G180*LOG(G180,2),0)+IFERROR(G181*LOG(G181,2),0)+IFERROR(G182*LOG(G182,2),0)) | J183: tengah | K183: Entropy | L183: =-(IFERROR(L180*LOG(L180,2),0)+IFERROR(L181*LOG(L181,2),0)+IFERROR(L182*LOG(L182,2),0)) | T183: tengah | U183: Entropy | V183: =-(IFERROR(V180*LOG(V180,2),0)+IFERROR(V181*LOG(V181,2),0)+IFERROR(V182*LOG(V182,2),0))
E184: kiri | G184: =SUM(F180:F182)/163 | J184: kiri | L184: =SUM(K180:K182)/163 | T184: tengah | V184: =SUM(U180:U182)/163
E185: tengah | G185: =G183*G184 | J185: kanan | L185: =L183*L184 | T185: kanan | V185: =V183*V184
E186: kanan | J186: tengah | T186: kanan
E187: kanan | J187: tengah | T187: tengah
E188: kiri | F188: Tengah | J188: tengah | K188: Tengah | T188: tengah | U188: Tengah
E189: tengah | F189: =COUNTIFS($E$170:$E$332,"Tengah",$L$2:$L$164,"Tinggi") | G189: =F189/82 | J189: tengah | K189: =COUNTIFS($J$170:$J$332,"Tengah",$L$2:$L$164,"Tinggi") | L189: =K189/109 | T189: kanan | U189: =COUNTIFS($T$170:$T$332,"Tengah",$L$2:$L$164,"Tinggi") | V189: =U189/76
E190: tengah | F190: =COUNTIFS($E$170:$E$332,"Tengah",$L$2:$L$164,"Sedang") | G190: =F190/82 | J190: tengah | K190: =COUNTIFS($J$170:$J$332,"Tengah",$L$2:$L$164,"Sedang") | L190: =K190/109 | T190: tengah | U190: =COUNTIFS($T$170:$T$332,"Tengah",$L$2:$L$164,"Sedang") | V190: =U190/76
E191: kiri | F191: =COUNTIFS($E$170:$E$332,"Tengah",$L$2:$L$164,"Rendah") | G191: =F191/82 | J191: kanan | K191: =COUNTIFS($J$170:$J$332,"Tengah",$L$2:$L$164,"Rendah") | L191: =K191/109 | T191: kanan | U191: =COUNTIFS($T$170:$T$332,"Tengah",$L$2:$L$164,"Rendah") | V191: =U191/76
E192: kiri | F192: Entropy | G192: =-(IFERROR(G189*LOG(G189,2),0)+IFERROR(G190*LOG(G190,2),0)+IFERROR(G191*LOG(G191,2),0)) | J192: tengah | K192: Entropy | L192: =-(IFERROR(L189*LOG(L189,2),0)+IFERROR(L190*LOG(L190,2),0)+IFERROR(L191*LOG(L191,2),0)) | T192: tengah | U192: Entropy | V192: =-(IFERROR(V189*LOG(V189,2),0)+IFERROR(V190*LOG(V190,2),0)+IFERROR(V191*LOG(V191,2),0))
E193: kanan | G193: =SUM(F189:F191)/163 | J193: kanan | L193: =SUM(K189:K191)/163 | T193: kanan | V193: =SUM(U189:U191)/163
E194: tengah | G194: =G192*G193 | J194: tengah | L194: =L192*L193 | T194: kanan | V194: =V192*V193
E195: kanan | J195: tengah | T195: kanan
E196: kanan | F196: IG | J196: kanan | K196: IG | T196: kanan | U196: IG
E197: tengah | F197: =P5-(G176+G185+G194) | J197: kanan | K197: =P5-(L176+L185+L194) | T197: tengah | U197: =P5-(V176+V185+V194)
E198: tengah | J198: kanan | T198: tengah
E199: kiri | J199: tengah | T199: kanan
E200: tengah | J200: tengah | T200: tengah
E201: kiri | J201: kiri | T201: kanan
E202: tengah | J202: tengah | T202: kanan
E203: tengah | J203: tengah | T203: kanan
E204: kiri | J204: tengah | T204: tengah
E205: kiri | J205: kiri | T205: kanan
E206: kiri | J206: tengah | T206: tengah
E207: kanan | J207: kiri | T207: kanan
E208: tengah | J208: tengah | T208: kanan
E209: tengah | J209: tengah | T209: tengah
... E332: tengah | J332: kanan | T332: tengah

Sheet Pohon 7(BP)
A1: No | B1: Usia | C1: Jenis Kelamin | D1: Tingkat Resiko | H1: No | I1: Usia | J1: Jenis Kelamin | K1: Tingkat Resiko | O1: Perhitungan root
A2: =RANDBETWEEN(2,164) | H2: 105 | I2: 61 | J2: 1 | K2: Tinggi | O2: Tinggi | P2: =COUNTIF(K2:K164,"Tinggi") | Q2: =P2/163
A3: =RANDBETWEEN(2,164) | H3: 71 | I3: 84 | J3: 0 | K3: Sedang | O3: Sedang | P3: =COUNTIF(K2:K164,"Sedang") | Q3: =P3/163
A4: =RANDBETWEEN(2,164) | H4: 73 | I4: 15 | J4: 1 | K4: Sedang | O4: Rendah | P4: =COUNTIF(K2:K164,"Rendah") | Q4: =P4/163
A5: =RANDBETWEEN(2,164) | H5: 36 | I5: 27 | J5: 1 | K5: Rendah | O5: Entropy Root | P5: =-(IFERROR(Q2*LOG(Q2,2),0)+IFERROR(Q3*LOG(Q3,2),0)+IFERROR(Q4*LOG(Q4,2),0))
A6: =RANDBETWEEN(2,164) | H6: 15 | I6: 21 | J6: 0 | K6: Rendah
A7: =RANDBETWEEN(2,164) | H7: 49 | I7: 64 | J7: 0 | K7: Sedang
A8: =RANDBETWEEN(2,164) | H8: 106 | I8: 23 | J8: 1 | K8: Tinggi
A9: =RANDBETWEEN(2,164) | H9: 96 | I9: 56 | J9: 0 | K9: Tinggi
A10: =RANDBETWEEN(2,164) | H10: 137 | I10: 3 | J10: 1 | K10: Tinggi
A11: =RANDBETWEEN(2,164) | H11: 33 | I11: 19 | J11: 1 | K11: Sedang
A12: =RANDBETWEEN(2,164) | H12: 74 | I12: 9 | J12: 0 | K12: Sedang
A13: =RANDBETWEEN(2,164) | H13: 164 | I13: 10 | J13: 0 | K13: Rendah
A14: =RANDBETWEEN(2,164) | H14: 89 | I14: 32 | J14: 0 | K14: Sedang
A15: =RANDBETWEEN(2,164) | H15: 15 | I15: 21 | J15: 0 | K15: Rendah
A16: =RANDBETWEEN(2,164) | H16: 75 | I16: 2 | J16: 1 | K16: Sedang
A17: =RANDBETWEEN(2,164) | H17: 24 | I17: 60 | J17: 0 | K17: Sedang
... A164: =RANDBETWEEN(2,164) | H164: 81 | I164: 23 | J164: 1 | K164: Sedang
I165: =AVERAGE(I2:I164) | J165: =AVERAGE(J2:J164)
B166: 63
E168: USIA | N168: JENIS KELAMIN
E169: Usia | F169: =AVERAGEIF($I$2:$I$164,"<="&$I$165) | G169: =AVERAGEIF($I$2:$I$164,">"&$I$165) | N169: Jenis kelamin | O169: =AVERAGEIF($J$2:$J$164,"<="&$J$165) | P169: =AVERAGEIF($J$2:$J$164,">"&$J$165)
E170: {=IF($I$2:$I$164<$F$169,"kiri",IF($I$2:$I$164<$G$169,"tengah","kanan"))} | F170: Kanan > 52.6 | N170: {=IF($J$2:$J$164<$O$169,"kiri",IF($J$2:$J$164<$P$169,"tengah","kanan"))} | O170: Kanan > 1
E171: kanan | F171: =COUNTIFS($E$170:$E$332,"Kanan",$K$2:$K$164,"Tinggi") | G171: =F171/29 | N171: tengah | O171: =COUNTIFS($N$170:$N$332,"Kanan",$K$2:$K$164,"Tinggi") | P171: =O171/97
E172: kiri | F172: =COUNTIFS($E$170:$E$332,"Kanan",$K$2:$K$164,"Sedang") | G172: =F172/29 | N172: kanan | O172: =COUNTIFS($N$170:$N$332,"Kanan",$K$2:$K$164,"Sedang") | P172: =O172/97
E173: tengah | F173: =COUNTIFS($E$170:$E$332,"Kanan",$K$2:$K$164,"Rendah") | G173: =F173/29 | N173: kanan | O173: =COUNTIFS($N$170:$N$332,"Kanan",$K$2:$K$164,"Rendah") | P173: =O173/97
E174: tengah | F174: Entropy | G174: =-(IFERROR(G171*LOG(G171,2),0)+IFERROR(G172*LOG(G172,2),0)+IFERROR(G173*LOG(G173,2),0)) | N174: tengah | O174: Entropy | P174: =-(IFERROR(P171*LOG(P171,2),0)+IFERROR(P172*LOG(P172,2),0)+IFERROR(P173*LOG(P173,2),0))
E175: kanan | G175: =SUM(F171:F173)/163 | N175: tengah | P175: =SUM(O171:O173)/163
E176: tengah | G176: =G174*G175 | N176: kanan | P176: =P174*P175
E177: kanan | N177: tengah
E178: kiri | N178: kanan
E179: tengah | F179: Kiri<15.89 | N179: kanan | O179: Kiri<0
E180: kiri | F180: =COUNTIFS($E$170:$E$332,"Kiri",$K$2:$K$164,"Tinggi") | G180: =F180/46 | N180: tengah | O180: =COUNTIFS($N$170:$N$332,"Kiri",$K$2:$K$164,"Tinggi") | P180: =O180/97
E181: kiri | F181: =COUNTIFS($E$170:$E$332,"Kiri",$K$2:$K$164,"Sedang") | G181: =F181/46 | N181: tengah | O181: =COUNTIFS($N$170:$N$332,"Kiri",$K$2:$K$164,"Sedang") | P181: =O181/97
E182: tengah | F182: =COUNTIFS($E$170:$E$332,"Kiri",$K$2:$K$164,"Rendah") | G182: =F182/46 | N182: tengah | O182: =COUNTIFS($N$170:$N$332,"Kiri",$K$2:$K$164,"Rendah") | P182: =O182/97
E183: tengah | F183: Entropy | G183: =-(IFERROR(G180*LOG(G180,2),0)+IFERROR(G181*LOG(G181,2),0)+IFERROR(G182*LOG(G182,2),0)) | N183: tengah | O183: Entropy | P183: =-(IFERROR(P180*LOG(P180,2),0)+IFERROR(P181*LOG(P181,2),0)+IFERROR(P182*LOG(P182,2),0))
E184: kiri | G184: =SUM(F180:F182)/163 | N184: kanan | P184: =SUM(O180:O182)/163
E185: kanan | G185: =G183*G184 | N185: tengah | P185: =P183*P184
E186: tengah | N186: kanan
E187: tengah | N187: kanan
E188: tengah | F188: Tengah | N188: tengah | O188: Tengah
E189: kiri | F189: =COUNTIFS($E$170:$E$332,"Tengah",$K$2:$K$164,"Tinggi") | G189: =F189/88 | N189: tengah | O189: =COUNTIFS($N$170:$N$332,"Tengah",$K$2:$K$164,"Tinggi") | P189: =O189/66
E190: kiri | F190: =COUNTIFS($E$170:$E$332,"Tengah",$K$2:$K$164,"Sedang") | G190: =F190/88 | N190: tengah | O190: =COUNTIFS($N$170:$N$332,"Tengah",$K$2:$K$164,"Sedang") | P190: =O190/66
E191: tengah | F191: =COUNTIFS($E$170:$E$332,"Tengah",$K$2:$K$164,"Rendah") | G191: =F191/88 | N191: kanan | O191: =COUNTIFS($N$170:$N$332,"Tengah",$K$2:$K$164,"Rendah") | P191: =O191/66
E192: kanan | F192: Entropy | G192: =-(IFERROR(G189*LOG(G189,2),0)+IFERROR(G190*LOG(G190,2),0)+IFERROR(G191*LOG(G191,2),0)) | N192: kanan | O192: Entropy | P192: =-(IFERROR(P189*LOG(P189,2),0)+IFERROR(P190*LOG(P190,2),0)+IFERROR(P191*LOG(P191,2),0))
E193: kiri | G193: =SUM(F189:F191)/163 | N193: tengah | P193: =SUM(O189:O191)/163
E194: kiri | G194: =G192*G193 | N194: tengah | P194: =P192*P193
E195: tengah | N195: kanan
E196: kanan | F196: IG | N196: tengah | O196: IG
E197: kiri | F197: =P5-(G176+G185+G194) | N197: kanan | O197: =P5-(P176+P185+P194)
E198: tengah | N198: kanan
E199: kanan | N199: kanan
E200: tengah | N200: kanan
E201: tengah | N201: tengah
E202: kiri | N202: tengah
E203: kanan | N203: kanan
E204: kanan | N204: kanan
E205: kiri | N205: kanan
E206: tengah | N206: kanan
E207: kanan | N207: tengah
E208: kiri | N208: tengah
E209: tengah | N209: tengah
... E332: tengah | N332: kanan

Sheet Pohon 8 (BP)
A1: No | B1: Usia | C1: Tingkat Resiko | H1: No | I1: Usia | J1: Tingkat Resiko | O1: Perhitungan root
A2: =RANDBETWEEN(2,164) | H2: 102 | I2: 41 | J2: Tinggi | O2: Tinggi | P2: =COUNTIF(J2:J164,"Tinggi") | Q2: =P2/163
A3: =RANDBETWEEN(2,164) | H3: 76 | I3: 70 | J3: Sedang | O3: Sedang | P3: =COUNTIF(J2:J164,"Sedang") | Q3: =P3/163
A4: =RANDBETWEEN(2,164) | H4: 163 | I4: 34 | J4: Rendah | O4: Rendah | P4: =COUNTIF(J2:J164,"Rendah") | Q4: =P4/163
A5: =RANDBETWEEN(2,164) | H5: 28 | I5: 22 | J5: Sedang | O5: Entropy Root | P5: =-(IFERROR(Q2*LOG(Q2,2),0)+IFERROR(Q3*LOG(Q3,2),0)+IFERROR(Q4*LOG(Q4,2),0))
A6: =RANDBETWEEN(2,164) | H6: 161 | I6: 12 | J6: Tinggi
A7: =RANDBETWEEN(2,164) | H7: 148 | I7: 55 | J7: Tinggi
A8: =RANDBETWEEN(2,164) | H8: 81 | I8: 23 | J8: Sedang
A9: =RANDBETWEEN(2,164) | H9: 8 | I9: 4 | J9: Sedang
A10: =RANDBETWEEN(2,164) | H10: 116 | I10: 32 | J10: Tinggi
A11: =RANDBETWEEN(2,164) | H11: 17 | I11: 2 | J11: Rendah
A12: =RANDBETWEEN(2,164) | H12: 162 | I12: 22 | J12: Rendah
A13: =RANDBETWEEN(2,164) | H13: 7 | I13: 12 | J13: Sedang
A14: =RANDBETWEEN(2,164) | H14: 25 | I14: 81 | J14: Sedang
A15: =RANDBETWEEN(2,164) | H15: 143 | I15: 20 | J15: Tinggi
A16: =RANDBETWEEN(2,164) | H16: 22 | I16: 6 | J16: Sedang
A17: =RANDBETWEEN(2,164) | H17: 86 | I17: 23 | J17: Sedang
... A164: =RANDBETWEEN(2,164) | H164: 60 | I164: 68 | J164: Sedang
I165: =AVERAGE(I2:I164)
B166: 99
E168: USIA
E169: Usia | F169: =AVERAGEIF($I$2:$I$164,"<="&$I$165) | G169: =AVERAGEIF($I$2:$I$164,">"&$I$165)
E170: {=IF($I$2:$I$164<$F$169,"kiri",IF($I$2:$I$164<$G$169,"tengah","kanan"))} | F170: Kanan > 54.27
E171: kanan | F171: =COUNTIFS($E$170:$E$332,"Kanan",$J$2:$J$164,"Tinggi") | G171: =F171/32
E172: tengah | F172: =COUNTIFS($E$170:$E$332,"Kanan",$J$2:$J$164,"Sedang") | G172: =F172/32
E173: tengah | F173: =COUNTIFS($E$170:$E$332,"Kanan",$J$2:$J$164,"Rendah") | G173: =F173/32
E174: kiri | F174: Entropy | G174: =-(IFERROR(G171*LOG(G171,2),0)+IFERROR(G172*LOG(G172,2),0)+IFERROR(G173*LOG(G173,2),0))
E175: kanan | G175: =SUM(F171:F173)/163
E176: tengah | G176: =G174*G175
E177: kiri
E178: tengah
E179: kiri | F179: Kiri<15.70
E180: tengah | F180: =COUNTIFS($E$170:$E$332,"Kiri",$J$2:$J$164,"Tinggi") | G180: =F180/46
E181: kiri | F181: =COUNTIFS($E$170:$E$332,"Kiri",$J$2:$J$164,"Sedang") | G181: =F181/46
E182: kanan | F182: =COUNTIFS($E$170:$E$332,"Kiri",$J$2:$J$164,"Rendah") | G182: =F182/46
E183: tengah | F183: Entropy | G183: =-(IFERROR(G180*LOG(G180,2),0)+IFERROR(G181*LOG(G181,2),0)+IFERROR(G182*LOG(G182,2),0))
E184: kiri | G184: =SUM(F180:F182)/163
E185: tengah | G185: =G183*G184
E186: kanan
E187: kiri
E188: tengah | F188: Tengah
E189: kanan | F189: =COUNTIFS($E$170:$E$332,"Tengah",$J$2:$J$164,"Tinggi") | G189: =F189/85
E190: tengah | F190: =COUNTIFS($E$170:$E$332,"Tengah",$J$2:$J$164,"Sedang") | G190: =F190/85
E191: tengah | F191: =COUNTIFS($E$170:$E$332,"Tengah",$J$2:$J$164,"Rendah") | G191: =F191/85
E192: kanan | F192: Entropy | G192: =-(IFERROR(G189*LOG(G189,2),0)+IFERROR(G190*LOG(G190,2),0)+IFERROR(G191*LOG(G191,2),0))
E193: tengah | G193: =SUM(F189:F191)/163
E194: tengah | G194: =G192*G193
E195: tengah
E196: tengah | F196: IG
E197: kiri | F197: =P5-(G176+G185+G194)
E198: tengah
E199: tengah
E200: tengah
E201: tengah
E202: kiri
E203: kiri
E204: kanan
E205: tengah
E206: tengah
E207: kiri
E208: kiri
E209: tengah
... E332: kanan

Sheet Pohon 9
A1: No | B1: Usia | C1: Lama Rawat Inap | D1: Jumlah Kasus Per Bulan | E1: Jenis Kelamin | F1: Tingkat Resiko | H1: No | I1: Usia | J1: Lama Rawat Inap | K1: Jumlah Kasus Per Bulan | L1: Jenis Kelamin | M1: Tingkat Resiko | O1: Perhitungan root
A2: =RANDBETWEEN(2,164) | B2: {=INDEX(Data_DBD!$B:$B,$A2)} | C2: {=INDEX(Data_DBD!$C:$C,$A2)} | D2: {=INDEX(Data_DBD!$D:$D,$A2)} | E2: {=INDEX(Data_DBD!$E:$E,$A2)} | F2: {=INDEX(Data_DBD!$F:$F,$A2)} | H2: 76 | I2: 70 | J2: 2 | K2: 10 | L2: 0 | M2: Sedang | O2: Tinggi | P2: =COUNTIF(M2:M164,"Tinggi") | Q2: =P2/163
A3: =RANDBETWEEN(2,164) | B3: {=INDEX(Data_DBD!$B:$B,$A3)} | C3: {=INDEX(Data_DBD!$C:$C,$A3)} | D3: {=INDEX(Data_DBD!$D:$D,$A3)} | E3: {=INDEX(Data_DBD!$E:$E,$A3)} | F3: {=INDEX(Data_DBD!$F:$F,$A3)} | H3: 125 | I3: 39 | J3: 4 | K3: 33 | L3: 0 | M3: Tinggi | O3: Sedang | P3: =COUNTIF(M2:M164,"Sedang") | Q3: =P3/163
A4: =RANDBETWEEN(2,164) | B4: {=INDEX(Data_DBD!$B:$B,$A4)} | C4: {=INDEX(Data_DBD!$C:$C,$A4)} | D4: {=INDEX(Data_DBD!$D:$D,$A4)} | E4: {=INDEX(Data_DBD!$E:$E,$A4)} | F4: {=INDEX(Data_DBD!$F:$F,$A4)} | H4: 126 | I4: 51 | J4: 3 | K4: 33 | L4: 1 | M4: Tinggi | O4: Rendah | P4: =COUNTIF(M2:M164,"Rendah") | Q4: =P4/163
A5: =RANDBETWEEN(2,164) | B5: {=INDEX(Data_DBD!$B:$B,$A5)} | C5: {=INDEX(Data_DBD!$C:$C,$A5)} | D5: {=INDEX(Data_DBD!$D:$D,$A5)} | E5: {=INDEX(Data_DBD!$E:$E,$A5)} | F5: {=INDEX(Data_DBD!$F:$F,$A5)} | H5: 140 | I5: 74 | J5: 5 | K5: 21 | L5: 1 | M5: Tinggi | O5: Entropy Root | P5: =-(IFERROR(Q2*LOG(Q2,2),0)+IFERROR(Q3*LOG(Q3,2),0)+IFERROR(Q4*LOG(Q4,2),0))
A6: =RANDBETWEEN(2,164) | B6: {=INDEX(Data_DBD!$B:$B,$A6)} | C6: {=INDEX(Data_DBD!$C:$C,$A6)} | D6: {=INDEX(Data_DBD!$D:$D,$A6)} | E6: {=INDEX(Data_DBD!$E:$E,$A6)} | F6: {=INDEX(Data_DBD!$F:$F,$A6)} | H6: 73 | I6: 15 | J6: 3 | K6: 10 | L6: 1 | M6: Sedang
A7: =RANDBETWEEN(2,164) | B7: {=INDEX(Data_DBD!$B:$B,$A7)} | C7: {=INDEX(Data_DBD!$C:$C,$A7)} | D7: {=INDEX(Data_DBD!$D:$D,$A7)} | E7: {=INDEX(Data_DBD!$E:$E,$A7)} | F7: {=INDEX(Data_DBD!$F:$F,$A7)} | H7: 125 | I7: 39 | J7: 4 | K7: 33 | L7: 0 | M7: Tinggi
A8: =RANDBETWEEN(2,164) | B8: {=INDEX(Data_DBD!$B:$B,$A8)} | C8: {=INDEX(Data_DBD!$C:$C,$A8)} | D8: {=INDEX(Data_DBD!$D:$D,$A8)} | E8: {=INDEX(Data_DBD!$E:$E,$A8)} | F8: {=INDEX(Data_DBD!$F:$F,$A8)} | H8: 119 | I8: 30 | J8: 7 | K8: 33 | L8: 0 | M8: Tinggi
A9: =RANDBETWEEN(2,164) | B9: {=INDEX(Data_DBD!$B:$B,$A9)} | C9: {=INDEX(Data_DBD!$C:$C,$A9)} | D9: {=INDEX(Data_DBD!$D:$D,$A9)} | E9: {=INDEX(Data_DBD!$E:$E,$A9)} | F9: {=INDEX(Data_DBD!$F:$F,$A9)} | H9: 11 | I9: 24 | J9: 5 | K9: 12 | L9: 1 | M9: Sedang
A10: =RANDBETWEEN(2,164) | B10: {=INDEX(Data_DBD!$B:$B,$A10)} | C10: {=INDEX(Data_DBD!$C:$C,$A10)} | D10: {=INDEX(Data_DBD!$D:$D,$A10)} | E10: {=INDEX(Data_DBD!$E:$E,$A10)} | F10: {=INDEX(Data_DBD!$F:$F,$A10)} | H10: 125 | I10: 39 | J10: 4 | K10: 33 | L10: 0 | M10: Tinggi
A11: =RANDBETWEEN(2,164) | B11: {=INDEX(Data_DBD!$B:$B,$A11)} | C11: {=INDEX(Data_DBD!$C:$C,$A11)} | D11: {=INDEX(Data_DBD!$D:$D,$A11)} | E11: {=INDEX(Data_DBD!$E:$E,$A11)} | F11: {=INDEX(Data_DBD!$F:$F,$A11)} | H11: 39 | I11: 12 | J11: 5 | K11: 13 | L11: 1 | M11: Sedang
A12: =RANDBETWEEN(2,164) | B12: {=INDEX(Data_DBD!$B:$B,$A12)} | C12: {=INDEX(Data_DBD!$C:$C,$A12)} | D12: {=INDEX(Data_DBD!$D:$D,$A12)} | E12: {=INDEX(Data_DBD!$E:$E,$A12)} | F12: {=INDEX(Data_DBD!$F:$F,$A12)} | H12: 23 | I12: 28 | J12: 4 | K12: 14 | L12: 1 | M12: Sedang
A13: =RANDBETWEEN(2,164) | B13: {=INDEX(Data_DBD!$B:$B,$A13)} | C13: {=INDEX(Data_DBD!$C:$C,$A13)} | D13: {=INDEX(Data_DBD!$D:$D,$A13)} | E13: {=INDEX(Data_DBD!$E:$E,$A13)} | F13: {=INDEX(Data_DBD!$F:$F,$A13)} | H13: 129 | I13: 4 | J13: 3 | K13: 33 | L13: 0 | M13: Tinggi
A14: =RANDBETWEEN(2,164) | B14: {=INDEX(Data_DBD!$B:$B,$A14)} | C14: {=INDEX(Data_DBD!$C:$C,$A14)} | D14: {=INDEX(Data_DBD!$D:$D,$A14)} | E14: {=INDEX(Data_DBD!$E:$E,$A14)} | F14: {=INDEX(Data_DBD!$F:$F,$A14)} | H14: 86 | I14: 23 | J14: 3 | K14: 13 | L14: 0 | M14: Sedang
A15: =RANDBETWEEN(2,164) | B15: {=INDEX(Data_DBD!$B:$B,$A15)} | C15: {=INDEX(Data_DBD!$C:$C,$A15)} | D15: {=INDEX(Data_DBD!$D:$D,$A15)} | E15: {=INDEX(Data_DBD!$E:$E,$A15)} | F15: {=INDEX(Data_DBD!$F:$F,$A15)} | H15: 58 | I15: 17 | J15: 3 | K15: 15 | L15: 0 | M15: Sedang
A16: =RANDBETWEEN(2,164) | B16: {=INDEX(Data_DBD!$B:$B,$A16)} | C16: {=INDEX(Data_DBD!$C:$C,$A16)} | D16: {=INDEX(Data_DBD!$D:$D,$A16)} | E16: {=INDEX(Data_DBD!$E:$E,$A16)} | F16: {=INDEX(Data_DBD!$F:$F,$A16)} | H16: 134 | I16: 4 | J16: 2 | K16: 33 | L16: 1 | M16: Tinggi
A17: =RANDBETWEEN(2,164) | B17: {=INDEX(Data_DBD!$B:$B,$A17)} | C17: {=INDEX(Data_DBD!$C:$C,$A17)} | D17: {=INDEX(Data_DBD!$D:$D,$A17)} | E17: {=INDEX(Data_DBD!$E:$E,$A17)} | F17: {=INDEX(Data_DBD!$F:$F,$A17)} | H17: 102 | I17: 41 | J17: 4 | K17: 18 | L17: 0 | M17: Tinggi
... A164: =RANDBETWEEN(2,164) | B164: {=INDEX(Data_DBD!$B:$B,$A164)} | C164: {=INDEX(Data_DBD!$C:$C,$A164)} | D164: {=INDEX(Data_DBD!$D:$D,$A164)} | E164: {=INDEX(Data_DBD!$E:$E,$A164)} | F164: {=INDEX(Data_DBD!$F:$F,$A164)} | H164: 151 | I164: 24 | J164: 3 | K164: 21 | L164: 0 | M164: Tinggi
I165: =AVERAGE(I2:I164) | J165: =AVERAGE(J2:J164) | K165: =AVERAGE(K2:K164) | L165: =AVERAGE(L2:L164)
B166: 66
E168: USIA | J168: LAMA RAWAT INAP | O168: JUMLAH KASUS PER BULAN | T168: JENIS KELAMIN
E169: Usia | F169: =AVERAGEIF($I$2:$I$164,"<="&$I$165) | G169: =AVERAGEIF($I$2:$I$164,">"&$I$165) | J169: Lama rawat inap | K169: =AVERAGEIF($J$2:$J$164,"<="&$J$165) | L169: =AVERAGEIF($J$2:$J$164,">"&$J$165) | O169: Jumlah kasus perbulan | P169: =AVERAGEIF($K$2:$K$164,"<="&$K$165) | Q169: =AVERAGEIF($K$2:$K$164,">"&$K$165) | T169: Jenis kelamin | U169: =AVERAGEIF($L$2:$L$164,"<="&$L$165) | V169: =AVERAGEIF($L$2:$L$164,">"&$L$165)
E170: {=IF($I$2:$I$164<$F$169,"kiri",IF($I$2:$I$164<$G$169,"tengah","kanan"))} | F170: Kanan > 51.19 | J170: {=IF($J$2:$J$164<$K$169,"kiri",IF($J$2:$J$164<$L$169,"tengah","kanan"))} | K170: Kanan > 4.73 | O170: {=IF($K$2:$K$164<$P$169,"kiri",IF($K$2:$K$164<$Q$169,"tengah","kanan"))} | P170: Kanan > 25.95 | T170: {=IF($L$2:$L$164<$U$169,"kiri",IF($L$2:$L$164<$V$169,"tengah","kanan"))} | U170: Kanan > 1
E171: tengah | F171: =COUNTIFS($E$170:$E$332,"Kanan",$M$2:$M$164,"Tinggi") | G171: =F171/30 | J171: tengah | K171: =COUNTIFS($J$170:$J$332,"Kanan",$M$2:$M$164,"Tinggi") | L171: =K171/35 | O171: kanan | P171: =COUNTIFS($O$170:$O$332,"Kanan",$M$2:$M$164,"Tinggi") | Q171: =P171/34 | T171: tengah | U171: =COUNTIFS($T$170:$T$332,"Kanan",$M$2:$M$164,"Tinggi") | V171: =U171/79
E172: tengah | F172: =COUNTIFS($E$170:$E$332,"Kanan",$M$2:$M$164,"Sedang") | G172: =F172/30 | J172: tengah | K172: =COUNTIFS($J$170:$J$332,"Kanan",$M$2:$M$164,"Sedang") | L172: =K172/35 | O172: kanan | P172: =COUNTIFS($O$170:$O$332,"Kanan",$M$2:$M$164,"Sedang") | Q172: =P172/27 | T172: kanan | U172: =COUNTIFS($T$170:$T$332,"Kanan",$M$2:$M$164,"Sedang") | V172: =U172/79
E173: kanan | F173: =COUNTIFS($E$170:$E$332,"Kanan",$M$2:$M$164,"Rendah") | G173: =F173/30 | J173: kanan | K173: =COUNTIFS($J$170:$J$332,"Kanan",$M$2:$M$164,"Rendah") | L173: =K173/35 | O173: tengah | P173: =COUNTIFS($O$170:$O$332,"Kanan",$M$2:$M$164,"Rendah") | Q173: =P173/27 | T173: kanan | U173: =COUNTIFS($T$170:$T$332,"Kanan",$M$2:$M$164,"Rendah") | V173: =U173/79
E174: kiri | F174: Entropy | G174: =-(IFERROR(G171*LOG(G171,2),0)+IFERROR(G172*LOG(G172,2),0)+IFERROR(G173*LOG(G173,2),0)) | J174: tengah | K174: Entropy | L174: =-(IFERROR(L171*LOG(L171,2),0)+IFERROR(L172*LOG(L172,2),0)+IFERROR(L173*LOG(L173,2),0)) | O174: kiri | P174: Entropy | Q174: =-(IFERROR(Q171*LOG(Q171,2),0)+IFERROR(Q172*LOG(Q172,2),0)+IFERROR(Q173*LOG(Q173,2),0)) | T174: kanan | U174: Entropy | V174: =-(IFERROR(V171*LOG(V171,2),0)+IFERROR(V172*LOG(V172,2),0)+IFERROR(V173*LOG(V173,2),0))
E175: tengah | G175: =SUM(F171:F173)/163 | J175: tengah | L175: =SUM(K171:K173)/163 | O175: kanan | Q175: =SUM(P171:P173)/163 | T175: tengah | V175: =SUM(U171:U173)/163
E176: tengah | G176: =G174*G175 | J176: kanan | L176: =L174*L175 | O176: kanan | Q176: =Q174*Q175 | T176: tengah | V176: =V174*V175
E177: tengah | J177: kanan | O177: tengah | T177: kanan
E178: tengah | J178: tengah | O178: kanan | T178: tengah
E179: kiri | F179: Kiri<16.82 | J179: kanan | K179: Kiri<2.37 | O179: tengah | P179: Kiri<11.31 | T179: kanan | U179: Kiri<0
E180: tengah | F180: =COUNTIFS($E$170:$E$332,"Kiri",$M$2:$M$164,"Tinggi") | G180: =F180/43 | J180: tengah | K180: =COUNTIFS($J$170:$J$332,"Kiri",$M$2:$M$164,"Tinggi") | L180: =K180/42 | O180: tengah | P180: =COUNTIFS($O$170:$O$332,"Kiri",$M$2:$M$164,"Tinggi") | Q180: =P180/57 | T180: kanan | U180: =COUNTIFS($T$170:$T$332,"Kiri",$M$2:$M$164,"Tinggi") | V180: =U180/78
E181: kiri | F181: =COUNTIFS($E$170:$E$332,"Kiri",$M$2:$M$164,"Sedang") | G181: =F181/43 | J181: tengah | K181: =COUNTIFS($J$170:$J$332,"Kiri",$M$2:$M$164,"Sedang") | L181: =K181/42 | O181: kanan | P181: =COUNTIFS($O$170:$O$332,"Kiri",$M$2:$M$164,"Sedang") | Q181: =P181/28 | T181: tengah | U181: =COUNTIFS($T$170:$T$332,"Kiri",$M$2:$M$164,"Sedang") | V181: =U181/78
E182: tengah | F182: =COUNTIFS($E$170:$E$332,"Kiri",$M$2:$M$164,"Rendah") | G182: =F182/43 | J182: tengah | K182: =COUNTIFS($J$170:$J$332,"Kiri",$M$2:$M$164,"Rendah") | L182: =K182/42 | O182: tengah | P182: =COUNTIFS($O$170:$O$332,"Kiri",$M$2:$M$164,"Rendah") | Q182: =P182/28 | T182: tengah | U182: =COUNTIFS($T$170:$T$332,"Kiri",$M$2:$M$164,"Rendah") | V182: =U182/78
E183: tengah | F183: Entropy | G183: =-(IFERROR(G180*LOG(G180,2),0)+IFERROR(G181*LOG(G181,2),0)+IFERROR(G182*LOG(G182,2),0)) | J183: tengah | K183: Entropy | L183: =-(IFERROR(L180*LOG(L180,2),0)+IFERROR(L181*LOG(L181,2),0)+IFERROR(L182*LOG(L182,2),0)) | O183: tengah | P183: Entropy | Q183: =-(IFERROR(Q180*LOG(Q180,2),0)+IFERROR(Q181*LOG(Q181,2),0)+IFERROR(Q182*LOG(Q182,2),0)) | T183: tengah | U183: Entropy | V183: =-(IFERROR(V180*LOG(V180,2),0)+IFERROR(V181*LOG(V181,2),0)+IFERROR(V182*LOG(V182,2),0))
E184: kiri | G184: =SUM(F180:F182)/163 | J184: kiri | L184: =SUM(K180:K182)/163 | O184: kanan | Q184: =SUM(P180:P182)/163 | T184: kanan | V184: =SUM(U180:U182)/163
E185: tengah | G185: =G183*G184 | J185: tengah | L185: =L183*L184 | O185: tengah | Q185: =Q183*Q184 | T185: tengah | V185: =V183*V184
E186: kanan | J186: tengah | O186: tengah | T186: tengah
E187: tengah | J187: kanan | O187: tengah | T187: tengah
E188: kanan | F188: Tengah | J188: kanan | K188: Tengah | O188: tengah | P188: Tengah | T188: kanan | U188: Tengah
E189: tengah | F189: =COUNTIFS($E$170:$E$332,"Tengah",$M$2:$M$164,"Tinggi") | G189: =F189/90 | J189: tengah | K189: =COUNTIFS($J$170:$J$332,"Tengah",$M$2:$M$164,"Tinggi") | L189: =K189/86 | O189: tengah | P189: =COUNTIFS($O$170:$O$332,"Tengah",$M$2:$M$164,"Tinggi") | Q189: =P189/101 | T189: tengah | U189: =COUNTIFS($T$170:$T$332,"Tengah",$M$2:$M$164,"Tinggi") | V189: =U189/84
E190: kiri | F190: =COUNTIFS($E$170:$E$332,"Tengah",$M$2:$M$164,"Sedang") | G190: =F190/90 | J190: tengah | K190: =COUNTIFS($J$170:$J$332,"Tengah",$M$2:$M$164,"Sedang") | L190: =K190/86 | O190: kanan | P190: =COUNTIFS($O$170:$O$332,"Tengah",$M$2:$M$164,"Sedang") | Q190: =P190/101 | T190: kanan | U190: =COUNTIFS($T$170:$T$332,"Tengah",$M$2:$M$164,"Sedang") | V190: =U190/84
E191: tengah | F191: =COUNTIFS($E$170:$E$332,"Tengah",$M$2:$M$164,"Rendah") | G191: =F191/90 | J191: tengah | K191: =COUNTIFS($J$170:$J$332,"Tengah",$M$2:$M$164,"Rendah") | L191: =K191/86 | O191: tengah | P191: =COUNTIFS($O$170:$O$332,"Tengah",$M$2:$M$164,"Rendah") | Q191: =P191/101 | T191: tengah | U191: =COUNTIFS($T$170:$T$332,"Tengah",$M$2:$M$164,"Rendah") | V191: =U191/84
E192: tengah | F192: Entropy | G192: =-(IFERROR(G189*LOG(G189,2),0)+IFERROR(G190*LOG(G190,2),0)+IFERROR(G191*LOG(G191,2),0)) | J192: kiri | K192: Entropy | L192: =-(IFERROR(L189*LOG(L189,2),0)+IFERROR(L190*LOG(L190,2),0)+IFERROR(L191*LOG(L191,2),0)) | O192: tengah | P192: Entropy | Q192: =-(IFERROR(Q189*LOG(Q189,2),0)+IFERROR(Q190*LOG(Q190,2),0)+IFERROR(Q191*LOG(Q191,2),0)) | T192: kanan | U192: Entropy | V192: =-(IFERROR(V189*LOG(V189,2),0)+IFERROR(V190*LOG(V190,2),0)+IFERROR(V191*LOG(V191,2),0))
E193: tengah | G193: =SUM(F189:F191)/163 | J193: tengah | L193: =SUM(K189:K191)/163 | O193: kanan | Q193: =SUM(P189:P191)/163 | T193: kanan | V193: =SUM(U189:U191)/163
E194: tengah | G194: =G192*G193 | J194: tengah | L194: =L192*L193 | O194: tengah | Q194: =Q192*Q193 | T194: kanan | V194: =V192*V193
E195: tengah | J195: kanan | O195: tengah | T195: kanan
E196: tengah | F196: IG | J196: tengah | K196: IG | O196: kiri | P196: IG | T196: kanan | U196: IG
E197: tengah | F197: =P5-(G176+G185+G194) | J197: tengah | K197: =P5-(L176+L185+L194) | O197: kanan | P197: =P5-(Q176+Q185+Q194) | T197: kanan | U197: =P5-(V176+V185+V194)
E198: kanan | J198: kanan | O198: tengah | T198: tengah
E199: kiri | J199: kiri | O199: tengah | T199: tengah
E200: kanan | J200: tengah | O200: tengah | T200: kanan
E201: kiri | J201: tengah | O201: tengah | T201: tengah
E202: kiri | J202: tengah | O202: kiri | T202: tengah
E203: kiri | J203: kanan | O203: tengah | T203: kanan
E204: kanan | J204: kiri | O204: kiri | T204: tengah
E205: tengah | J205: kiri | O205: kiri | T205: kanan
E206: kiri | J206: kanan | O206: tengah | T206: kanan
E207: kanan | J207: tengah | O207: kiri | T207: tengah
E208: tengah | J208: tengah | O208: tengah | T208: kanan
E209: tengah | J209: tengah | O209: tengah | T209: tengah
... E332: tengah | J332: tengah | O332: tengah | T332: tengah

Sheet Pohon 10
A1: No | B1: Usia | C1: Lama Rawat Inap | D1: Jenis Kelamin | E1: Tingkat Resiko | H1: No | I1: Usia | J1: Lama Rawat Inap | K1: Jenis Kelamin | L1: Tingkat Resiko | O1: Perhitungan root
A2: =RANDBETWEEN(2,164) | B2: {=INDEX(Data_DBD!$B:$B,$A2)} | C2: {=INDEX(Data_DBD!$C:$C,$A2)} | D2: {=INDEX(Data_DBD!$E:$E,$A2)} | E2: {=INDEX(Data_DBD!$F:$F,$A2)} | H2: 144 | I2: 61 | J2: 4 | K2: 1 | L2: Tinggi | O2: Tinggi | P2: =COUNTIF(L2:L164,"Tinggi") | Q2: =P2/163
A3: =RANDBETWEEN(2,164) | B3: {=INDEX(Data_DBD!$B:$B,$A3)} | C3: {=INDEX(Data_DBD!$C:$C,$A3)} | D3: {=INDEX(Data_DBD!$E:$E,$A3)} | E3: {=INDEX(Data_DBD!$F:$F,$A3)} | H3: 2 | I3: 34 | J3: 3 | K3: 0 | L3: Sedang | O3: Sedang | P3: =COUNTIF(L2:L164,"Sedang") | Q3: =P3/163
A4: =RANDBETWEEN(2,164) | B4: {=INDEX(Data_DBD!$B:$B,$A4)} | C4: {=INDEX(Data_DBD!$C:$C,$A4)} | D4: {=INDEX(Data_DBD!$E:$E,$A4)} | E4: {=INDEX(Data_DBD!$F:$F,$A4)} | H4: 150 | I4: 61 | J4: 5 | K4: 1 | L4: Tinggi | O4: Rendah | P4: =COUNTIF(L2:L164,"Rendah") | Q4: =P4/163
A5: =RANDBETWEEN(2,164) | B5: {=INDEX(Data_DBD!$B:$B,$A5)} | C5: {=INDEX(Data_DBD!$C:$C,$A5)} | D5: {=INDEX(Data_DBD!$E:$E,$A5)} | E5: {=INDEX(Data_DBD!$F:$F,$A5)} | H5: 22 | I5: 6 | J5: 3 | K5: 0 | L5: Sedang | O5: Entropy Root | P5: =-(IFERROR(Q2*LOG(Q2,2),0)+IFERROR(Q3*LOG(Q3,2),0)+IFERROR(Q4*LOG(Q4,2),0))
A6: =RANDBETWEEN(2,164) | B6: {=INDEX(Data_DBD!$B:$B,$A6)} | C6: {=INDEX(Data_DBD!$C:$C,$A6)} | D6: {=INDEX(Data_DBD!$E:$E,$A6)} | E6: {=INDEX(Data_DBD!$F:$F,$A6)} | H6: 27 | I6: 37 | J6: 4 | K6: 1 | L6: Sedang
A7: =RANDBETWEEN(2,164) | B7: {=INDEX(Data_DBD!$B:$B,$A7)} | C7: {=INDEX(Data_DBD!$C:$C,$A7)} | D7: {=INDEX(Data_DBD!$E:$E,$A7)} | E7: {=INDEX(Data_DBD!$F:$F,$A7)} | H7: 41 | I7: 8 | J7: 4 | K7: 0 | L7: Sedang
A8: =RANDBETWEEN(2,164) | B8: {=INDEX(Data_DBD!$B:$B,$A8)} | C8: {=INDEX(Data_DBD!$C:$C,$A8)} | D8: {=INDEX(Data_DBD!$E:$E,$A8)} | E8: {=INDEX(Data_DBD!$F:$F,$A8)} | H8: 97 | I8: 16 | J8: 2 | K8: 1 | L8: Tinggi
A9: =RANDBETWEEN(2,164) | B9: {=INDEX(Data_DBD!$B:$B,$A9)} | C9: {=INDEX(Data_DBD!$C:$C,$A9)} | D9: {=INDEX(Data_DBD!$E:$E,$A9)} | E9: {=INDEX(Data_DBD!$F:$F,$A9)} | H9: 2 | I9: 34 | J9: 3 | K9: 0 | L9: Sedang
A10: =RANDBETWEEN(2,164) | B10: {=INDEX(Data_DBD!$B:$B,$A10)} | C10: {=INDEX(Data_DBD!$C:$C,$A10)} | D10: {=INDEX(Data_DBD!$E:$E,$A10)} | E10: {=INDEX(Data_DBD!$F:$F,$A10)} | H10: 69 | I10: 24 | J10: 4 | K10: 1 | L10: Sedang
A11: =RANDBETWEEN(2,164) | B11: {=INDEX(Data_DBD!$B:$B,$A11)} | C11: {=INDEX(Data_DBD!$C:$C,$A11)} | D11: {=INDEX(Data_DBD!$E:$E,$A11)} | E11: {=INDEX(Data_DBD!$F:$F,$A11)} | H11: 111 | I11: 25 | J11: 4 | K11: 0 | L11: Tinggi
A12: =RANDBETWEEN(2,164) | B12: {=INDEX(Data_DBD!$B:$B,$A12)} | C12: {=INDEX(Data_DBD!$C:$C,$A12)} | D12: {=INDEX(Data_DBD!$E:$E,$A12)} | E12: {=INDEX(Data_DBD!$F:$F,$A12)} | H12: 93 | I12: 65 | J12: 4 | K12: 0 | L12: Tinggi
A13: =RANDBETWEEN(2,164) | B13: {=INDEX(Data_DBD!$B:$B,$A13)} | C13: {=INDEX(Data_DBD!$C:$C,$A13)} | D13: {=INDEX(Data_DBD!$E:$E,$A13)} | E13: {=INDEX(Data_DBD!$F:$F,$A13)} | H13: 91 | I13: 35 | J13: 1 | K13: 1 | L13: Tinggi
A14: =RANDBETWEEN(2,164) | B14: {=INDEX(Data_DBD!$B:$B,$A14)} | C14: {=INDEX(Data_DBD!$C:$C,$A14)} | D14: {=INDEX(Data_DBD!$E:$E,$A14)} | E14: {=INDEX(Data_DBD!$F:$F,$A14)} | H14: 118 | I14: 67 | J14: 4 | K14: 1 | L14: Tinggi
A15: =RANDBETWEEN(2,164) | B15: {=INDEX(Data_DBD!$B:$B,$A15)} | C15: {=INDEX(Data_DBD!$C:$C,$A15)} | D15: {=INDEX(Data_DBD!$E:$E,$A15)} | E15: {=INDEX(Data_DBD!$F:$F,$A15)} | H15: 65 | I15: 49 | J15: 3 | K15: 0 | L15: Sedang
A16: =RANDBETWEEN(2,164) | B16: {=INDEX(Data_DBD!$B:$B,$A16)} | C16: {=INDEX(Data_DBD!$C:$C,$A16)} | D16: {=INDEX(Data_DBD!$E:$E,$A16)} | E16: {=INDEX(Data_DBD!$F:$F,$A16)} | H16: 93 | I16: 65 | J16: 4 | K16: 0 | L16: Tinggi
A17: =RANDBETWEEN(2,164) | B17: {=INDEX(Data_DBD!$B:$B,$A17)} | C17: {=INDEX(Data_DBD!$C:$C,$A17)} | D17: {=INDEX(Data_DBD!$E:$E,$A17)} | E17: {=INDEX(Data_DBD!$F:$F,$A17)} | H17: 121 | I17: 82 | J17: 5 | K17: 1 | L17: Tinggi
... A164: =RANDBETWEEN(2,164) | B164: {=INDEX(Data_DBD!$B:$B,$A164)} | C164: {=INDEX(Data_DBD!$C:$C,$A164)} | D164: {=INDEX(Data_DBD!$E:$E,$A164)} | E164: {=INDEX(Data_DBD!$F:$F,$A164)} | H164: 163 | I164: 34 | J164: 4 | K164: 1 | L164: Rendah
I165: =AVERAGE(I2:I164) | J165: =AVERAGE(J2:J164) | K165: =AVERAGE(K2:K164)
B166: 28
E168: USIA | I168: LAMA RAWAT INAP | M168: JENIS KELAMIN
E169: Usia | F169: =AVERAGEIF($I$2:$I$164,"<="&$I$165) | G169: =AVERAGEIF($I$2:$I$164,">"&$I$165) | I169: Lama rawat inap | J169: =AVERAGEIF($J$2:$J$164,"<="&$J$165) | K169: =AVERAGEIF($J$2:$J$164,">"&$J$165) | M169: Jenis kelamin | N169: =AVERAGEIF($K$2:$K$164,"<="&$K$165) | O169: =AVERAGEIF($K$2:$K$164,">"&$K$165)
E170: {=IF($I$2:$I$164<$F$169,"kiri",IF($I$2:$I$164<$G$169,"tengah","kanan"))} | F170: Kanan > 53.39 | I170: {=IF($J$2:$J$164<$J$169,"kiri",IF($J$2:$J$164<$K$169,"tengah","kanan"))} | J170: Kanan > 4.74 | M170: {=IF($K$2:$K$164<$N$169,"kiri",IF($K$2:$K$164<$O$169,"tengah","kanan"))} | N170: Kanan > 1
E171: tengah | F171: =COUNTIFS($E$170:$E$332,"Kanan",$L$2:$L$164,"Tinggi") | G171: =F171/32 | I171: tengah | J171: =COUNTIFS($I$170:$I$332,"Kanan",$L$2:$L$164,"Tinggi") | K171: =J171/29 | M171: tengah | N171: =COUNTIFS($M$170:$M$332,"Kanan",$L$2:$L$164,"Tinggi") | O171: =N171/91
E172: kanan | F172: =COUNTIFS($E$170:$E$332,"Kanan",$L$2:$L$164,"Sedang") | G172: =F172/32 | I172: kanan | J172: =COUNTIFS($I$170:$I$332,"Kanan",$L$2:$L$164,"Sedang") | K172: =J172/29 | M172: kanan | N172: =COUNTIFS($M$170:$M$332,"Kanan",$L$2:$L$164,"Sedang") | O172: =N172/91
E173: kiri | F173: =COUNTIFS($E$170:$E$332,"Kanan",$L$2:$L$164,"Rendah") | G173: =F173/32 | I173: tengah | J173: =COUNTIFS($I$170:$I$332,"Kanan",$L$2:$L$164,"Rendah") | K173: =J173/29 | M173: tengah | N173: =COUNTIFS($M$170:$M$332,"Kanan",$L$2:$L$164,"Rendah") | O173: =N173/91
E174: tengah | F174: Entropy | G174: =-(IFERROR(G171*LOG(G171,2),0)+IFERROR(G172*LOG(G172,2),0)+IFERROR(G173*LOG(G173,2),0)) | I174: tengah | J174: Entropy | K174: =-(IFERROR(K171*LOG(K171,2),0)+IFERROR(K172*LOG(K172,2),0)+IFERROR(K173*LOG(K173,2),0)) | M174: kanan | N174: Entropy | O174: =-(IFERROR(O171*LOG(O171,2),0)+IFERROR(O172*LOG(O172,2),0)+IFERROR(O173*LOG(O173,2),0))
E175: kiri | G175: =SUM(F171:F173)/163 | I175: tengah | K175: =SUM(J171:J173)/163 | M175: tengah | O175: =SUM(N171:N173)/163
E176: kiri | G176: =G174*G175 | I176: kiri | K176: =K174*K175 | M176: kanan | O176: =O174*O175
E177: tengah | I177: tengah | M177: tengah
E178: tengah | I178: tengah | M178: kanan
E179: tengah | F179: Kiri<17.31 | I179: tengah | J179: Kiri<2.49 | M179: tengah | N179: Kiri<0
E180: kanan | F180: =COUNTIFS($E$170:$E$332,"Kiri",$L$2:$L$164,"Tinggi") | G180: =F180/38 | I180: tengah | J180: =COUNTIFS($I$170:$I$332,"Kiri",$L$2:$L$164,"Tinggi") | K180: =J180/36 | M180: tengah | N180: =COUNTIFS($M$170:$M$332,"Kiri",$L$2:$L$164,"Tinggi") | O180: =N180/78
E181: tengah | F181: =COUNTIFS($E$170:$E$332,"Kiri",$L$2:$L$164,"Sedang") | G181: =F181/38 | I181: kiri | J181: =COUNTIFS($I$170:$I$332,"Kiri",$L$2:$L$164,"Sedang") | K181: =J181/36 | M181: kanan | N181: =COUNTIFS($T$170:$T$332,"Kiri",$M$2:$M$164,"Sedang") | O181: =N181/78
E182: kanan | F182: =COUNTIFS($E$170:$E$332,"Kiri",$L$2:$L$164,"Rendah") | G182: =F182/38 | I182: tengah | J182: =COUNTIFS($I$170:$I$332,"Kiri",$L$2:$L$164,"Rendah") | K182: =J182/36 | M182: kanan | N182: =COUNTIFS($T$170:$T$332,"Kiri",$M$2:$M$164,"Rendah") | O182: =N182/78
E183: tengah | F183: Entropy | G183: =-(IFERROR(G180*LOG(G180,2),0)+IFERROR(G181*LOG(G181,2),0)+IFERROR(G182*LOG(G182,2),0)) | I183: tengah | J183: Entropy | K183: =-(IFERROR(K180*LOG(K180,2),0)+IFERROR(K181*LOG(K181,2),0)+IFERROR(K182*LOG(K182,2),0)) | M183: tengah | N183: Entropy | O183: =-(IFERROR(O180*LOG(O180,2),0)+IFERROR(O181*LOG(O181,2),0)+IFERROR(O182*LOG(O182,2),0))
E184: kanan | G184: =SUM(F180:F182)/163 | I184: tengah | K184: =SUM(J180:J182)/163 | M184: tengah | O184: =SUM(N180:N182)/163
E185: kanan | G185: =G183*G184 | I185: kanan | K185: =K183*K184 | M185: kanan | O185: =O183*O184
E186: kanan | I186: tengah | M186: kanan
E187: tengah | I187: tengah | M187: kanan
E188: tengah | F188: Tengah | I188: kiri | J188: Tengah | M188: kanan | N188: Tengah
E189: kanan | F189: =COUNTIFS($E$170:$E$332,"Tengah",$L$2:$L$164,"Tinggi") | G189: =F189/93 | I189: tengah | J189: =COUNTIFS($I$170:$I$332,"Tengah",$L$2:$L$164,"Tinggi") | K189: =J189/98 | M189: kanan | N189: =COUNTIFS($M$170:$M$332,"Tengah",$L$2:$L$164,"Tinggi") | O189: =N189/72
E190: kiri | F190: =COUNTIFS($E$170:$E$332,"Tengah",$L$2:$L$164,"Sedang") | G190: =F190/93 | I190: kiri | J190: =COUNTIFS($I$170:$I$332,"Tengah",$L$2:$L$164,"Sedang") | K190: =J190/98 | M190: tengah | N190: =COUNTIFS($M$170:$M$332,"Tengah",$L$2:$L$164,"Sedang") | O190: =N190/72
E191: tengah | F191: =COUNTIFS($E$170:$E$332,"Tengah",$L$2:$L$164,"Rendah") | G191: =F191/93 | I191: kanan | J191: =COUNTIFS($I$170:$I$332,"Tengah",$L$2:$L$164,"Rendah") | K191: =J191/98 | M191: tengah | N191: =COUNTIFS($M$170:$M$332,"Tengah",$L$2:$L$164,"Rendah") | O191: =N191/72
E192: tengah | F192: Entropy | G192: =-(IFERROR(G189*LOG(G189,2),0)+IFERROR(G190*LOG(G190,2),0)+IFERROR(G191*LOG(G191,2),0)) | I192: tengah | J192: Entropy | K192: =-(IFERROR(K189*LOG(K189,2),0)+IFERROR(K190*LOG(K190,2),0)+IFERROR(K191*LOG(K191,2),0)) | M192: kanan | N192: Entropy | O192: =-(IFERROR(O189*LOG(O189,2),0)+IFERROR(O190*LOG(O190,2),0)+IFERROR(O191*LOG(O191,2),0))
E193: tengah | G193: =SUM(F189:F191)/163 | I193: kanan | K193: =SUM(J189:J191)/163 | M193: kanan | O193: =SUM(N189:N191)/163
E194: tengah | G194: =G192*G193 | I194: tengah | K194: =K192*K193 | M194: kanan | O194: =O192*O193
E195: kiri | I195: tengah | M195: kanan
E196: kiri | F196: IG | I196: kiri | J196: IG | M196: tengah | N196: IG
E197: kanan | F197: =P5-(G176+G185+G194) | I197: kanan | J197: =P5-(K176+K185+K194) | M197: kanan | N197: =P5-(O176+O185+O194)
E198: tengah | I198: tengah | M198: kanan
E199: tengah | I199: tengah | M199: kanan
E200: tengah | I200: tengah | M200: kanan
E201: tengah | I201: tengah | M201: kanan
E202: tengah | I202: kanan | M202: kanan
E203: tengah | I203: tengah | M203: kanan
E204: tengah | I204: kiri | M204: tengah
E205: tengah | I205: kanan | M205: tengah
E206: kanan | I206: tengah | M206: kanan
E207: kiri | I207: tengah | M207: kanan
E208: tengah | I208: kanan | M208: tengah
E209: kiri | I209: tengah | M209: kanan
... E332: tengah | I332: tengah | M332: kanan

Sheet Pohon 11
A1: No | B1: Lama Rawat Inap | C1: Jenis Kelamin | D1: Tingkat Resiko | H1: No | I1: Lama Rawat Inap | J1: Jenis Kelamin | K1: Tingkat Resiko | O1: Perhitungan root
A2: =RANDBETWEEN(2,164) | B2: {=INDEX(Data_DBD!$C:$C,$A2)} | C2: {=INDEX(Data_DBD!$E:$E,$A2)} | D2: {=INDEX(Data_DBD!$F:$F,$A2)} | H2: 35 | I2: 3 | J2: 1 | K2: Rendah | O2: Tinggi | P2: =COUNTIF(K2:K164,"Tinggi") | Q2: =P2/163
A3: =RANDBETWEEN(2,164) | B3: {=INDEX(Data_DBD!$C:$C,$A3)} | C3: {=INDEX(Data_DBD!$E:$E,$A3)} | D3: {=INDEX(Data_DBD!$F:$F,$A3)} | H3: 152 | I3: 3 | J3: 1 | K3: Tinggi | O3: Sedang | P3: =COUNTIF(K2:K164,"Sedang") | Q3: =P3/163
A4: =RANDBETWEEN(2,164) | B4: {=INDEX(Data_DBD!$C:$C,$A4)} | C4: {=INDEX(Data_DBD!$E:$E,$A4)} | D4: {=INDEX(Data_DBD!$F:$F,$A4)} | H4: 87 | I4: 3 | J4: 0 | K4: Sedang | O4: Rendah | P4: =COUNTIF(K2:K164,"Rendah") | Q4: =P4/163
A5: =RANDBETWEEN(2,164) | B5: {=INDEX(Data_DBD!$C:$C,$A5)} | C5: {=INDEX(Data_DBD!$E:$E,$A5)} | D5: {=INDEX(Data_DBD!$F:$F,$A5)} | H5: 125 | I5: 4 | J5: 0 | K5: Tinggi | O5: Entropy Root | P5: =-(IFERROR(Q2*LOG(Q2,2),0)+IFERROR(Q3*LOG(Q3,2),0)+IFERROR(Q4*LOG(Q4,2),0))
A6: =RANDBETWEEN(2,164) | B6: {=INDEX(Data_DBD!$C:$C,$A6)} | C6: {=INDEX(Data_DBD!$E:$E,$A6)} | D6: {=INDEX(Data_DBD!$F:$F,$A6)} | H6: 50 | I6: 5 | J6: 0 | K6: Sedang
A7: =RANDBETWEEN(2,164) | B7: {=INDEX(Data_DBD!$C:$C,$A7)} | C7: {=INDEX(Data_DBD!$E:$E,$A7)} | D7: {=INDEX(Data_DBD!$F:$F,$A7)} | H7: 123 | I7: 4 | J7: 0 | K7: Tinggi
A8: =RANDBETWEEN(2,164) | B8: {=INDEX(Data_DBD!$C:$C,$A8)} | C8: {=INDEX(Data_DBD!$E:$E,$A8)} | D8: {=INDEX(Data_DBD!$F:$F,$A8)} | H8: 6 | I8: 4 | J8: 0 | K8: Sedang
A9: =RANDBETWEEN(2,164) | B9: {=INDEX(Data_DBD!$C:$C,$A9)} | C9: {=INDEX(Data_DBD!$E:$E,$A9)} | D9: {=INDEX(Data_DBD!$F:$F,$A9)} | H9: 94 | I9: 4 | J9: 0 | K9: Tinggi
A10: =RANDBETWEEN(2,164) | B10: {=INDEX(Data_DBD!$C:$C,$A10)} | C10: {=INDEX(Data_DBD!$E:$E,$A10)} | D10: {=INDEX(Data_DBD!$F:$F,$A10)} | H10: 149 | I10: 5 | J10: 0 | K10: Tinggi
A11: =RANDBETWEEN(2,164) | B11: {=INDEX(Data_DBD!$C:$C,$A11)} | C11: {=INDEX(Data_DBD!$E:$E,$A11)} | D11: {=INDEX(Data_DBD!$F:$F,$A11)} | H11: 20 | I11: 5 | J11: 0 | K11: Rendah
A12: =RANDBETWEEN(2,164) | B12: {=INDEX(Data_DBD!$C:$C,$A12)} | C12: {=INDEX(Data_DBD!$E:$E,$A12)} | D12: {=INDEX(Data_DBD!$F:$F,$A12)} | H12: 106 | I12: 3 | J12: 1 | K12: Tinggi
A13: =RANDBETWEEN(2,164) | B13: {=INDEX(Data_DBD!$C:$C,$A13)} | C13: {=INDEX(Data_DBD!$E:$E,$A13)} | D13: {=INDEX(Data_DBD!$F:$F,$A13)} | H13: 156 | I13: 2 | J13: 0 | K13: Tinggi
A14: =RANDBETWEEN(2,164) | B14: {=INDEX(Data_DBD!$C:$C,$A14)} | C14: {=INDEX(Data_DBD!$E:$E,$A14)} | D14: {=INDEX(Data_DBD!$F:$F,$A14)} | H14: 16 | I14: 5 | J14: 1 | K14: Rendah
A15: =RANDBETWEEN(2,164) | B15: {=INDEX(Data_DBD!$C:$C,$A15)} | C15: {=INDEX(Data_DBD!$E:$E,$A15)} | D15: {=INDEX(Data_DBD!$F:$F,$A15)} | H15: 5 | I15: 2 | J15: 1 | K15: Sedang
A16: =RANDBETWEEN(2,164) | B16: {=INDEX(Data_DBD!$C:$C,$A16)} | C16: {=INDEX(Data_DBD!$E:$E,$A16)} | D16: {=INDEX(Data_DBD!$F:$F,$A16)} | H16: 98 | I16: 2 | J16: 1 | K16: Tinggi
A17: =RANDBETWEEN(2,164) | B17: {=INDEX(Data_DBD!$C:$C,$A17)} | C17: {=INDEX(Data_DBD!$E:$E,$A17)} | D17: {=INDEX(Data_DBD!$F:$F,$A17)} | H17: 8 | I17: 2 | J17: 0 | K17: Sedang
... A164: =RANDBETWEEN(2,164) | B164: {=INDEX(Data_DBD!$C:$C,$A164)} | C164: {=INDEX(Data_DBD!$E:$E,$A164)} | D164: {=INDEX(Data_DBD!$F:$F,$A164)} | H164: 132 | I164: 3 | J164: 1 | K164: Tinggi
I165: =AVERAGE(I2:I164) | J165: =AVERAGE(J2:J164)
B166: 55
I168: LAMA RAWAT INAP | M168: JENIS KELAMIN
I169: Lama rawat inap | J169: =AVERAGEIF($I$2:$I$164,"<="&$I$165) | K169: =AVERAGEIF($I$2:$I$164,">"&$I$165) | M169: Jenis kelamin | N169: =AVERAGEIF($J$2:$J$164,"<="&$J$165) | O169: =AVERAGEIF($J$2:$J$164,">"&$J$165)
I170: {=IF($I$2:$I$164<$J$169,"kiri",IF($I$2:$I$164<$K$169,"tengah","kanan"))} | J170: Kanan > 4.48 | M170: {=IF($J$2:$J$164<$N$169,"kiri",IF($J$2:$J$164<$O$169,"tengah","kanan"))} | N170: Kanan > 1
I171: tengah | J171: =COUNTIFS($I$170:$I$332,"Kanan",$K$2:$K$164,"Tinggi") | K171: =J171/27 | M171: kanan | N171: =COUNTIFS($M$170:$M$332,"Kanan",$K$2:$K$164,"Tinggi") | O171: =N171/94
I172: tengah | J172: =COUNTIFS($I$170:$I$332,"Kanan",$K$2:$K$164,"Sedang") | K172: =J172/27 | M172: tengah | N172: =COUNTIFS($M$170:$M$332,"Kanan",$K$2:$K$164,"Sedang") | O172: =N172/94
I173: tengah | J173: =COUNTIFS($I$170:$I$332,"Kanan",$K$2:$K$164,"Rendah") | K173: =J173/27 | M173: tengah | N173: =COUNTIFS($M$170:$M$332,"Kanan",$K$2:$K$164,"Rendah") | O173: =N173/94
I174: kanan | J174: Entropy | K174: =-(IFERROR(K171*LOG(K171,2),0)+IFERROR(K172*LOG(K172,2),0)+IFERROR(K173*LOG(K173,2),0)) | M174: tengah | N174: Entropy | O174: =-(IFERROR(O171*LOG(O171,2),0)+IFERROR(O172*LOG(O172,2),0)+IFERROR(O173*LOG(O173,2),0))
I175: tengah | K175: =SUM(J171:J173)/163 | M175: tengah | O175: =SUM(N171:N173)/163
I176: tengah | K176: =K174*K175 | M176: tengah | O176: =O174*O175
I177: tengah | M177: tengah
I178: kanan | M178: tengah
I179: kanan | J179: Kiri<2.44 | M179: tengah | N179: Kiri<0
I180: tengah | J180: =COUNTIFS($I$170:$I$332,"Kiri",$K$2:$K$164,"Tinggi") | K180: =J180/42 | M180: kanan | N180: =COUNTIFS($N$170:$N$332,"Kiri",$K$2:$K$164,"Tinggi") | O180: =N180/57
I181: kiri | J181: =COUNTIFS($I$170:$I$332,"Kiri",$K$2:$K$164,"Sedang") | K181: =J181/42 | M181: tengah | N181: =COUNTIFS($N$170:$N$332,"Kiri",$K$2:$K$164,"Sedang") | O181: =N181/57
I182: kanan | J182: =COUNTIFS($I$170:$I$332,"Kiri",$K$2:$K$164,"Rendah") | K182: =J182/42 | M182: kanan | N182: =COUNTIFS($N$170:$N$332,"Kiri",$K$2:$K$164,"Rendah") | O182: =N182/57
I183: kiri | J183: Entropy | K183: =-(IFERROR(K180*LOG(K180,2),0)+IFERROR(K181*LOG(K181,2),0)+IFERROR(K182*LOG(K182,2),0)) | M183: kanan | N183: Entropy | O183: =-(IFERROR(O180*LOG(O180,2),0)+IFERROR(O181*LOG(O181,2),0)+IFERROR(O182*LOG(O182,2),0))
I184: kiri | K184: =SUM(J180:J182)/163 | M184: kanan | O184: =SUM(N180:N182)/163
I185: kiri | K185: =K183*K184 | M185: tengah | O185: =O183*O184
I186: tengah | M186: tengah
I187: kiri | M187: kanan
I188: tengah | J188: Tengah | M188: tengah | N188: Tengah
I189: tengah | J189: =COUNTIFS($I$170:$I$332,"Tengah",$K$2:$K$164,"Tinggi") | K189: =J189/94 | M189: tengah | N189: =COUNTIFS($M$170:$M$332,"Tengah",$K$2:$K$164,"Tinggi") | O189: =N189/69
I190: tengah | J190: =COUNTIFS($I$170:$I$332,"Tengah",$K$2:$K$164,"Sedang") | K190: =J190/94 | M190: tengah | N190: =COUNTIFS($M$170:$M$332,"Tengah",$K$2:$K$164,"Sedang") | O190: =N190/69
I191: kiri | J191: =COUNTIFS($I$170:$I$332,"Tengah",$K$2:$K$164,"Rendah") | K191: =J191/94 | M191: kanan | N191: =COUNTIFS($M$170:$M$332,"Tengah",$K$2:$K$164,"Rendah") | O191: =N191/69
I192: kanan | J192: Entropy | K192: =-(IFERROR(K189*LOG(K189,2),0)+IFERROR(K190*LOG(K190,2),0)+IFERROR(K191*LOG(K191,2),0)) | M192: tengah | N192: Entropy | O192: =-(IFERROR(O189*LOG(O189,2),0)+IFERROR(O190*LOG(O190,2),0)+IFERROR(O191*LOG(O191,2),0))
I193: tengah | K193: =SUM(J189:J191)/163 | M193: tengah | O193: =SUM(N189:N191)/163
I194: tengah | K194: =K192*K193 | M194: kanan | O194: =O192*O193
I195: tengah | M195: tengah
I196: tengah | J196: IG | M196: kanan | N196: IG
I197: tengah | J197: =P5-(K176+K185+K194) | M197: kanan | N197: =P5-(O176+O185+O194)
I198: tengah | M198: tengah
I199: kiri | M199: kanan
I200: kiri | M200: kanan
I201: tengah | M201: kanan
I202: kiri | M202: tengah
I203: tengah | M203: kanan
I204: kiri | M204: kanan
I205: tengah | M205: tengah
I206: kiri | M206: kanan
I207: tengah | M207: tengah
I208: tengah | M208: tengah
I209: kanan | M209: tengah
... I332: tengah | M332: kanan

Sheet Pohon 12
A1: No | B1: Jenis Kelamin | C1: Tingkat Resiko | E1: No | F1: Jenis Kelamin | G1: Tingkat Resiko | I1: Perhitungan root
A2: =RANDBETWEEN(2,164) | B2: {=INDEX(Data_DBD!$E:$E,$A2)} | C2: {=INDEX(Data_DBD!$F:$F,$A2)} | E2: 140 | F2: 1 | G2: Tinggi | I2: Tinggi | J2: =COUNTIF(G2:G164,"Tinggi") | K2: =J2/163
A3: =RANDBETWEEN(2,164) | B3: {=INDEX(Data_DBD!$E:$E,$A3)} | C3: {=INDEX(Data_DBD!$F:$F,$A3)} | E3: 64 | F3: 0 | G3: Sedang | I3: Sedang | J3: =COUNTIF(G2:G164,"Sedang") | K3: =J3/163
A4: =RANDBETWEEN(2,164) | B4: {=INDEX(Data_DBD!$E:$E,$A4)} | C4: {=INDEX(Data_DBD!$F:$F,$A4)} | E4: 122 | F4: 1 | G4: Tinggi | I4: Rendah | J4: =COUNTIF(G2:G164,"Rendah") | K4: =J4/163
A5: =RANDBETWEEN(2,164) | B5: {=INDEX(Data_DBD!$E:$E,$A5)} | C5: {=INDEX(Data_DBD!$F:$F,$A5)} | E5: 15 | F5: 0 | G5: Rendah | I5: Entropy Root | J5: =-(IFERROR(K2*LOG(K2,2),0)+IFERROR(K3*LOG(K3,2),0)+IFERROR(K4*LOG(K4,2),0))
A6: =RANDBETWEEN(2,164) | B6: {=INDEX(Data_DBD!$E:$E,$A6)} | C6: {=INDEX(Data_DBD!$F:$F,$A6)} | E6: 38 | F6: 1 | G6: Rendah
A7: =RANDBETWEEN(2,164) | B7: {=INDEX(Data_DBD!$E:$E,$A7)} | C7: {=INDEX(Data_DBD!$F:$F,$A7)} | E7: 77 | F7: 1 | G7: Sedang
A8: =RANDBETWEEN(2,164) | B8: {=INDEX(Data_DBD!$E:$E,$A8)} | C8: {=INDEX(Data_DBD!$F:$F,$A8)} | E8: 42 | F8: 1 | G8: Sedang
A9: =RANDBETWEEN(2,164) | B9: {=INDEX(Data_DBD!$E:$E,$A9)} | C9: {=INDEX(Data_DBD!$F:$F,$A9)} | E9: 117 | F9: 1 | G9: Tinggi
A10: =RANDBETWEEN(2,164) | B10: {=INDEX(Data_DBD!$E:$E,$A10)} | C10: {=INDEX(Data_DBD!$F:$F,$A10)} | E10: 131 | F10: 0 | G10: Tinggi
A11: =RANDBETWEEN(2,164) | B11: {=INDEX(Data_DBD!$E:$E,$A11)} | C11: {=INDEX(Data_DBD!$F:$F,$A11)} | E11: 16 | F11: 1 | G11: Rendah
A12: =RANDBETWEEN(2,164) | B12: {=INDEX(Data_DBD!$E:$E,$A12)} | C12: {=INDEX(Data_DBD!$F:$F,$A12)} | E12: 95 | F12: 1 | G12: Tinggi
A13: =RANDBETWEEN(2,164) | B13: {=INDEX(Data_DBD!$E:$E,$A13)} | C13: {=INDEX(Data_DBD!$F:$F,$A13)} | E13: 72 | F13: 1 | G13: Sedang
A14: =RANDBETWEEN(2,164) | B14: {=INDEX(Data_DBD!$E:$E,$A14)} | C14: {=INDEX(Data_DBD!$F:$F,$A14)} | E14: 28 | F14: 1 | G14: Sedang
A15: =RANDBETWEEN(2,164) | B15: {=INDEX(Data_DBD!$E:$E,$A15)} | C15: {=INDEX(Data_DBD!$F:$F,$A15)} | E15: 64 | F15: 0 | G15: Sedang
A16: =RANDBETWEEN(2,164) | B16: {=INDEX(Data_DBD!$E:$E,$A16)} | C16: {=INDEX(Data_DBD!$F:$F,$A16)} | E16: 100 | F16: 0 | G16: Tinggi
A17: =RANDBETWEEN(2,164) | B17: {=INDEX(Data_DBD!$E:$E,$A17)} | C17: {=INDEX(Data_DBD!$F:$F,$A17)} | E17: 85 | F17: 0 | G17: Sedang
... A164: =RANDBETWEEN(2,164) | B164: {=INDEX(Data_DBD!$E:$E,$A164)} | C164: {=INDEX(Data_DBD!$F:$F,$A164)} | E164: 136 | F164: 0 | G164: Tinggi
F165: =AVERAGE(F2:F164)
B166: 2
E168: JENIS KELAMIN
E169: Jenis kelamin | F169: =AVERAGEIF($F$2:$F$164,"<="&$F$165) | G169: =AVERAGEIF($F$2:$F$164,">"&$F$165)
E170: {=IF($F$2:$F$164<$F$169,"kiri",IF($F$2:$F$164<$G$169,"tengah","kanan"))} | F170: Kanan > 1
E171: tengah | F171: =COUNTIFS($E$170:$E$332,"Kanan",$G$2:$G$164,"Tinggi") | G171: =F171/88
E172: kanan | F172: =COUNTIFS($E$170:$E$332,"Kanan",$G$2:$G$164,"Sedang") | G172: =F172/88
E173: tengah | F173: =COUNTIFS($E$170:$E$332,"Kanan",$G$2:$G$164,"Rendah") | G173: =F173/88
E174: kanan | F174: Entropy | G174: =-(IFERROR(G171*LOG(G171,2),0)+IFERROR(G172*LOG(G172,2),0)+IFERROR(G173*LOG(G173,2),0))
E175: kanan | G175: =SUM(F171:F173)/163
E176: kanan | G176: =G174*G175
E177: kanan
E178: tengah
E179: kanan | F179: Kiri<0
E180: kanan | F180: =COUNTIFS($E$170:$E$332,"Kiri",$G$2:$G$164,"Tinggi") | G180: =F180/88
E181: kanan | F181: =COUNTIFS($E$170:$E$332,"Kiri",$G$2:$G$164,"Sedang") | G181: =F181/88
E182: kanan | F182: =COUNTIFS($E$170:$E$332,"Kiri",$G$2:$G$164,"Rendah") | G182: =F182/88
E183: tengah | F183: Entropy | G183: =-(IFERROR(G180*LOG(G180,2),0)+IFERROR(G181*LOG(G181,2),0)+IFERROR(G182*LOG(G182,2),0))
E184: tengah | G184: =SUM(F180:F182)/163
E185: tengah | G185: =G183*G184
E186: kanan
E187: tengah
E188: tengah | F188: Tengah
E189: kanan | F189: =COUNTIFS($E$170:$E$332,"Tengah",$G$2:$G$164,"Tinggi") | G189: =F189/75
E190: tengah | F190: =COUNTIFS($E$170:$E$332,"Tengah",$G$2:$G$164,"Sedang") | G190: =F190/75
E191: tengah | F191: =COUNTIFS($E$170:$E$332,"Tengah",$G$2:$G$164,"Rendah") | G191: =F191/75
E192: kanan | F192: Entropy | G192: =-(IFERROR(G189*LOG(G189,2),0)+IFERROR(G190*LOG(G190,2),0)+IFERROR(G191*LOG(G191,2),0))
E193: kanan | G193: =SUM(F189:F191)/163
E194: tengah | G194: =G192*G193
E195: tengah
E196: kanan | F196: IG
E197: kanan | F197: =J5-(G176+G185+G194)
E198: kanan
E199: tengah
E200: kanan
E201: kanan
E202: kanan
E203: tengah
E204: tengah
E205: kanan
E206: kanan
E207: tengah
E208: kanan
E209: kanan
... E332: tengah

Sheet Pohon 13
A1: No | B1: Usia | C1: Lama Rawat Inap | D1: Jumlah Kasus Per Bulan | E1: Jenis Kelamin | F1: Tingkat Resiko | H1: No | I1: Usia | J1: Lama Rawat Inap | K1: Jumlah Kasus Per Bulan | L1: Jenis Kelamin | M1: Tingkat Resiko | O1: Perhitungan root
A2: =RANDBETWEEN(2,164) | B2: {=INDEX(Data_DBD!$B:$B,$A2)} | C2: {=INDEX(Data_DBD!$C:$C,$A2)} | D2: {=INDEX(Data_DBD!$D:$D,$A2)} | E2: {=INDEX(Data_DBD!$E:$E,$A2)} | F2: {=INDEX(Data_DBD!$F:$F,$A2)} | H2: 98 | I2: 16 | J2: 2 | K2: 18 | L2: 1 | M2: Tinggi | O2: Tinggi | P2: =COUNTIF(M2:M164,"Tinggi") | Q2: =P2/163
A3: =RANDBETWEEN(2,164) | B3: {=INDEX(Data_DBD!$B:$B,$A3)} | C3: {=INDEX(Data_DBD!$C:$C,$A3)} | D3: {=INDEX(Data_DBD!$D:$D,$A3)} | E3: {=INDEX(Data_DBD!$E:$E,$A3)} | F3: {=INDEX(Data_DBD!$F:$F,$A3)} | H3: 109 | I3: 40 | J3: 3 | K3: 33 | L3: 1 | M3: Tinggi | O3: Sedang | P3: =COUNTIF(M2:M164,"Sedang") | Q3: =P3/163
A4: =RANDBETWEEN(2,164) | B4: {=INDEX(Data_DBD!$B:$B,$A4)} | C4: {=INDEX(Data_DBD!$C:$C,$A4)} | D4: {=INDEX(Data_DBD!$D:$D,$A4)} | E4: {=INDEX(Data_DBD!$E:$E,$A4)} | F4: {=INDEX(Data_DBD!$F:$F,$A4)} | H4: 38 | I4: 52 | J4: 3 | K4: 4 | L4: 1 | M4: Rendah | O4: Rendah | P4: =COUNTIF(M2:M164,"Rendah") | Q4: =P4/163
A5: =RANDBETWEEN(2,164) | B5: {=INDEX(Data_DBD!$B:$B,$A5)} | C5: {=INDEX(Data_DBD!$C:$C,$A5)} | D5: {=INDEX(Data_DBD!$D:$D,$A5)} | E5: {=INDEX(Data_DBD!$E:$E,$A5)} | F5: {=INDEX(Data_DBD!$F:$F,$A5)} | H5: 116 | I5: 32 | J5: 4 | K5: 33 | L5: 1 | M5: Tinggi | O5: Entropy Root | P5: =-(IFERROR(Q2*LOG(Q2,2),0)+IFERROR(Q3*LOG(Q3,2),0)+IFERROR(Q4*LOG(Q4,2),0))
A6: =RANDBETWEEN(2,164) | B6: {=INDEX(Data_DBD!$B:$B,$A6)} | C6: {=INDEX(Data_DBD!$C:$C,$A6)} | D6: {=INDEX(Data_DBD!$D:$D,$A6)} | E6: {=INDEX(Data_DBD!$E:$E,$A6)} | F6: {=INDEX(Data_DBD!$F:$F,$A6)} | H6: 126 | I6: 51 | J6: 3 | K6: 33 | L6: 1 | M6: Tinggi
A7: =RANDBETWEEN(2,164) | B7: {=INDEX(Data_DBD!$B:$B,$A7)} | C7: {=INDEX(Data_DBD!$C:$C,$A7)} | D7: {=INDEX(Data_DBD!$D:$D,$A7)} | E7: {=INDEX(Data_DBD!$E:$E,$A7)} | F7: {=INDEX(Data_DBD!$F:$F,$A7)} | H7: 156 | I7: 5 | J7: 2 | K7: 21 | L7: 0 | M7: Tinggi
A8: =RANDBETWEEN(2,164) | B8: {=INDEX(Data_DBD!$B:$B,$A8)} | C8: {=INDEX(Data_DBD!$C:$C,$A8)} | D8: {=INDEX(Data_DBD!$D:$D,$A8)} | E8: {=INDEX(Data_DBD!$E:$E,$A8)} | F8: {=INDEX(Data_DBD!$F:$F,$A8)} | H8: 90 | I8: 47 | J8: 3 | K8: 18 | L8: 0 | M8: Tinggi
A9: =RANDBETWEEN(2,164) | B9: {=INDEX(Data_DBD!$B:$B,$A9)} | C9: {=INDEX(Data_DBD!$C:$C,$A9)} | D9: {=INDEX(Data_DBD!$D:$D,$A9)} | E9: {=INDEX(Data_DBD!$E:$E,$A9)} | F9: {=INDEX(Data_DBD!$F:$F,$A9)} | H9: 82 | I9: 28 | J9: 3 | K9: 13 | L9: 1 | M9: Sedang
A10: =RANDBETWEEN(2,164) | B10: {=INDEX(Data_DBD!$B:$B,$A10)} | C10: {=INDEX(Data_DBD!$C:$C,$A10)} | D10: {=INDEX(Data_DBD!$D:$D,$A10)} | E10: {=INDEX(Data_DBD!$E:$E,$A10)} | F10: {=INDEX(Data_DBD!$F:$F,$A10)} | H10: 65 | I10: 49 | J10: 3 | K10: 15 | L10: 0 | M10: Sedang
A11: =RANDBETWEEN(2,164) | B11: {=INDEX(Data_DBD!$B:$B,$A11)} | C11: {=INDEX(Data_DBD!$C:$C,$A11)} | D11: {=INDEX(Data_DBD!$D:$D,$A11)} | E11: {=INDEX(Data_DBD!$E:$E,$A11)} | F11: {=INDEX(Data_DBD!$F:$F,$A11)} | H11: 128 | I11: 38 | J11: 2 | K11: 33 | L11: 0 | M11: Tinggi
A12: =RANDBETWEEN(2,164) | B12: {=INDEX(Data_DBD!$B:$B,$A12)} | C12: {=INDEX(Data_DBD!$C:$C,$A12)} | D12: {=INDEX(Data_DBD!$D:$D,$A12)} | E12: {=INDEX(Data_DBD!$E:$E,$A12)} | F12: {=INDEX(Data_DBD!$F:$F,$A12)} | H12: 26 | I12: 75 | J12: 4 | K12: 14 | L12: 1 | M12: Sedang
A13: =RANDBETWEEN(2,164) | B13: {=INDEX(Data_DBD!$B:$B,$A13)} | C13: {=INDEX(Data_DBD!$C:$C,$A13)} | D13: {=INDEX(Data_DBD!$D:$D,$A13)} | E13: {=INDEX(Data_DBD!$E:$E,$A13)} | F13: {=INDEX(Data_DBD!$F:$F,$A13)} | H13: 148 | I13: 55 | J13: 3 | K13: 21 | L13: 1 | M13: Tinggi
A14: =RANDBETWEEN(2,164) | B14: {=INDEX(Data_DBD!$B:$B,$A14)} | C14: {=INDEX(Data_DBD!$C:$C,$A14)} | D14: {=INDEX(Data_DBD!$D:$D,$A14)} | E14: {=INDEX(Data_DBD!$E:$E,$A14)} | F14: {=INDEX(Data_DBD!$F:$F,$A14)} | H14: 156 | I14: 5 | J14: 2 | K14: 21 | L14: 0 | M14: Tinggi
A15: =RANDBETWEEN(2,164) | B15: {=INDEX(Data_DBD!$B:$B,$A15)} | C15: {=INDEX(Data_DBD!$C:$C,$A15)} | D15: {=INDEX(Data_DBD!$D:$D,$A15)} | E15: {=INDEX(Data_DBD!$E:$E,$A15)} | F15: {=INDEX(Data_DBD!$F:$F,$A15)} | H15: 102 | I15: 41 | J15: 4 | K15: 18 | L15: 0 | M15: Tinggi
A16: =RANDBETWEEN(2,164) | B16: {=INDEX(Data_DBD!$B:$B,$A16)} | C16: {=INDEX(Data_DBD!$C:$C,$A16)} | D16: {=INDEX(Data_DBD!$D:$D,$A16)} | E16: {=INDEX(Data_DBD!$E:$E,$A16)} | F16: {=INDEX(Data_DBD!$F:$F,$A16)} | H16: 88 | I16: 20 | J16: 4 | K16: 13 | L16: 1 | M16: Sedang
A17: =RANDBETWEEN(2,164) | B17: {=INDEX(Data_DBD!$B:$B,$A17)} | C17: {=INDEX(Data_DBD!$C:$C,$A17)} | D17: {=INDEX(Data_DBD!$D:$D,$A17)} | E17: {=INDEX(Data_DBD!$E:$E,$A17)} | F17: {=INDEX(Data_DBD!$F:$F,$A17)} | H17: 111 | I17: 25 | J17: 4 | K17: 33 | L17: 0 | M17: Tinggi
... A164: =RANDBETWEEN(2,164) | B164: {=INDEX(Data_DBD!$B:$B,$A164)} | C164: {=INDEX(Data_DBD!$C:$C,$A164)} | D164: {=INDEX(Data_DBD!$D:$D,$A164)} | E164: {=INDEX(Data_DBD!$E:$E,$A164)} | F164: {=INDEX(Data_DBD!$F:$F,$A164)} | H164: 89 | I164: 32 | J164: 4 | K164: 13 | L164: 0 | M164: Sedang
I165: =AVERAGE(I2:I164) | J165: =AVERAGE(J2:J164) | K165: =AVERAGE(K2:K164) | L165: =AVERAGE(L2:L164)
B166: 43
E168: USIA | J168: LAMA RAWAT INAP | O168: JUMLAH KASUS PER BULAN | T168: JENIS KELAMIN
E169: Usia | F169: =AVERAGEIF($I$2:$I$164,"<="&$I$165) | G169: =AVERAGEIF($I$2:$I$164,">"&$I$165) | J169: Lama rawat inap | K169: =AVERAGEIF($J$2:$J$164,"<="&$J$165) | L169: =AVERAGEIF($J$2:$J$164,">"&$J$165) | O169: Jumlah kasus perbulan | P169: =AVERAGEIF($K$2:$K$164,"<="&$K$165) | Q169: =AVERAGEIF($K$2:$K$164,">"&$K$165) | T169: Jenis kelamin | U169: =AVERAGEIF($L$2:$L$164,"<="&$L$165) | V169: =AVERAGEIF($L$2:$L$164,">"&$L$165)
E170: {=IF($I$2:$I$164<$F$169,"kiri",IF($I$2:$I$164<$G$169,"tengah","kanan"))} | F170: Kanan > 52.01 | J170: {=IF($J$2:$J$164<$K$169,"kiri",IF($J$2:$J$164<$L$169,"tengah","kanan"))} | K170: Kanan > 4.6 | O170: {=IF($K$2:$K$164<$P$169,"kiri",IF($K$2:$K$164<$Q$169,"tengah","kanan"))} | P170: Kanan > 24.90 | T170: {=IF($L$2:$L$164<$U$169,"kiri",IF($L$2:$L$164<$V$169,"tengah","kanan"))} | U170: Kanan > 1
E171: tengah | F171: =COUNTIFS($E$170:$E$332,"Kanan",$M$2:$M$164,"Tinggi") | G171: =F171/29 | J171: tengah | K171: =COUNTIFS($J$170:$J$332,"Kanan",$M$2:$M$164,"Tinggi") | L171: =K171/26 | O171: kanan | P171: =COUNTIFS($O$170:$O$332,"Kanan",$M$2:$M$164,"Tinggi") | Q171: =P171/29 | T171: kanan | U171: =COUNTIFS($T$170:$T$332,"Kanan",$M$2:$M$164,"Tinggi") | V171: =U171/79
E172: tengah | F172: =COUNTIFS($E$170:$E$332,"Kanan",$M$2:$M$164,"Sedang") | G172: =F172/29 | J172: tengah | K172: =COUNTIFS($J$170:$J$332,"Kanan",$M$2:$M$164,"Sedang") | L172: =K172/26 | O172: kiri | P172: =COUNTIFS($O$170:$O$332,"Kanan",$M$2:$M$164,"Sedang") | Q172: =P172/29 | T172: kanan | U172: =COUNTIFS($T$170:$T$332,"Kanan",$M$2:$M$164,"Sedang") | V172: =U172/79
E173: tengah | F173: =COUNTIFS($E$170:$E$332,"Kanan",$M$2:$M$164,"Rendah") | G173: =F173/29 | J173: tengah | K173: =COUNTIFS($J$170:$J$332,"Kanan",$M$2:$M$164,"Rendah") | L173: =K173/26 | O173: kanan | P173: =COUNTIFS($O$170:$O$332,"Kanan",$M$2:$M$164,"Rendah") | Q173: =P173/29 | T173: kanan | U173: =COUNTIFS($T$170:$T$332,"Kanan",$M$2:$M$164,"Rendah") | V173: =U173/79
E174: tengah | F174: Entropy | G174: =-(IFERROR(G171*LOG(G171,2),0)+IFERROR(G172*LOG(G172,2),0)+IFERROR(G173*LOG(G173,2),0)) | J174: tengah | K174: Entropy | L174: =-(IFERROR(L171*LOG(L171,2),0)+IFERROR(L172*LOG(L172,2),0)+IFERROR(L173*LOG(L173,2),0)) | O174: kanan | P174: Entropy | Q174: =-(IFERROR(Q171*LOG(Q171,2),0)+IFERROR(Q172*LOG(Q172,2),0)+IFERROR(Q173*LOG(Q173,2),0)) | T174: kanan | U174: Entropy | V174: =-(IFERROR(V171*LOG(V171,2),0)+IFERROR(V172*LOG(V172,2),0)+IFERROR(V173*LOG(V173,2),0))
E175: kiri | G175: =SUM(F171:F173)/163 | J175: kiri | L175: =SUM(K171:K173)/163 | O175: tengah | Q175: =SUM(P171:P173)/163 | T175: tengah | V175: =SUM(U171:U173)/163
E176: tengah | G176: =G174*G175 | J176: tengah | L176: =L174*L175 | O176: tengah | Q176: =Q174*Q175 | T176: tengah | V176: =V174*V175
E177: tengah | J177: tengah | O177: tengah | T177: kanan
E178: tengah | J178: tengah | O178: tengah | T178: tengah
E179: tengah | F179: Kiri<14.78 | J179: kiri | K179: Kiri<2.50 | O179: kanan | P179: Kiri<11.77 | T179: tengah | U179: Kiri<0
E180: kanan | F180: =COUNTIFS($E$170:$E$332,"Kiri",$M$2:$M$164,"Tinggi") | G180: =F180/36 | J180: tengah | K180: =COUNTIFS($J$170:$J$332,"Kiri",$M$2:$M$164,"Tinggi") | L180: =K180/41 | O180: tengah | P180: =COUNTIFS($O$170:$O$332,"Kiri",$M$2:$M$164,"Tinggi") | Q180: =P180/24 | T180: kanan | U180: =COUNTIFS($T$170:$T$332,"Kiri",$M$2:$M$164,"Tinggi") | V180: =U180/79
E181: kanan | F181: =COUNTIFS($E$170:$E$332,"Kiri",$M$2:$M$164,"Sedang") | G181: =F181/36 | J181: tengah | K181: =COUNTIFS($J$170:$J$332,"Kiri",$M$2:$M$164,"Sedang") | L181: =K181/41 | O181: tengah | P181: =COUNTIFS($O$170:$O$332,"Kiri",$M$2:$M$164,"Sedang") | Q181: =P181/24 | T181: kanan | U181: =COUNTIFS($T$170:$T$332,"Kiri",$M$2:$M$164,"Sedang") | V181: =U181/79
E182: kiri | F182: =COUNTIFS($E$170:$E$332,"Kiri",$M$2:$M$164,"Rendah") | G182: =F182/36 | J182: kiri | K182: =COUNTIFS($J$170:$J$332,"Kiri",$M$2:$M$164,"Rendah") | L182: =K182/41 | O182: tengah | P182: =COUNTIFS($O$170:$O$332,"Kiri",$M$2:$M$164,"Rendah") | Q182: =P182/24 | T182: tengah | U182: =COUNTIFS($T$170:$T$332,"Kiri",$M$2:$M$164,"Rendah") | V182: =U182/79
E183: tengah | F183: Entropy | G183: =-(IFERROR(G180*LOG(G180,2),0)+IFERROR(G181*LOG(G181,2),0)+IFERROR(G182*LOG(G182,2),0)) | J183: tengah | K183: Entropy | L183: =-(IFERROR(L180*LOG(L180,2),0)+IFERROR(L181*LOG(L181,2),0)+IFERROR(L182*LOG(L182,2),0)) | O183: tengah | P183: Entropy | Q183: =-(IFERROR(Q180*LOG(Q180,2),0)+IFERROR(Q181*LOG(Q181,2),0)+IFERROR(Q182*LOG(Q182,2),0)) | T183: tengah | U183: Entropy | V183: =-(IFERROR(V180*LOG(V180,2),0)+IFERROR(V181*LOG(V181,2),0)+IFERROR(V182*LOG(V182,2),0))
E184: tengah | G184: =SUM(F180:F182)/163 | J184: tengah | L184: =SUM(K180:K182)/163 | O184: tengah | Q184: =SUM(P180:P182)/163 | T184: kanan | V184: =SUM(U180:U182)/163
E185: tengah | G185: =G183*G184 | J185: tengah | L185: =L183*L184 | O185: kanan | Q185: =Q183*Q184 | T185: tengah | V185: =V183*V184
E186: kanan | J186: kiri | O186: kiri | T186: tengah
E187: tengah | J187: tengah | O187: tengah | T187: tengah
E188: kanan | F188: Tengah | J188: tengah | K188: Tengah | O188: tengah | P188: Tengah | T188: kanan | U188: Tengah
E189: tengah | F189: =COUNTIFS($E$170:$E$332,"Tengah",$M$2:$M$164,"Tinggi") | G189: =F189/98 | J189: tengah | K189: =COUNTIFS($J$170:$J$332,"Tengah",$M$2:$M$164,"Tinggi") | L189: =K189/96 | O189: tengah | P189: =COUNTIFS($O$170:$O$332,"Tengah",$M$2:$M$164,"Tinggi") | Q189: =P189/110 | T189: tengah | U189: =COUNTIFS($T$170:$T$332,"Tengah",$M$2:$M$164,"Tinggi") | V189: =U189/84
E190: tengah | F190: =COUNTIFS($E$170:$E$332,"Tengah",$M$2:$M$164,"Sedang") | G190: =F190/98 | J190: tengah | K190: =COUNTIFS($J$170:$J$332,"Tengah",$M$2:$M$164,"Sedang") | L190: =K190/96 | O190: tengah | P190: =COUNTIFS($O$170:$O$332,"Tengah",$M$2:$M$164,"Sedang") | Q190: =P190/110 | T190: kanan | U190: =COUNTIFS($T$170:$T$332,"Tengah",$M$2:$M$164,"Sedang") | V190: =U190/84
E191: tengah | F191: =COUNTIFS($E$170:$E$332,"Tengah",$M$2:$M$164,"Rendah") | G191: =F191/98 | J191: tengah | K191: =COUNTIFS($J$170:$J$332,"Tengah",$M$2:$M$164,"Rendah") | L191: =K191/96 | O191: tengah | P191: =COUNTIFS($O$170:$O$332,"Tengah",$M$2:$M$164,"Rendah") | Q191: =P191/110 | T191: tengah | U191: =COUNTIFS($T$170:$T$332,"Tengah",$M$2:$M$164,"Rendah") | V191: =U191/84
E192: tengah | F192: Entropy | G192: =-(IFERROR(G189*LOG(G189,2),0)+IFERROR(G190*LOG(G190,2),0)+IFERROR(G191*LOG(G191,2),0)) | J192: tengah | K192: Entropy | L192: =-(IFERROR(L189*LOG(L189,2),0)+IFERROR(L190*LOG(L190,2),0)+IFERROR(L191*LOG(L191,2),0)) | O192: tengah | P192: Entropy | Q192: =-(IFERROR(Q189*LOG(Q189,2),0)+IFERROR(Q190*LOG(Q190,2),0)+IFERROR(Q191*LOG(Q191,2),0)) | T192: tengah | U192: Entropy | V192: =-(IFERROR(V189*LOG(V189,2),0)+IFERROR(V190*LOG(V190,2),0)+IFERROR(V191*LOG(V191,2),0))
E193: tengah | G193: =SUM(F189:F191)/163 | J193: tengah | L193: =SUM(K189:K191)/163 | O193: tengah | Q193: =SUM(P189:P191)/163 | T193: tengah | V193: =SUM(U189:U191)/163
E194: kanan | G194: =G192*G193 | J194: kanan | L194: =L192*L193 | O194: kiri | Q194: =Q192*Q193 | T194: kanan | V194: =V192*V193
E195: tengah | J195: kiri | O195: tengah | T195: kanan
E196: tengah | F196: IG | J196: kiri | K196: IG | O196: tengah | P196: IG | T196: kanan | U196: IG
E197: tengah | F197: =P5-(G176+G185+G194) | J197: tengah | K197: =P5-(L176+L185+L194) | O197: kiri | P197: =P5-(Q176+Q185+Q194) | T197: kanan | U197: =P5-(V176+V185+V194)
E198: kanan | J198: tengah | O198: tengah | T198: kanan
E199: tengah | J199: tengah | O199: tengah | T199: kanan
E200: tengah | J200: kiri | O200: kanan | T200: tengah
E201: tengah | J201: tengah | O201: tengah | T201: tengah
E202: tengah | J202: kiri | O202: kiri | T202: tengah
E203: kanan | J203: tengah | O203: tengah | T203: tengah
E204: tengah | J204: tengah | O204: tengah | T204: kanan
E205: kiri | J205: tengah | O205: tengah | T205: kanan
E206: kiri | J206: tengah | O206: tengah | T206: kanan
E207: tengah | J207: kiri | O207: kanan | T207: kanan
E208: tengah | J208: kiri | O208: tengah | T208: tengah
E209: tengah | J209: tengah | O209: tengah | T209: tengah
... E332: tengah | J332: tengah | O332: tengah | T332: tengah

Sheet Pohon 14
A1: No | B1: Usia | C1: Lama Rawat Inap | D1: Jenis Kelamin | E1: Tingkat Resiko | H1: No | I1: Usia | J1: Lama Rawat Inap | K1: Jenis Kelamin | L1: Tingkat Resiko | O1: Perhitungan root
A2: =RANDBETWEEN(2,164) | B2: {=INDEX(Data_DBD!$B:$B,$A2)} | C2: {=INDEX(Data_DBD!$C:$C,$A2)} | D2: {=INDEX(Data_DBD!$E:$E,$A2)} | E2: {=INDEX(Data_DBD!$F:$F,$A2)} | H2: 54 | I2: 7 | J2: 3 | K2: 0 | L2: Sedang | O2: Tinggi | P2: =COUNTIF(L2:L164,"Tinggi") | Q2: =P2/163
A3: =RANDBETWEEN(2,164) | B3: {=INDEX(Data_DBD!$B:$B,$A3)} | C3: {=INDEX(Data_DBD!$C:$C,$A3)} | D3: {=INDEX(Data_DBD!$E:$E,$A3)} | E3: {=INDEX(Data_DBD!$F:$F,$A3)} | H3: 91 | I3: 35 | J3: 1 | K3: 1 | L3: Tinggi | O3: Sedang | P3: =COUNTIF(L2:L164,"Sedang") | Q3: =P3/163
A4: =RANDBETWEEN(2,164) | B4: {=INDEX(Data_DBD!$B:$B,$A4)} | C4: {=INDEX(Data_DBD!$C:$C,$A4)} | D4: {=INDEX(Data_DBD!$E:$E,$A4)} | E4: {=INDEX(Data_DBD!$F:$F,$A4)} | H4: 59 | I4: 28 | J4: 4 | K4: 0 | L4: Sedang | O4: Rendah | P4: =COUNTIF(L2:L164,"Rendah") | Q4: =P4/163
A5: =RANDBETWEEN(2,164) | B5: {=INDEX(Data_DBD!$B:$B,$A5)} | C5: {=INDEX(Data_DBD!$C:$C,$A5)} | D5: {=INDEX(Data_DBD!$E:$E,$A5)} | E5: {=INDEX(Data_DBD!$F:$F,$A5)} | H5: 38 | I5: 52 | J5: 3 | K5: 1 | L5: Rendah | O5: Entropy Root | P5: =-(IFERROR(Q2*LOG(Q2,2),0)+IFERROR(Q3*LOG(Q3,2),0)+IFERROR(Q4*LOG(Q4,2),0))
A6: =RANDBETWEEN(2,164) | B6: {=INDEX(Data_DBD!$B:$B,$A6)} | C6: {=INDEX(Data_DBD!$C:$C,$A6)} | D6: {=INDEX(Data_DBD!$E:$E,$A6)} | E6: {=INDEX(Data_DBD!$F:$F,$A6)} | H6: 142 | I6: 39 | J6: 2 | K6: 1 | L6: Tinggi
A7: =RANDBETWEEN(2,164) | B7: {=INDEX(Data_DBD!$B:$B,$A7)} | C7: {=INDEX(Data_DBD!$C:$C,$A7)} | D7: {=INDEX(Data_DBD!$E:$E,$A7)} | E7: {=INDEX(Data_DBD!$F:$F,$A7)} | H7: 142 | I7: 39 | J7: 2 | K7: 1 | L7: Tinggi
A8: =RANDBETWEEN(2,164) | B8: {=INDEX(Data_DBD!$B:$B,$A8)} | C8: {=INDEX(Data_DBD!$C:$C,$A8)} | D8: {=INDEX(Data_DBD!$E:$E,$A8)} | E8: {=INDEX(Data_DBD!$F:$F,$A8)} | H8: 33 | I8: 19 | J8: 4 | K8: 1 | L8: Sedang
A9: =RANDBETWEEN(2,164) | B9: {=INDEX(Data_DBD!$B:$B,$A9)} | C9: {=INDEX(Data_DBD!$C:$C,$A9)} | D9: {=INDEX(Data_DBD!$E:$E,$A9)} | E9: {=INDEX(Data_DBD!$F:$F,$A9)} | H9: 106 | I9: 23 | J9: 3 | K9: 1 | L9: Tinggi
A10: =RANDBETWEEN(2,164) | B10: {=INDEX(Data_DBD!$B:$B,$A10)} | C10: {=INDEX(Data_DBD!$C:$C,$A10)} | D10: {=INDEX(Data_DBD!$E:$E,$A10)} | E10: {=INDEX(Data_DBD!$F:$F,$A10)} | H10: 109 | I10: 40 | J10: 3 | K10: 1 | L10: Tinggi
A11: =RANDBETWEEN(2,164) | B11: {=INDEX(Data_DBD!$B:$B,$A11)} | C11: {=INDEX(Data_DBD!$C:$C,$A11)} | D11: {=INDEX(Data_DBD!$E:$E,$A11)} | E11: {=INDEX(Data_DBD!$F:$F,$A11)} | H11: 152 | I11: 47 | J11: 3 | K11: 1 | L11: Tinggi
A12: =RANDBETWEEN(2,164) | B12: {=INDEX(Data_DBD!$B:$B,$A12)} | C12: {=INDEX(Data_DBD!$C:$C,$A12)} | D12: {=INDEX(Data_DBD!$E:$E,$A12)} | E12: {=INDEX(Data_DBD!$F:$F,$A12)} | H12: 35 | I12: 40 | J12: 3 | K12: 1 | L12: Rendah
A13: =RANDBETWEEN(2,164) | B13: {=INDEX(Data_DBD!$B:$B,$A13)} | C13: {=INDEX(Data_DBD!$C:$C,$A13)} | D13: {=INDEX(Data_DBD!$E:$E,$A13)} | E13: {=INDEX(Data_DBD!$F:$F,$A13)} | H13: 129 | I13: 4 | J13: 3 | K13: 0 | L13: Tinggi
A14: =RANDBETWEEN(2,164) | B14: {=INDEX(Data_DBD!$B:$B,$A14)} | C14: {=INDEX(Data_DBD!$C:$C,$A14)} | D14: {=INDEX(Data_DBD!$E:$E,$A14)} | E14: {=INDEX(Data_DBD!$F:$F,$A14)} | H14: 141 | I14: 36 | J14: 2 | K14: 0 | L14: Tinggi
A15: =RANDBETWEEN(2,164) | B15: {=INDEX(Data_DBD!$B:$B,$A15)} | C15: {=INDEX(Data_DBD!$C:$C,$A15)} | D15: {=INDEX(Data_DBD!$E:$E,$A15)} | E15: {=INDEX(Data_DBD!$F:$F,$A15)} | H15: 134 | I15: 4 | J15: 2 | K15: 1 | L15: Tinggi
A16: =RANDBETWEEN(2,164) | B16: {=INDEX(Data_DBD!$B:$B,$A16)} | C16: {=INDEX(Data_DBD!$C:$C,$A16)} | D16: {=INDEX(Data_DBD!$E:$E,$A16)} | E16: {=INDEX(Data_DBD!$F:$F,$A16)} | H16: 47 | I16: 19 | J16: 2 | K16: 0 | L16: Sedang
A17: =RANDBETWEEN(2,164) | B17: {=INDEX(Data_DBD!$B:$B,$A17)} | C17: {=INDEX(Data_DBD!$C:$C,$A17)} | D17: {=INDEX(Data_DBD!$E:$E,$A17)} | E17: {=INDEX(Data_DBD!$F:$F,$A17)} | H17: 161 | I17: 12 | J17: 3 | K17: 1 | L17: Tinggi
... A164: =RANDBETWEEN(2,164) | B164: {=INDEX(Data_DBD!$B:$B,$A164)} | C164: {=INDEX(Data_DBD!$C:$C,$A164)} | D164: {=INDEX(Data_DBD!$E:$E,$A164)} | E164: {=INDEX(Data_DBD!$F:$F,$A164)} | H164: 63 | I164: 25 | J164: 3 | K164: 0 | L164: Sedang
I165: =AVERAGE(I2:I164) | J165: =AVERAGE(J2:J164) | K165: =AVERAGE(K2:K164)
B166: 45
E168: USIA | I168: LAMA RAWAT INAP | M168: JENIS KELAMIN
E169: Usia | F169: =AVERAGEIF($I$2:$I$164,"<="&$I$165) | G169: =AVERAGEIF($I$2:$I$164,">"&$I$165) | I169: Lama rawat inap | J169: =AVERAGEIF($J$2:$J$164,"<="&$J$165) | K169: =AVERAGEIF($J$2:$J$164,">"&$J$165) | M169: Jenis kelamin | N169: =AVERAGEIF($K$2:$K$164,"<="&$K$165) | O169: =AVERAGEIF($K$2:$K$164,">"&$K$165)
E170: {=IF($I$2:$I$164<$F$169,"kiri",IF($I$2:$I$164<$G$169,"tengah","kanan"))} | F170: Kanan > 54.61 | I170: {=IF($J$2:$J$164<$J$169,"kiri",IF($J$2:$J$164<$K$169,"tengah","kanan"))} | J170: Kanan > 4.80 | M170: {=IF($K$2:$K$164<$N$169,"kiri",IF($K$2:$K$164<$O$169,"tengah","kanan"))} | N170: Kanan > 1
E171: tengah | F171: =COUNTIFS($E$170:$E$332,"Kanan",$L$2:$L$164,"Tinggi") | G171: =F171/34 | I171: kiri | J171: =COUNTIFS($I$170:$I$332,"Kanan",$L$2:$L$164,"Tinggi") | K171: =J171/36 | M171: kanan | N171: =COUNTIFS($M$170:$M$332,"Kanan",$L$2:$L$164,"Tinggi") | O171: =N171/93
E172: tengah | F172: =COUNTIFS($E$170:$E$332,"Kanan",$L$2:$L$164,"Sedang") | G172: =F172/34 | I172: tengah | J172: =COUNTIFS($I$170:$I$332,"Kanan",$L$2:$L$164,"Sedang") | K172: =J172/36 | M172: tengah | N172: =COUNTIFS($M$170:$M$332,"Kanan",$L$2:$L$164,"Sedang") | O172: =N172/93
E173: tengah | F173: =COUNTIFS($E$170:$E$332,"Kanan",$L$2:$L$164,"Rendah") | G173: =F173/34 | I173: tengah | J173: =COUNTIFS($I$170:$I$332,"Kanan",$L$2:$L$164,"Rendah") | K173: =J173/36 | M173: kanan | N173: =COUNTIFS($M$170:$M$332,"Kanan",$L$2:$L$164,"Rendah") | O173: =N173/93
E174: tengah | F174: Entropy | G174: =-(IFERROR(G171*LOG(G171,2),0)+IFERROR(G172*LOG(G172,2),0)+IFERROR(G173*LOG(G173,2),0)) | I174: kiri | J174: Entropy | K174: =-(IFERROR(K171*LOG(K171,2),0)+IFERROR(K172*LOG(K172,2),0)+IFERROR(K173*LOG(K173,2),0)) | M174: kanan | N174: Entropy | O174: =-(IFERROR(O171*LOG(O171,2),0)+IFERROR(O172*LOG(O172,2),0)+IFERROR(O173*LOG(O173,2),0))
E175: tengah | G175: =SUM(F171:F173)/163 | I175: kiri | K175: =SUM(J171:J173)/163 | M175: kanan | O175: =SUM(N171:N173)/163
E176: tengah | G176: =G174*G175 | I176: tengah | K176: =K174*K175 | M176: kanan | O176: =O174*O175
E177: tengah | I177: tengah | M177: kanan
E178: tengah | I178: tengah | M178: kanan
E179: tengah | F179: Kiri<17.31 | I179: tengah | J179: Kiri<2.4 | M179: kanan | N179: Kiri<0
E180: tengah | F180: =COUNTIFS($E$170:$E$332,"Kiri",$L$2:$L$164,"Tinggi") | G180: =F180/40 | I180: tengah | J180: =COUNTIFS($I$170:$I$332,"Kiri",$L$2:$L$164,"Tinggi") | K180: =J180/44 | M180: kanan | N180: =COUNTIFS($M$170:$M$332,"Kiri",$L$2:$L$164,"Tinggi") | O180: =N180/78
E181: kiri | F181: =COUNTIFS($E$170:$E$332,"Kiri",$L$2:$L$164,"Sedang") | G181: =F181/40 | I181: tengah | J181: =COUNTIFS($I$170:$I$332,"Kiri",$L$2:$L$164,"Sedang") | K181: =J181/44 | M181: tengah | N181: =COUNTIFS($T$170:$T$332,"Kiri",$M$2:$M$164,"Sedang") | O181: =N181/78
E182: tengah | F182: =COUNTIFS($E$170:$E$332,"Kiri",$L$2:$L$164,"Rendah") | G182: =F182/40 | I182: kiri | J182: =COUNTIFS($I$170:$I$332,"Kiri",$L$2:$L$164,"Rendah") | K182: =J182/44 | M182: tengah | N182: =COUNTIFS($T$170:$T$332,"Kiri",$M$2:$M$164,"Rendah") | O182: =N182/78
E183: kiri | F183: Entropy | G183: =-(IFERROR(G180*LOG(G180,2),0)+IFERROR(G181*LOG(G181,2),0)+IFERROR(G182*LOG(G182,2),0)) | I183: kiri | J183: Entropy | K183: =-(IFERROR(K180*LOG(K180,2),0)+IFERROR(K181*LOG(K181,2),0)+IFERROR(K182*LOG(K182,2),0)) | M183: kanan | N183: Entropy | O183: =-(IFERROR(O180*LOG(O180,2),0)+IFERROR(O181*LOG(O181,2),0)+IFERROR(O182*LOG(O182,2),0))
E184: tengah | G184: =SUM(F180:F182)/163 | I184: kiri | K184: =SUM(J180:J182)/163 | M184: tengah | O184: =SUM(N180:N182)/163
E185: kiri | G185: =G183*G184 | I185: tengah | K185: =K183*K184 | M185: kanan | O185: =O183*O184
E186: tengah | I186: kiri | M186: tengah
E187: kiri | I187: tengah | M187: tengah
E188: tengah | F188: Tengah | I188: kiri | J188: Tengah | M188: kanan | N188: Tengah
E189: tengah | F189: =COUNTIFS($E$170:$E$332,"Tengah",$L$2:$L$164,"Tinggi") | G189: =F189/89 | I189: kiri | J189: =COUNTIFS($I$170:$I$332,"Tengah",$L$2:$L$164,"Tinggi") | K189: =J189/83 | M189: kanan | N189: =COUNTIFS($M$170:$M$332,"Tengah",$L$2:$L$164,"Tinggi") | O189: =N189/70
E190: kiri | F190: =COUNTIFS($E$170:$E$332,"Tengah",$L$2:$L$164,"Sedang") | G190: =F190/89 | I190: kiri | J190: =COUNTIFS($I$170:$I$332,"Tengah",$L$2:$L$164,"Sedang") | K190: =J190/83 | M190: tengah | N190: =COUNTIFS($M$170:$M$332,"Tengah",$L$2:$L$164,"Sedang") | O190: =N190/70
E191: kanan | F191: =COUNTIFS($E$170:$E$332,"Tengah",$L$2:$L$164,"Rendah") | G191: =F191/89 | I191: tengah | J191: =COUNTIFS($I$170:$I$332,"Tengah",$L$2:$L$164,"Rendah") | K191: =J191/83 | M191: tengah | N191: =COUNTIFS($M$170:$M$332,"Tengah",$L$2:$L$164,"Rendah") | O191: =N191/70
E192: kanan | F192: Entropy | G192: =-(IFERROR(G189*LOG(G189,2),0)+IFERROR(G190*LOG(G190,2),0)+IFERROR(G191*LOG(G191,2),0)) | I192: kanan | J192: Entropy | K192: =-(IFERROR(K189*LOG(K189,2),0)+IFERROR(K190*LOG(K190,2),0)+IFERROR(K191*LOG(K191,2),0)) | M192: kanan | N192: Entropy | O192: =-(IFERROR(O189*LOG(O189,2),0)+IFERROR(O190*LOG(O190,2),0)+IFERROR(O191*LOG(O191,2),0))
E193: tengah | G193: =SUM(F189:F191)/163 | I193: tengah | K193: =SUM(J189:J191)/163 | M193: kanan | O193: =SUM(N189:N191)/163
E194: tengah | G194: =G192*G193 | I194: kanan | K194: =K192*K193 | M194: tengah | O194: =O192*O193
E195: tengah | I195: kiri | M195: kanan
E196: tengah | F196: IG | I196: tengah | J196: IG | M196: tengah | N196: IG
E197: kanan | F197: =P5-(G176+G185+G194) | I197: kanan | J197: =P5-(K176+K185+K194) | M197: tengah | N197: =P5-(O176+O185+O194)
E198: tengah | I198: tengah | M198: kanan
E199: tengah | I199: kanan | M199: tengah
E200: tengah | I200: kanan | M200: tengah
E201: tengah | I201: kiri | M201: tengah
E202: kanan | I202: tengah | M202: kanan
E203: tengah | I203: tengah | M203: kanan
E204: kiri | I204: kiri | M204: kanan
E205: kanan | I205: kanan | M205: kanan
E206: tengah | I206: tengah | M206: kanan
E207: kiri | I207: kiri | M207: tengah
E208: kiri | I208: kiri | M208: tengah
E209: kanan | I209: kanan | M209: tengah
... E332: tengah | I332: tengah | M332: tengah

Sheet Pohon 15
A1: No | B1: Lama Rawat Inap | C1: Jenis Kelamin | D1: Tingkat Resiko | H1: No | I1: Lama Rawat Inap | J1: Jenis Kelamin | K1: Tingkat Resiko | O1: Perhitungan root
A2: =RANDBETWEEN(2,164) | B2: {=INDEX(Data_DBD!$C:$C,$A2)} | C2: {=INDEX(Data_DBD!$E:$E,$A2)} | D2: {=INDEX(Data_DBD!$F:$F,$A2)} | H2: 39 | I2: 5 | J2: 1 | K2: Sedang | O2: Tinggi | P2: =COUNTIF(K2:K164,"Tinggi") | Q2: =P2/163
A3: =RANDBETWEEN(2,164) | B3: {=INDEX(Data_DBD!$C:$C,$A3)} | C3: {=INDEX(Data_DBD!$E:$E,$A3)} | D3: {=INDEX(Data_DBD!$F:$F,$A3)} | H3: 30 | I3: 2 | J3: 1 | K3: Sedang | O3: Sedang | P3: =COUNTIF(K2:K164,"Sedang") | Q3: =P3/163
A4: =RANDBETWEEN(2,164) | B4: {=INDEX(Data_DBD!$C:$C,$A4)} | C4: {=INDEX(Data_DBD!$E:$E,$A4)} | D4: {=INDEX(Data_DBD!$F:$F,$A4)} | H4: 52 | I4: 4 | J4: 1 | K4: Sedang | O4: Rendah | P4: =COUNTIF(K2:K164,"Rendah") | Q4: =P4/163
A5: =RANDBETWEEN(2,164) | B5: {=INDEX(Data_DBD!$C:$C,$A5)} | C5: {=INDEX(Data_DBD!$E:$E,$A5)} | D5: {=INDEX(Data_DBD!$F:$F,$A5)} | H5: 2 | I5: 3 | J5: 0 | K5: Sedang | O5: Entropy Root | P5: =-(IFERROR(Q2*LOG(Q2,2),0)+IFERROR(Q3*LOG(Q3,2),0)+IFERROR(Q4*LOG(Q4,2),0))
A6: =RANDBETWEEN(2,164) | B6: {=INDEX(Data_DBD!$C:$C,$A6)} | C6: {=INDEX(Data_DBD!$E:$E,$A6)} | D6: {=INDEX(Data_DBD!$F:$F,$A6)} | H6: 48 | I6: 5 | J6: 1 | K6: Sedang
A7: =RANDBETWEEN(2,164) | B7: {=INDEX(Data_DBD!$C:$C,$A7)} | C7: {=INDEX(Data_DBD!$E:$E,$A7)} | D7: {=INDEX(Data_DBD!$F:$F,$A7)} | H7: 164 | I7: 6 | J7: 0 | K7: Rendah
A8: =RANDBETWEEN(2,164) | B8: {=INDEX(Data_DBD!$C:$C,$A8)} | C8: {=INDEX(Data_DBD!$E:$E,$A8)} | D8: {=INDEX(Data_DBD!$F:$F,$A8)} | H8: 164 | I8: 6 | J8: 0 | K8: Rendah
A9: =RANDBETWEEN(2,164) | B9: {=INDEX(Data_DBD!$C:$C,$A9)} | C9: {=INDEX(Data_DBD!$E:$E,$A9)} | D9: {=INDEX(Data_DBD!$F:$F,$A9)} | H9: 72 | I9: 5 | J9: 1 | K9: Sedang
A10: =RANDBETWEEN(2,164) | B10: {=INDEX(Data_DBD!$C:$C,$A10)} | C10: {=INDEX(Data_DBD!$E:$E,$A10)} | D10: {=INDEX(Data_DBD!$F:$F,$A10)} | H10: 34 | I10: 3 | J10: 0 | K10: Sedang
A11: =RANDBETWEEN(2,164) | B11: {=INDEX(Data_DBD!$C:$C,$A11)} | C11: {=INDEX(Data_DBD!$E:$E,$A11)} | D11: {=INDEX(Data_DBD!$F:$F,$A11)} | H11: 29 | I11: 2 | J11: 1 | K11: Sedang
A12: =RANDBETWEEN(2,164) | B12: {=INDEX(Data_DBD!$C:$C,$A12)} | C12: {=INDEX(Data_DBD!$E:$E,$A12)} | D12: {=INDEX(Data_DBD!$F:$F,$A12)} | H12: 128 | I12: 2 | J12: 0 | K12: Tinggi
A13: =RANDBETWEEN(2,164) | B13: {=INDEX(Data_DBD!$C:$C,$A13)} | C13: {=INDEX(Data_DBD!$E:$E,$A13)} | D13: {=INDEX(Data_DBD!$F:$F,$A13)} | H13: 2 | I13: 3 | J13: 0 | K13: Sedang
A14: =RANDBETWEEN(2,164) | B14: {=INDEX(Data_DBD!$C:$C,$A14)} | C14: {=INDEX(Data_DBD!$E:$E,$A14)} | D14: {=INDEX(Data_DBD!$F:$F,$A14)} | H14: 18 | I14: 4 | J14: 1 | K14: Rendah
A15: =RANDBETWEEN(2,164) | B15: {=INDEX(Data_DBD!$C:$C,$A15)} | C15: {=INDEX(Data_DBD!$E:$E,$A15)} | D15: {=INDEX(Data_DBD!$F:$F,$A15)} | H15: 23 | I15: 4 | J15: 1 | K15: Sedang
A16: =RANDBETWEEN(2,164) | B16: {=INDEX(Data_DBD!$C:$C,$A16)} | C16: {=INDEX(Data_DBD!$E:$E,$A16)} | D16: {=INDEX(Data_DBD!$F:$F,$A16)} | H16: 162 | I16: 3 | J16: 1 | K16: Rendah
A17: =RANDBETWEEN(2,164) | B17: {=INDEX(Data_DBD!$C:$C,$A17)} | C17: {=INDEX(Data_DBD!$E:$E,$A17)} | D17: {=INDEX(Data_DBD!$F:$F,$A17)} | H17: 27 | I17: 4 | J17: 1 | K17: Sedang
... A164: =RANDBETWEEN(2,164) | B164: {=INDEX(Data_DBD!$C:$C,$A164)} | C164: {=INDEX(Data_DBD!$E:$E,$A164)} | D164: {=INDEX(Data_DBD!$F:$F,$A164)} | H164: 83 | I164: 3 | J164: 0 | K164: Sedang
I165: =AVERAGE(I2:I164) | J165: =AVERAGE(J2:J164)
B166: 89
I168: LAMA RAWAT INAP | M168: JENIS KELAMIN
I169: Lama rawat inap | J169: =AVERAGEIF($I$2:$I$164,"<="&$I$165) | K169: =AVERAGEIF($I$2:$I$164,">"&$I$165) | M169: Jenis kelamin | N169: =AVERAGEIF($J$2:$J$164,"<="&$J$165) | O169: =AVERAGEIF($J$2:$J$164,">"&$J$165)
I170: {=IF($I$2:$I$164<$J$169,"kiri",IF($I$2:$I$164<$K$169,"tengah","kanan"))} | J170: Kanan > 4.63 | M170: {=IF($J$2:$J$164<$N$169,"kiri",IF($J$2:$J$164<$O$169,"tengah","kanan"))} | N170: Kanan > 1
I171: kiri | J171: =COUNTIFS($I$170:$I$332,"Kanan",$K$2:$K$164,"Tinggi") | K171: =J171/39 | M171: kanan | N171: =COUNTIFS($M$170:$M$332,"Kanan",$K$2:$K$164,"Tinggi") | O171: =N171/101
I172: tengah | J172: =COUNTIFS($I$170:$I$332,"Kanan",$K$2:$K$164,"Sedang") | K172: =J172/39 | M172: kanan | N172: =COUNTIFS($M$170:$M$332,"Kanan",$K$2:$K$164,"Sedang") | O172: =N172/101
I173: tengah | J173: =COUNTIFS($I$170:$I$332,"Kanan",$K$2:$K$164,"Rendah") | K173: =J173/39 | M173: tengah | N173: =COUNTIFS($M$170:$M$332,"Kanan",$K$2:$K$164,"Rendah") | O173: =N173/101
I174: kanan | J174: Entropy | K174: =-(IFERROR(K171*LOG(K171,2),0)+IFERROR(K172*LOG(K172,2),0)+IFERROR(K173*LOG(K173,2),0)) | M174: kanan | N174: Entropy | O174: =-(IFERROR(O171*LOG(O171,2),0)+IFERROR(O172*LOG(O172,2),0)+IFERROR(O173*LOG(O173,2),0))
I175: kanan | K175: =SUM(J171:J173)/163 | M175: tengah | O175: =SUM(N171:N173)/163
I176: kanan | K176: =K174*K175 | M176: tengah | O176: =O174*O175
I177: kanan | M177: kanan
I178: tengah | M178: tengah
I179: kiri | J179: Kiri<2.47 | M179: kanan | N179: Kiri<0
I180: kiri | J180: =COUNTIFS($I$170:$I$332,"Kiri",$K$2:$K$164,"Tinggi") | K180: =J180/35 | M180: tengah | N180: =COUNTIFS($N$170:$N$332,"Kiri",$K$2:$K$164,"Tinggi") | O180: =N180/101
I181: tengah | J181: =COUNTIFS($I$170:$I$332,"Kiri",$K$2:$K$164,"Sedang") | K181: =J181/35 | M181: tengah | N181: =COUNTIFS($N$170:$N$332,"Kiri",$K$2:$K$164,"Sedang") | O181: =N181/101
I182: tengah | J182: =COUNTIFS($I$170:$I$332,"Kiri",$K$2:$K$164,"Rendah") | K182: =J182/35 | M182: kanan | N182: =COUNTIFS($N$170:$N$332,"Kiri",$K$2:$K$164,"Rendah") | O182: =N182/101
I183: tengah | J183: Entropy | K183: =-(IFERROR(K180*LOG(K180,2),0)+IFERROR(K181*LOG(K181,2),0)+IFERROR(K182*LOG(K182,2),0)) | M183: kanan | N183: Entropy | O183: =-(IFERROR(O180*LOG(O180,2),0)+IFERROR(O181*LOG(O181,2),0)+IFERROR(O182*LOG(O182,2),0))
I184: tengah | K184: =SUM(J180:J182)/163 | M184: kanan | O184: =SUM(N180:N182)/163
I185: tengah | K185: =K183*K184 | M185: kanan | O185: =O183*O184
I186: tengah | M186: kanan
I187: kanan | M187: kanan
I188: tengah | J188: Tengah | M188: kanan | N188: Tengah
I189: tengah | J189: =COUNTIFS($I$170:$I$332,"Tengah",$K$2:$K$164,"Tinggi") | K189: =J189/89 | M189: tengah | N189: =COUNTIFS($M$170:$M$332,"Tengah",$K$2:$K$164,"Tinggi") | O189: =N189/62
I190: kanan | J190: =COUNTIFS($I$170:$I$332,"Tengah",$K$2:$K$164,"Sedang") | K190: =J190/89 | M190: kanan | N190: =COUNTIFS($M$170:$M$332,"Tengah",$K$2:$K$164,"Sedang") | O190: =N190/62
I191: tengah | J191: =COUNTIFS($I$170:$I$332,"Tengah",$K$2:$K$164,"Rendah") | K191: =J191/89 | M191: kanan | N191: =COUNTIFS($M$170:$M$332,"Tengah",$K$2:$K$164,"Rendah") | O191: =N191/69
I192: kiri | J192: Entropy | K192: =-(IFERROR(K189*LOG(K189,2),0)+IFERROR(K190*LOG(K190,2),0)+IFERROR(K191*LOG(K191,2),0)) | M192: tengah | N192: Entropy | O192: =-(IFERROR(O189*LOG(O189,2),0)+IFERROR(O190*LOG(O190,2),0)+IFERROR(O191*LOG(O191,2),0))
I193: tengah | K193: =SUM(J189:J191)/163 | M193: kanan | O193: =SUM(N189:N191)/163
I194: tengah | K194: =K192*K193 | M194: tengah | O194: =O192*O193
I195: tengah | M195: kanan
I196: tengah | J196: IG | M196: kanan | N196: IG
I197: kanan | J197: =P5-(K176+K185+K194) | M197: tengah | N197: =P5-(O176+O185+O194)
I198: kanan | M198: tengah
I199: kiri | M199: tengah
I200: kiri | M200: kanan
I201: tengah | M201: kanan
I202: tengah | M202: tengah
I203: tengah | M203: tengah
I204: tengah | M204: tengah
I205: kanan | M205: kanan
I206: kiri | M206: kanan
I207: tengah | M207: tengah
I208: kiri | M208: kanan
I209: kanan | M209: kanan
... I332: tengah | M332: tengah

Sheet Random_Sampling
A1: Random Sampling Data - Feature Importance
A2: Pengambilan sampel data secara acak untuk membentuk subset data training
A4: Variabel / Fitur | B4: Importance Score | C4: Keterangan | D4: Rank
A5: Usia | B5: 0.744814 | C5: X1 - Usia pasien | D5: 2
A6: Lama Rawat Inap | B6: 0.407389 | C6: X2 - Lama rawat inap | D6: 4
A7: Jenis Kelamin | B7: 0.803722 | C7: X3 - L/P | D7: 1
A8: Jumlah Kasus Per Bulan | B8: 0.547665 | C8: X4 - Kasus per bulan | D8: 3

Sheet PerhitunganRF
A1: Perhitungan Evaluasi Random Forest - 15 Sampel Pohon
A2: Metode Evaluasi: MAE, RMSE, R² untuk setiap sampel pohon (mengikuti Bab IV)
A4: Sampel Pohon 1
A6: Prediksi Sampel | B6: Aktual | C6: |Yi − Ŷi| | D6: (Yi − Ŷi)² | E6: ỷ (Yi−mean) | F6: (ỷ)²
A7: 46 | B7: 13 | C7: 33 | D7: 1089 | E7: -5.8 | F7: 33.64 | H7: MAE | I7: 22.6
A8: 11 | B8: 33 | C8: 22 | D8: 484 | E8: 14.2 | F8: 201.64 | H8: RMSE | I8: 23.5924
A9: 40 | B9: 15 | C9: 25 | D9: 625 | E9: -3.8 | F9: 14.44 | H9: R² | I9: -8.252
A10: 33 | B10: 21 | C10: 12 | D10: 144 | E10: 2.2 | F10: 4.84
A11: 33 | B11: 12 | C11: 21 | D11: 441 | E11: -6.8 | F11: 46.24
A12: Rata-Rata
A14: Sampel Pohon 2
A16: Prediksi Sampel | B16: Aktual | C16: |Yi − Ŷi| | D16: (Yi − Ŷi)² | E16: ỷ (Yi−mean) | F16: (ỷ)²
A17: 21 | B17: 11 | C17: 10 | D17: 100 | E17: -16 | F17: 256 | H17: MAE | I17: 23.29
A18: 23 | B18: 70 | C18: 47 | D18: 2209 | E18: 43 | F18: 1849 | H18: RMSE | I18: 27.7051
A19: 4 | B19: 23 | C19: 19 | D19: 361 | E19: -4 | F19: 16 | H19: R² | I19: -0.519
A20: 30 | B20: 27 | C20: 3 | D20: 9 | E20: 0 | F20: 0
A21: 44 | B21: 7 | C21: 37 | D21: 1369 | E21: -20 | F21: 400
A22: 14 | B22: 48 | C22: 34 | D22: 1156 | E22: 21 | F22: 441
A23: 16 | B23: 3 | C23: 13 | D23: 169 | E23: -24 | F23: 576
A24: Rata-Rata
A26: Sampel Pohon 3
A28: Prediksi Sampel | B28: Aktual | C28: |Yi − Ŷi| | D28: (Yi − Ŷi)² | E28: ỷ (Yi−mean) | F28: (ỷ)²
A29: 23 | B29: 2 | C29: 21 | D29: 441 | E29: -1.2222222 | F29: 1.4938272 | H29: MAE | I29: 14.89
A30: 9 | B30: 5 | C30: 4 | D30: 16 | E30: 1.7777778 | F30: 3.1604938 | H30: RMSE | I30: 21.124
A31: 4 | B31: 4 | C31: 0 | D31: 0 | E31: 0.77777778 | F31: 0.60493827 | H31: R² | I31: -257.17
A32: 28 | B32: 3 | C32: 25 | D32: 625 | E32: -0.22222222 | F32: 0.049382716
A33: 54 | B33: 4 | C33: 50 | D33: 2500 | E33: 0.77777778 | F33: 0.60493827
A34: 5 | B34: 2 | C34: 3 | D34: 9 | E34: -1.2222222 | F34: 1.4938272
A35: 19 | B35: 5 | C35: 14 | D35: 196 | E35: 1.7777778 | F35: 3.1604938
A36: Rata-Rata
A38: Sampel Pohon 4
A40: Prediksi Sampel | B40: Aktual | C40: |Yi − Ŷi| | D40: (Yi − Ŷi)² | E40: ỷ (Yi−mean) | F40: (ỷ)²
A41: 42 | B41: 0 | C41: 42 | D41: 1764 | E41: -0.5 | F41: 0.25 | H41: MAE | I41: 26.67
A42: 36 | B42: 1 | C42: 35 | D42: 1225 | E42: 0.5 | F42: 0.25 | H42: RMSE | I42: 30.9462
A43: 5 | B43: 1 | C43: 4 | D43: 16 | E43: 0.5 | F43: 0.25 | H43: R² | I43: -3829.7
A44: 41 | B44: 0 | C44: 41 | D44: 1681 | E44: -0.5 | F44: 0.25
A45: 33 | B45: 1 | C45: 32 | D45: 1024 | E45: 0.5 | F45: 0.25
A46: 6 | B46: 0 | C46: 6 | D46: 36 | E46: -0.5 | F46: 0.25
A47: Rata-Rata
A49: Sampel Pohon 5
A51: Prediksi Sampel | B51: Aktual | C51: |Yi − Ŷi| | D51: (Yi − Ŷi)² | E51: ỷ (Yi−mean) | F51: (ỷ)²
A52: 13 | B52: 7 | C52: 6 | D52: 36 | E52: -11 | F52: 121 | H52: MAE | I52: 20.6
A53: 18 | B53: 33 | C53: 15 | D53: 225 | E53: 15 | F53: 225 | H53: RMSE | I53: 0.724
A54: 36 | B54: 15 | C54: 21 | D54: 441 | E54: -3 | F54: 9 | H54: R² | I54: 0.993
A55: 57 | B55: 21 | C55: 36 | D55: 1296 | E55: 3 | F55: 9
A56: 39 | B56: 14 | C56: 25 | D56: 625 | E56: -4 | F56: 16
A57: Rata-Rata
A59: Sampel Pohon 6
A61: Prediksi Sampel | B61: Aktual | C61: |Yi − Ŷi| | D61: (Yi − Ŷi)² | E61: ỷ (Yi−mean) | F61: (ỷ)²
A62: 20 | B62: 5 | C62: 15 | D62: 225 | E62: 1 | F62: 1 | H62: MAE | I62: 20
A63: 17 | B63: 2 | C63: 15 | D63: 225 | E63: -2 | F63: 4 | H63: RMSE | I63: 25.2304
A64: 4 | B64: 7 | C64: 3 | D64: 9 | E64: 3 | F64: 9 | H64: R² | I64: -221.8
A65: 36 | B65: 4 | C65: 32 | D65: 1024 | E65: 0 | F65: 0
A66: 57 | B66: 5 | C66: 52 | D66: 2704 | E66: 1 | F66: 1
A67: 13 | B67: 3 | C67: 10 | D67: 100 | E67: -1 | F67: 1
A68: 15 | B68: 2 | C68: 13 | D68: 169 | E68: -2 | F68: 4
A69: Rata-Rata
A71: Sampel Pohon 7
A73: Prediksi Sampel | B73: Aktual | C73: |Yi − Ŷi| | D73: (Yi − Ŷi)² | E73: ỷ (Yi−mean) | F73: (ỷ)²
A74: 24 | B74: 1 | C74: 23 | D74: 529 | E74: 0.5 | F74: 0.25 | H74: MAE | I74: 26.67
A75: 33 | B75: 0 | C75: 33 | D75: 1089 | E75: -0.5 | F75: 0.25 | H75: RMSE | I75: 30.0777
A76: 9 | B76: 1 | C76: 8 | D76: 64 | E76: 0.5 | F76: 0.25 | H76: R² | I76: -3617.7
A77: 45 | B77: 0 | C77: 45 | D77: 2025 | E77: -0.5 | F77: 0.25
A78: 41 | B78: 1 | C78: 40 | D78: 1600 | E78: 0.5 | F78: 0.25 | H78: MAE | I78: 25.5
A79: 11 | B79: 0 | C79: 11 | D79: 121 | E79: -0.5 | F79: 0.25 | H79: RMSE | I79: 29.9291
A80: Rata-Rata | H80: R² | I80: -1.095
A82: Sampel Pohon 8
A84: Prediksi Sampel | B84: Aktual | C84: |Yi − Ŷi| | D84: (Yi − Ŷi)² | E84: ỷ (Yi−mean) | F84: (ỷ)²
A85: Rata-Rata | H85: MAE | I85: 27
H86: RMSE | I86: 33.2235
A87: Sampel Pohon 9 | H87: R² | I87: -21.508
A89: Prediksi Sampel | B89: Aktual | C89: |Yi − Ŷi| | D89: (Yi − Ŷi)² | E89: ỷ (Yi−mean) | F89: (ỷ)² | H89: MAE | I89: 18
A90: Rata-Rata | H90: RMSE | I90: 21.5639
H91: R² | I91: -0.813
A92: Sampel Pohon 10
H93: MAE | I93: 14.67
A94: Prediksi Sampel | B94: Aktual | C94: |Yi − Ŷi| | D94: (Yi − Ŷi)² | E94: ỷ (Yi−mean) | F94: (ỷ)² | H94: RMSE | I94: 20.0278
A95: Rata-Rata | H95: R² | I95: -252.83
A97: Sampel Pohon 11
A99: Prediksi Sampel | B99: Aktual | C99: |Yi − Ŷi| | D99: (Yi − Ŷi)² | E99: ỷ (Yi−mean) | F99: (ỷ)²
A100: Rata-Rata
A102: Sampel Pohon 12
A104: Prediksi Sampel | B104: Aktual | C104: |Yi − Ŷi| | D104: (Yi − Ŷi)² | E104: ỷ (Yi−mean) | F104: (ỷ)²
A105: 27 | B105: 1 | C105: 26 | D105: 676 | E105: 0.33333333 | F105: 0.11111111 | H105: MAE | I105: 26.5
A106: 40 | B106: 1 | C106: 39 | D106: 1521 | E106: 0.33333333 | F106: 0.11111111 | H106: RMSE | I106: 29.8077
A107: 8 | B107: 0 | C107: 8 | D107: 64 | E107: -0.66666667 | F107: 0.44444444 | H107: R² | I107: -3997.3
A108: 35 | B108: 0 | C108: 35 | D108: 1225 | E108: -0.66666667 | F108: 0.44444444
A109: 43 | B109: 1 | C109: 42 | D109: 1764 | E109: 0.33333333 | F109: 0.11111111
A110: Rata-Rata
A112: Sampel Pohon 13
A114: Prediksi Sampel | B114: Aktual | C114: |Yi − Ŷi| | D114: (Yi − Ŷi)² | E114: ỷ (Yi−mean) | F114: (ỷ)²
A115: 6 | B115: 18 | C115: 12 | D115: 144 | E115: -0.2 | F115: 0.04 | H115: MAE | I115: 25.2
A116: 18 | B116: 33 | C116: 15 | D116: 225 | E116: 14.8 | F116: 219.04 | H116: RMSE | I116: 28.9482
A117: 44 | B117: 4 | C117: 40 | D117: 1600 | E117: -14.2 | F117: 201.64 | H117: R² | I117: -8.549
A118: 66 | B118: 21 | C118: 45 | D118: 2025 | E118: 2.8 | F118: 7.84
A119: 29 | B119: 15 | C119: 14 | D119: 196 | E119: -3.2 | F119: 10.24
A120: Rata-Rata
A122: Sampel Pohon 14
A124: Prediksi Sampel | B124: Aktual | C124: |Yi − Ŷi| | D124: (Yi − Ŷi)² | E124: ỷ (Yi−mean) | F124: (ỷ)²
A125: 17 | B125: 35 | C125: 18 | D125: 324 | E125: 2 | F125: 4 | H125: MAE | I125: 20.67
...

Sheet PenentuanPohonterbaik
A1: Penentuan Pohon Terbaik - Berdasarkan Evaluasi MAE, RMSE, R²
A2: Pohon 5 terpilih sebagai pohon terbaik dengan R² = 0,993 (tertinggi)
A4: No | B4: Sampel Pohon | C4: MAE | D4: RMSE | E4: R² | F4: Status
A5: 1 | B5: Sampel 5 | C5: 20.6 | D5: 0.724 | E5: 0.993 | F5: TERPILIH
A6: 2 | B6: Sampel 2 | C6: 23.29 | D6: 27.7051 | E6: -0.519
A7: 3 | B7: Sampel 14 | C7: 20.67 | D7: 23.3465 | E7: -0.701
A8: 4 | B8: Sampel 10 | C8: 18 | D8: 21.5639 | E8: -0.813
A9: 5 | B9: Sampel 8 | C9: 25.5 | D9: 29.9291 | E9: -1.095
A10: 6 | B10: Sampel 1 | C10: 22.6 | D10: 23.5924 | E10: -8.252
A11: 7 | B11: Sampel 13 | C11: 25.2 | D11: 28.9482 | E11: -8.549
A12: 8 | B12: Sampel 9 | C12: 27 | D12: 33.2235 | E12: -21.508
A13: 9 | B13: Sampel 15 | C13: 14.78 | D13: 18.8591 | E13: -159.05
A14: 10 | B14: Sampel 6 | C14: 20 | D14: 25.2304 | E14: -221.8
A15: 11 | B15: Sampel 11 | C15: 14.67 | D15: 20.0278 | E15: -252.83
A16: 12 | B16: Sampel 3 | C16: 14.89 | D16: 21.124 | E16: -257.17
A17: 13 | B17: Sampel 7 | C17: 26.67 | D17: 30.0777 | E17: -3617.7
... A19: 15 | B19: Sampel 12 | C19: 26.5 | D19: 29.8077 | E19: -3997.3
A21: Kesimpulan: Pohon 5 (Sampel 5) terpilih sebagai pohon terbaik dengan R² = 0,993 (mendekati 1 = sangat cocok). Pohon 5 menggunakan atribut Jumlah Kasus Perbulan dengan threshold T1=12,60 dan T2=29,21.

Sheet Ringkasan_Perhitungan
A1: Tabel 4.18 - Hasil Perhitungan Manual Random Forest
A2: Ringkasan Entropy, Gain, dan Atribut Root untuk 15 Pohon Keputusan
A4: No | B4: Pohon | C4: Atribut Root (Fitur) | D4: Threshold 1 | E4: Threshold 2 | F4: Information Gain | G4: Entropy After Split
A5: 1 | B5: Sampel 1 | C5: Jumlah Kasus Perbulan | D5: 13.35 | E5: 28.4 | F5: 0.59558818 | G5: 0.692344
A6: 2 | B6: Sampel 2 | C6: Usia | D6: 16.61 | E6: 54.4 | F6: 0.034558397 | G6: 1.3068965
A7: 3 | B7: Sampel 3 | C7: Lama Rawat Inap | D7: 2.44 | E7: 4.68 | F7: 0.066195604 | G7: 1.2359239
A8: 4 | B8: Sampel 4 | C8: Jenis Kelamin | D8: 0.5 | E8: 0.5 | F8: -0.001930068 | G8: 1.2851968
A9: 5 | B9: Sampel 5 | C9: Jumlah Kasus Perbulan | D9: 12.6 | E9: 29.21 | F9: 0.65403293 | G9: 0.7359844
A10: 6 | B10: Sampel 6 | C10: Lama Rawat Inap | D10: 2.5 | E10: 4.67 | F10: 0.033807028 | G10: 1.31736
A11: 7 | B11: Sampel 7 | C11: Jenis Kelamin | D11: 0.5 | E11: 0.5 | F11: 0.007208794 | G11: 1.40639
A12: 8 | B12: Sampel 8 | C12: Usia | D12: 15.7 | E12: 54.27 | F12: 0.03702069 | G12: 1.284421
A13: 9 | B13: Sampel 9 | C13: Jumlah Kasus Perbulan | D13: 11.31 | E13: 29.95 | F13: 0.6597991 | G13: 0.742918
A14: 10 | B14: Sampel 10 | C14: Usia | D14: 17.31 | E14: 53.39 | F14: 0.023709616 | G14: 1.228764
A15: 11 | B15: Sampel 11 | C15: Lama Rawat Inop | D15: 2.44 | E15: 4.68 | F15: 0.004491452 | G15: 1.3862585
A16: 12 | B16: Sampel 12 | C16: Jenis Kelamin | D16: 0.5 | E16: 0.5 | F16: 0.001453179 | G16: 1.3758204
... A19: 15 | B19: Sampel 15 | C19: Lama Rawat Inop | D19: 2.47 | E19: 4.63 | F19: 0.019288709 | G19: 1.383428

Sheet Rules_Semua_Pohon
A1: Hasil Rule (Aturan Keputusan) - 15 Pohon Random Forest
A4: Pohon | B4: Rule No | C4: Kondisi (IF) | D4: Hasil (THEN)
A5: Pohon 1 | B5: Rule 1 | C5: IF Jumlah Kasus Per Bulan < 13,35 | D5: THEN Risiko = Sedang
B6: Rule 2 | C6: IF 13,35 <= Jumlah Kasus <= 27,46 | D6: THEN Risiko = Sedang
B7: Rule 3 | C7: IF Jumlah Kasus > 28,4 | D7: THEN Risiko = Tinggi
A8: Pohon 2 | B8: Rule 1 | C8: IF Usia < 16,61 | D8: THEN Anak-anak
B9: Rule 2 | C9: IF 16,61 <= Usia <= 54,4 | D9: THEN Anak-anak
B10: Rule 3 | C10: IF Usia > 54,4 | D10: THEN Anak-anak
A11: Pohon 3 | B11: Rule 1 | C11: IF Lama Rawat < 2,44 | D11: THEN Sedang
B12: Rule 2 | C12: IF 2,44 <= Lama Rawat <= 4,68 | D12: THEN Lama
B13: Rule 3 | C13: IF Lama Rawat > 4,68 | D13: THEN Sedang
A14: Pohon 4 | B14: Rule 1 | C14: IF JK = 0 (Perempuan) | D14: THEN Tinggi
B15: Rule 2 | C15: IF JK > 1 (Laki-laki) | D15: THEN Tinggi
A16: Pohon 5 | B16: Rule 1 | C16: IF Jumlah Kasus < 12,60 | D16: THEN Rendah
B17: Rule 2 | C17: IF 12,60 <= Jumlah Kasus <= 29,21 | D17: THEN Sedang
B18: Rule 3 | C18: IF Jumlah Kasus > 29,21 | D18: THEN Tinggi
A19: Pohon 6 | B19: Rule 1 | C19: IF Lama Rawat < 2,5 | D19: THEN Sedang
B20: Rule 2 | C20: IF 2,5 <= Lama Rawat <= 4,67 | D20: THEN Lama
B21: Rule 3 | C21: IF Lama Rawat > 4,67 | D21: THEN Lama
A22: Pohon 7 | B22: Rule 1 | C22: IF JK = 0 (Perempuan) | D22: THEN Sedang
B23: Rule 2 | C23: IF JK > 1 (Laki-laki) | D23: THEN Tinggi
A24: Pohon 8 | B24: Rule 1 | C24: IF Usia < 15,70 | D24: THEN Anak-anak
B25: Rule 2 | C25: IF 15,70 <= Usia <= 54,27 | D25: THEN Anak-anak
B26: Rule 3 | C26: IF Usia > 54,27 | D26: THEN Dewasa
A27: Pohon 9 | B27: Rule 1 | C27: IF Jumlah Kasus < 11,31 | D27: THEN Rendah
B28: Rule 2 | C28: IF 11,31 <= Jumlah Kasus <= 29,95 | D28: THEN Sedang
B29: Rule 3 | C29: IF Jumlah Kasus > 29,95 | D29: THEN Tinggi
A30: Pohon 10 | B30: Rule 1 | C30: IF Usia < 17,31 | D30: THEN Dewasa
B31: Rule 2 | C31: IF 17,31 <= Usia <= 53,39 | D31: THEN Anak-anak
B32: Rule 3 | C32: IF Usia > 53,39 | D32: THEN Dewasa
A33: Pohon 11 | B33: Rule 1 | C33: IF Lama Rawat < 2,44 | D33: THEN Sedang
B34: Rule 2 | C34: IF 2,44 <= Lama Rawat <= 4,68 | D34: THEN Sedang
B35: Rule 3 | C35: IF Lama Rawat > 4,68 | D35: THEN Lama
A36: Pohon 12 | B36: Rule 1 | C36: IF JK = 0 (Perempuan) | D36: THEN Sedang
B37: Rule 2 | C37: IF JK > 1 (Laki-laki) | D37: THEN Sedang
A38: Pohon 13 | B38: Rule 1 | C38: IF Jumlah Kasus < 11,77 | D38: THEN Rendah
B39: Rule 2 | C39: IF 11,77 <= Jumlah Kasus <= 29,40 | D39: THEN Sedang
B40: Rule 3 | C40: IF Jumlah Kasus > 29,40 | D40: THEN Tinggi
A41: Pohon 14 | B41: Rule 1 | C41: IF Usia < 17,31 | D41: THEN Dewasa
B42: Rule 2 | C42: IF 17,31 <= Usia <= 54,61 | D42: THEN Anak-anak
B43: Rule 3 | C43: IF Usia > 54,61 | D43: THEN Anak-anak
A44: Pohon 15 | B44: Rule 1 | C44: IF Lama Rawat < 2,47 | D44: THEN Sedang
B45: Rule 2 | C45: IF 2,47 <= Lama Rawat <= 4,63 | D45: THEN Lama
B46: Rule 3 | C46: IF Lama Rawat > 4,63 | D46: THEN Lama

Sheet Pohon_Terbaik
A1: Penentuan Pohon Terbaik (Sampel Pohon 5)
A2: Pohon 5 dipilih karena Entropy terendah (0,7359) dan R² tertinggi (0,993)
A4: Kriteria Pemilihan
A5: Kriteria | B5: Nilai Pohon 5 | C5: Keterangan | D5: Status
A6: Atribut Root | B6: Jumlah Kasus Perbulan | C6: Fitur dengan Gain tertinggi | D6: OK
A7: Threshold 1 (T1) | B7: 12,60 | C7: Batas bawah split | D7: OK
A8: Threshold 2 (T2) | B8: 29,21 | C8: Batas atas split | D8: OK
A9: Information Gain | B9: 0,65403293 | C9: Gain tertinggi #2 | D9: OK
A10: Entropy After Split | B10: 0,735984404 | C10: Entropy terendah | D10: TERPILIH
A11: MAE | B11: 20,60 | C11: Rata-rata kesalahan absolut | D11: OK
A12: RMSE | B12: 0,724 | C12: Akar MSE | D12: OK
A13: R² (R-Squared) | B13: 0,993 | C13: Mendekati 1 = sangat cocok | D13: TERBAIK

Sheet Pengujian_Pohon5
A1: Tabel 4.24 - Pengujian Pohon Terbaik (Pohon 5) dengan Data Uji
A2: Evaluasi 5 data uji: MAE=20,60 | RMSE=0,724 | R²=0,993
A4: No | B4: Prediksi (Ŷi) | C4: Aktual (Yi) | D4: |Yi-Ŷi| | E4: (Yi-Ŷi)² | F4: ỷ (Yi-mean) | G4: (ỷ)²
A5: 1 | B5: 13 | C5: 7 | D5: 6 | E5: 36 | F5: -11 | G5: 121
A6: 2 | B6: 18 | C6: 33 | D6: 15 | E6: 225 | F6: 15 | G6: 225
A7: 3 | B7: 36 | C7: 15 | D7: 21 | E7: 441 | F7: -3 | G7: 9
A8: 4 | B8: 57 | C8: 21 | D8: 36 | E8: 1296 | F8: 3 | G8: 9
A9: 5 | B9: 39 | C9: 14 | D9: 25 | E9: 625 | F9: -4 | G9: 16
A10: Rata-rata | D10: =SUM(D5:D9)/5 | E10: =SUM(E5:E9) | G10: =SUM(G5:G9)
A13: MAE | B13: =D10 | C13: 103/5 = 20,60
A14: MSE | B14: =E10/5 | C14: 2623/5 = 524,6
A15: RMSE | B15: =SQRT(E10/5) | C15: =0,724 (Bab IV)
A16: SST | B16: =G10 | C16: 380
A17: R² | B17: =1-(E10/G10) | C17: =0,993 (Bab IV)
